[22:59:28] [main/INFO]: ModLauncher running: args [--username, quon7, --version, create new, --gameDir, C:\Users\Mike\AppData\Roaming\.minecraft\versions\create new, --assetsDir, C:\Users\Mike\AppData\Roaming\.minecraft\assets, --assetIndex, 17, --uuid, c75ee2a7-ed4d-11f0-8ede-9c6b00470e68, --accessToken, ❄❄❄❄❄❄❄❄, --clientId, null, --xuid, null, --userType, mojang, --versionType, modified, --width, 925, --height, 530, --fml.neoForgeVersion, 21.1.248, --fml.fmlVersion, 4.0.43, --fml.mcVersion, 1.21.1, --fml.neoFormVersion, 20240808.144430, --launchTarget, forgeclient]
[22:59:28] [main/INFO]: JVM identified as Microsoft OpenJDK 64-Bit Server VM 21.0.7+6-LTS
[22:59:28] [main/INFO]: ModLauncher 11.0.5+main.901c6ea8 starting: java version 21.0.7 by Microsoft; OS Windows 10 arch amd64 version 10.0
[22:59:34] [main/INFO]: Searching for graphics cards...
[22:59:34] [main/INFO]: Found graphics adapter: AdapterInfo{vendor=NVIDIA, description='NVIDIA GeForce GTX 1660 SUPER', adapterType=0x0000031B, openglIcdFilePath='C:\WINDOWS\System32\DriverStore\FileRepository\nv_dispi.inf_amd64_6f3cfb7117944855\nvoglv64.dll', openglIcdVersion=32.0.16.1062}
[22:59:34] [main/WARN]: Sodium has applied one or more workarounds to prevent crashes or other issues on your system: [NVIDIA_THREADED_OPTIMIZATIONS_BROKEN]
[22:59:34] [main/WARN]: This is not necessarily an issue, but it may result in certain features or optimizations being disabled. You can sometimes fix these issues by upgrading your graphics driver.
[22:59:34] [main/INFO]: Modifying process environment to apply workarounds for the NVIDIA graphics driver...
[22:59:34] [main/INFO]: Loading ImmediateWindowProvider fmlearlywindow
[22:59:34] [main/INFO]: Trying GL version 4.6
[22:59:34] [main/INFO]: Requested GL version 4.6 got version 4.6
[22:59:34] [main/WARN]: Stream injection failed; legacy loggers may retain blocking behavior.
[22:59:34] [main/INFO]: Launching CrashAssistantApp (CrashAssistant-neoforge-1.20.6-1.21.4-1.11.11.jar)
[22:59:34] [pool-2-thread-1/INFO]: GL info: NVIDIA GeForce GTX 1660 SUPER/PCIe/SSE2 GL version 4.6.0 NVIDIA 610.62, NVIDIA Corporation
[22:59:35] [main/INFO]: Parsed 247 mod(s) metadata in 172 ms
[22:59:35] [main/INFO]: SpongePowered MIXIN Subsystem Version=0.8.7 Source=union:/C:/Users/Mike/AppData/Roaming/.minecraft/libraries/net/fabricmc/sponge-mixin/0.15.2+mixin.0.8.7/sponge-mixin-0.15.2+mixin.0.8.7.jar%23121!/ Service=ModLauncher Env=CLIENT
[22:59:36] [main/INFO]: Found mod file "client-1.21.1-20240808.144430-srg.jar" [locator: production client provider +net.neoforged:neoforge:21.1.248:client]
[22:59:36] [main/INFO]: Found mod file "neoforge-21.1.248-universal.jar" [locator: PathBasedLocator[name=neoforge, paths=[C:\Users\Mike\AppData\Roaming\.minecraft\libraries\net\neoforged\neoforge\21.1.248\neoforge-21.1.248-universal.jar]], reader: mod manifest]
[22:59:36] [main/INFO]: Found mod file "net.caffeinemc.sodium-neoforge-0.8.12+mc1.21.1-mod.jar" [locator: net.caffeinemc.mods.sodium.service.SodiumServiceModLocator@698fee9a, reader: mod manifest]
[22:59:36] [main/INFO]: Found mod file "fabric-rendering-data-attachment-v1-0.3.48+73761d2e19.jar" [locator: net.caffeinemc.mods.sodium.service.SodiumServiceModLocator@698fee9a, reader: mod manifest]
[22:59:36] [main/INFO]: Found mod file "fabric-renderer-api-v1-3.4.1+9125b6dc19.jar" [locator: net.caffeinemc.mods.sodium.service.SodiumServiceModLocator@698fee9a, reader: mod manifest]
[22:59:36] [main/INFO]: Found mod file "fabric-block-view-api-v2-1.0.10+9afaaf8c19.jar" [locator: net.caffeinemc.mods.sodium.service.SodiumServiceModLocator@698fee9a, reader: mod manifest]
[22:59:36] [main/INFO]: Found mod file "fabric-api-base-0.4.42+d1308ded19.jar" [locator: net.caffeinemc.mods.sodium.service.SodiumServiceModLocator@698fee9a, reader: mod manifest]
[22:59:36] [main/INFO]: Found library file "~nonexistent" [locator: org.sinytra.connector.locator.ConnectorEarlyLocatorBootstrap@6573d2f7]
[22:59:36] [main/INFO]: Found mod file "aeroclaims-0.9.3.jar" [locator: {mods folder locator at C:\Users\Mike\AppData\Roaming\.minecraft\versions\create new\mods}, reader: mod manifest]
[22:59:36] [main/INFO]: Found mod file "aeroworks-1.4.1.jar" [locator: {mods folder locator at C:\Users\Mike\AppData\Roaming\.minecraft\versions\create new\mods}, reader: mod manifest]
[22:59:36] [main/INFO]: Found mod file "alltheleaks-1.1.11%2B1.21.1-neoforge.jar" [locator: {mods folder locator at C:\Users\Mike\AppData\Roaming\.minecraft\versions\create new\mods}, reader: mod manifest]
[22:59:36] [main/INFO]: Found mod file "alternate_current-mc1.21-1.9.0.jar" [locator: {mods folder locator at C:\Users\Mike\AppData\Roaming\.minecraft\versions\create new\mods}, reader: mod manifest]
[22:59:36] [main/INFO]: Found mod file "amendments-neoforge-1.21-2.1.7.jar" [locator: {mods folder locator at C:\Users\Mike\AppData\Roaming\.minecraft\versions\create new\mods}, reader: mod manifest]
[22:59:36] [main/INFO]: Found mod file "Aoc_Core_1.21_v2.jar" [locator: {mods folder locator at C:\Users\Mike\AppData\Roaming\.minecraft\versions\create new\mods}, reader: mod manifest]
[22:59:36] [main/INFO]: Found mod file "appleskin-neoforge-mc1.21-3.0.9.jar" [locator: {mods folder locator at C:\Users\Mike\AppData\Roaming\.minecraft\versions\create new\mods}, reader: mod manifest]
[22:59:36] [main/INFO]: Found mod file "architectury-13.0.11-neoforge.jar" [locator: {mods folder locator at C:\Users\Mike\AppData\Roaming\.minecraft\versions\create new\mods}, reader: mod manifest]
[22:59:36] [main/INFO]: Found mod file "ars_nouveau-1.21.1-5.13.0.jar" [locator: {mods folder locator at C:\Users\Mike\AppData\Roaming\.minecraft\versions\create new\mods}, reader: mod manifest]
[22:59:36] [main/INFO]: Found mod file "backpacked-neoforge-1.21.1-3.0.5.jar" [locator: {mods folder locator at C:\Users\Mike\AppData\Roaming\.minecraft\versions\create new\mods}, reader: mod manifest]
[22:59:36] [main/INFO]: Found mod file "balm-neoforge-1.21.1-21.0.64.jar" [locator: {mods folder locator at C:\Users\Mike\AppData\Roaming\.minecraft\versions\create new\mods}, reader: mod manifest]
[22:59:36] [main/INFO]: Found mod file "bellsandwhistles-0.4.7-1.21.1.jar" [locator: {mods folder locator at C:\Users\Mike\AppData\Roaming\.minecraft\versions\create new\mods}, reader: mod manifest]
[22:59:36] [main/INFO]: Found mod file "better-compatability-checker-neoforge-21.1.8.jar" [locator: {mods folder locator at C:\Users\Mike\AppData\Roaming\.minecraft\versions\create new\mods}, reader: mod manifest]
[22:59:36] [main/INFO]: Found mod file "BHMenu-NeoForge-1.21-2.4.4.jar" [locator: {mods folder locator at C:\Users\Mike\AppData\Roaming\.minecraft\versions\create new\mods}, reader: mod manifest]
[22:59:36] [main/INFO]: Found mod file "biomemusic-1.21.1-4.1.jar" [locator: {mods folder locator at C:\Users\Mike\AppData\Roaming\.minecraft\versions\create new\mods}, reader: mod manifest]
[22:59:36] [main/INFO]: Found mod file "bits_n_bobs-0.0.44.jar" [locator: {mods folder locator at C:\Users\Mike\AppData\Roaming\.minecraft\versions\create new\mods}, reader: mod manifest]
[22:59:36] [main/INFO]: Found mod file "blueprint-1.21.1-8.1.1.jar" [locator: {mods folder locator at C:\Users\Mike\AppData\Roaming\.minecraft\versions\create new\mods}, reader: mod manifest]
[22:59:36] [main/INFO]: Found mod file "boatiview-neoforge-0.0.6-1.21.1.jar" [locator: {mods folder locator at C:\Users\Mike\AppData\Roaming\.minecraft\versions\create new\mods}, reader: mod manifest]
[22:59:36] [main/INFO]: Found mod file "boatload-1.21.1-6.0.2.jar" [locator: {mods folder locator at C:\Users\Mike\AppData\Roaming\.minecraft\versions\create new\mods}, reader: mod manifest]
[22:59:36] [main/INFO]: Found mod file "bookshelf-neoforge-1.21.1-21.1.81.jar" [locator: {mods folder locator at C:\Users\Mike\AppData\Roaming\.minecraft\versions\create new\mods}, reader: mod manifest]
[22:59:36] [main/INFO]: Found mod file "bwncr-neoforge-1.21.1-3.20.4.jar" [locator: {mods folder locator at C:\Users\Mike\AppData\Roaming\.minecraft\versions\create new\mods}, reader: mod manifest]
[22:59:36] [main/INFO]: Found mod file "caelus-neoforge-7.0.1+1.21.1.jar" [locator: {mods folder locator at C:\Users\Mike\AppData\Roaming\.minecraft\versions\create new\mods}, reader: mod manifest]
[22:59:36] [main/INFO]: Found mod file "cbc_at_Neoforge_1.21.1_0.1.4c.jar" [locator: {mods folder locator at C:\Users\Mike\AppData\Roaming\.minecraft\versions\create new\mods}, reader: mod manifest]
[22:59:36] [main/INFO]: Found mod file "cc-tweaked-1.21.1-forge-1.116.2.jar" [locator: {mods folder locator at C:\Users\Mike\AppData\Roaming\.minecraft\versions\create new\mods}, reader: mod manifest]
[22:59:36] [main/INFO]: Found mod file "cccbridge-mc1.21.1-v1.7.2-neoforge.jar" [locator: {mods folder locator at C:\Users\Mike\AppData\Roaming\.minecraft\versions\create new\mods}, reader: mod manifest]
[22:59:36] [main/INFO]: Found mod file "chat_heads-0.15.5-neoforge-1.21.jar" [locator: {mods folder locator at C:\Users\Mike\AppData\Roaming\.minecraft\versions\create new\mods}, reader: mod manifest]
[22:59:36] [main/INFO]: Found mod file "cherishedworlds-neoforge-10.1.1+1.21.1.jar" [locator: {mods folder locator at C:\Users\Mike\AppData\Roaming\.minecraft\versions\create new\mods}, reader: mod manifest]
[22:59:36] [main/INFO]: Found mod file "chunkactivitytracker-neoforge-1.0.1-1.21.1.jar" [locator: {mods folder locator at C:\Users\Mike\AppData\Roaming\.minecraft\versions\create new\mods}, reader: mod manifest]
[22:59:36] [main/INFO]: Found mod file "chunksending-1.21-3.7.jar" [locator: {mods folder locator at C:\Users\Mike\AppData\Roaming\.minecraft\versions\create new\mods}, reader: mod manifest]
[22:59:36] [main/INFO]: Found mod file "cinaps_decor-1.0.0-neoforge-1.21.1.jar" [locator: {mods folder locator at C:\Users\Mike\AppData\Roaming\.minecraft\versions\create new\mods}, reader: mod manifest]
[22:59:36] [main/INFO]: Found mod file "clientcrafting-1.21-2.1.jar" [locator: {mods folder locator at C:\Users\Mike\AppData\Roaming\.minecraft\versions\create new\mods}, reader: mod manifest]
[22:59:36] [main/INFO]: Found mod file "climbable_ropes-2.1.1.jar" [locator: {mods folder locator at C:\Users\Mike\AppData\Roaming\.minecraft\versions\create new\mods}, reader: mod manifest]
[22:59:36] [main/INFO]: Found mod file "cloth-config-15.0.140-neoforge.jar" [locator: {mods folder locator at C:\Users\Mike\AppData\Roaming\.minecraft\versions\create new\mods}, reader: mod manifest]
[22:59:36] [main/INFO]: Found mod file "Clumps-neoforge-1.21.1-19.0.0.1.jar" [locator: {mods folder locator at C:\Users\Mike\AppData\Roaming\.minecraft\versions\create new\mods}, reader: mod manifest]
[22:59:36] [main/INFO]: Found mod file "cmpackagecouriers-neoforge-2.3.0.jar" [locator: {mods folder locator at C:\Users\Mike\AppData\Roaming\.minecraft\versions\create new\mods}, reader: mod manifest]
[22:59:36] [main/INFO]: Found mod file "collective-1.21.1-8.39.jar" [locator: {mods folder locator at C:\Users\Mike\AppData\Roaming\.minecraft\versions\create new\mods}, reader: mod manifest]
[22:59:36] [main/INFO]: Found mod file "colorwheel-neoforge-1.2.9%2Bmc1.21.1.jar" [locator: {mods folder locator at C:\Users\Mike\AppData\Roaming\.minecraft\versions\create new\mods}, reader: mod manifest]
[22:59:36] [main/INFO]: Found mod file "colorwheel_patcher-neoforge-1.0.5%2Bmc1.21.1.jar" [locator: {mods folder locator at C:\Users\Mike\AppData\Roaming\.minecraft\versions\create new\mods}, reader: mod manifest]
[22:59:36] [main/INFO]: Found mod file "compactgearbox-1.0.2.jar" [locator: {mods folder locator at C:\Users\Mike\AppData\Roaming\.minecraft\versions\create new\mods}, reader: mod manifest]
[22:59:36] [main/INFO]: Found mod file "configurable-3.5.2%2B1.21.1-neoforge.jar" [locator: {mods folder locator at C:\Users\Mike\AppData\Roaming\.minecraft\versions\create new\mods}, reader: mod manifest]
[22:59:36] [main/INFO]: Found library file "ConfiguredDefaults-v21.1.3-1.21.1-NeoForge.jar" [locator: {mods folder locator at C:\Users\Mike\AppData\Roaming\.minecraft\versions\create new\mods}, reader: mod manifest]
[22:59:36] [main/INFO]: Found mod file "connectivity-1.21.1-7.6.jar" [locator: {mods folder locator at C:\Users\Mike\AppData\Roaming\.minecraft\versions\create new\mods}, reader: mod manifest]
[22:59:36] [main/WARN]: Skipping jar. File mods\connector-2.0.0-beta.2+1.21.1-full.jar is not a valid mod file
[22:59:36] [main/INFO]: Found mod file "continuity-3.0.0+1.21.neoforge.jar" [locator: {mods folder locator at C:\Users\Mike\AppData\Roaming\.minecraft\versions\create new\mods}, reader: mod manifest]
[22:59:36] [main/INFO]: Found mod file "Controlling-neoforge-1.21.1-19.0.5.jar" [locator: {mods folder locator at C:\Users\Mike\AppData\Roaming\.minecraft\versions\create new\mods}, reader: mod manifest]
[22:59:36] [main/INFO]: Found mod file "coppersplashing_1.21.1_v1.jar" [locator: {mods folder locator at C:\Users\Mike\AppData\Roaming\.minecraft\versions\create new\mods}, reader: mod manifest]
[22:59:36] [main/INFO]: Found mod file "copycats-3.0.4%2Bmc.1.21.1-neoforge.jar" [locator: {mods folder locator at C:\Users\Mike\AppData\Roaming\.minecraft\versions\create new\mods}, reader: mod manifest]
[22:59:36] [main/INFO]: Found mod file "coroutil-neoforge-1.21.0-1.3.9.jar" [locator: {mods folder locator at C:\Users\Mike\AppData\Roaming\.minecraft\versions\create new\mods}, reader: mod manifest]
[22:59:36] [main/INFO]: Found mod file "corpse-neoforge-1.21.1-1.1.13.jar" [locator: {mods folder locator at C:\Users\Mike\AppData\Roaming\.minecraft\versions\create new\mods}, reader: mod manifest]
[22:59:36] [main/INFO]: Found mod file "CraterLib-Neoforge-1.21-3.1.2.jar" [locator: {mods folder locator at C:\Users\Mike\AppData\Roaming\.minecraft\versions\create new\mods}, reader: mod manifest]
[22:59:36] [main/INFO]: Found mod file "Create%20Encased-1.21.1-1.9.0-ht3.jar" [locator: {mods folder locator at C:\Users\Mike\AppData\Roaming\.minecraft\versions\create new\mods}, reader: mod manifest]
[22:59:36] [main/INFO]: Found mod file "create-1.21.1-6.0.10.jar" [locator: {mods folder locator at C:\Users\Mike\AppData\Roaming\.minecraft\versions\create new\mods}, reader: mod manifest]
[22:59:36] [main/INFO]: Found mod file "create-aeronautics-bundled-1.21.1-1.3.0.jar" [locator: {mods folder locator at C:\Users\Mike\AppData\Roaming\.minecraft\versions\create new\mods}, reader: mod manifest]
[22:59:36] [main/INFO]: Found mod file "create-central-kitchen-2.6.0.jar" [locator: {mods folder locator at C:\Users\Mike\AppData\Roaming\.minecraft\versions\create new\mods}, reader: mod manifest]
[22:59:36] [main/INFO]: Found mod file "create-confectionery1.21.1_v1.1.3b.jar" [locator: {mods folder locator at C:\Users\Mike\AppData\Roaming\.minecraft\versions\create new\mods}, reader: mod manifest]
[22:59:36] [main/INFO]: Found mod file "create-enchantment-industry-2.4.2.jar" [locator: {mods folder locator at C:\Users\Mike\AppData\Roaming\.minecraft\versions\create new\mods}, reader: mod manifest]
[22:59:36] [main/INFO]: Found mod file "create-integrated-farming-1.2.6.jar" [locator: {mods folder locator at C:\Users\Mike\AppData\Roaming\.minecraft\versions\create new\mods}, reader: mod manifest]
[22:59:36] [main/INFO]: Found mod file "create-new-age-1.2.0+neoforge-mc1.21.1.jar" [locator: {mods folder locator at C:\Users\Mike\AppData\Roaming\.minecraft\versions\create new\mods}, reader: mod manifest]
[22:59:36] [main/INFO]: Found mod file "create-stockmarket-1.1.0%2Bmc1.21.1.jar" [locator: {mods folder locator at C:\Users\Mike\AppData\Roaming\.minecraft\versions\create new\mods}, reader: mod manifest]
[22:59:36] [main/INFO]: Found mod file "create-stuff-additions1.21.1_v2.1.4a.jar" [locator: {mods folder locator at C:\Users\Mike\AppData\Roaming\.minecraft\versions\create new\mods}, reader: mod manifest]
[22:59:36] [main/INFO]: Found mod file "create_aeronautics_throwable_rope_connector-0.4.1.jar" [locator: {mods folder locator at C:\Users\Mike\AppData\Roaming\.minecraft\versions\create new\mods}, reader: mod manifest]
[22:59:36] [main/INFO]: Found mod file "create_aeronautics_transmission_linkage-0.2.7.jar" [locator: {mods folder locator at C:\Users\Mike\AppData\Roaming\.minecraft\versions\create new\mods}, reader: mod manifest]
[22:59:36] [main/INFO]: Found mod file "create_aquatic_ambitions-1.21.1-2.0.4.jar" [locator: {mods folder locator at C:\Users\Mike\AppData\Roaming\.minecraft\versions\create new\mods}, reader: mod manifest]
[22:59:36] [main/INFO]: Found mod file "create_bb-1.0.7-1.21.1-Neoforge.jar" [locator: {mods folder locator at C:\Users\Mike\AppData\Roaming\.minecraft\versions\create new\mods}, reader: mod manifest]
[22:59:36] [main/INFO]: Found mod file "create_blaze_burner_fuels-1.0.2-neoforge-1.21.1.jar" [locator: {mods folder locator at C:\Users\Mike\AppData\Roaming\.minecraft\versions\create new\mods}, reader: mod manifest]
[22:59:36] [main/INFO]: Found mod file "create_chocolate_fountain-1.21.1-1.1.0.jar" [locator: {mods folder locator at C:\Users\Mike\AppData\Roaming\.minecraft\versions\create new\mods}, reader: mod manifest]
[22:59:36] [main/INFO]: Found mod file "create_connected-1.3.2-mc1.21.1.jar" [locator: {mods folder locator at C:\Users\Mike\AppData\Roaming\.minecraft\versions\create new\mods}, reader: mod manifest]
[22:59:36] [main/INFO]: Found mod file "create_deep_dark-3.0.2-neoforge-1.21.1.jar" [locator: {mods folder locator at C:\Users\Mike\AppData\Roaming\.minecraft\versions\create new\mods}, reader: mod manifest]
[22:59:36] [main/INFO]: Found mod file "create_factory-0.7a-1.21.1.jar" [locator: {mods folder locator at C:\Users\Mike\AppData\Roaming\.minecraft\versions\create new\mods}, reader: mod manifest]
[22:59:36] [main/INFO]: Found mod file "create_fantasizing-1.21.1-1.2.0-b3.jar" [locator: {mods folder locator at C:\Users\Mike\AppData\Roaming\.minecraft\versions\create new\mods}, reader: mod manifest]
[22:59:36] [main/INFO]: Found mod file "create_generators-1.2.5-neoforge-1.21.1.jar" [locator: {mods folder locator at C:\Users\Mike\AppData\Roaming\.minecraft\versions\create new\mods}, reader: mod manifest]
[22:59:36] [main/INFO]: Found mod file "create_hypertube-0.6.0-NEOFORGE.jar" [locator: {mods folder locator at C:\Users\Mike\AppData\Roaming\.minecraft\versions\create new\mods}, reader: mod manifest]
[22:59:36] [main/INFO]: Found mod file "create_jetpack-forge-5.2.1.jar" [locator: {mods folder locator at C:\Users\Mike\AppData\Roaming\.minecraft\versions\create new\mods}, reader: mod manifest]
[22:59:36] [main/INFO]: Found mod file "create_jetpack_curios-1.2.0-neoforge-1.21.1.jar" [locator: {mods folder locator at C:\Users\Mike\AppData\Roaming\.minecraft\versions\create new\mods}, reader: mod manifest]
[22:59:36] [main/INFO]: Found mod file "create_mob_spawners-1.1.0.jar" [locator: {mods folder locator at C:\Users\Mike\AppData\Roaming\.minecraft\versions\create new\mods}, reader: mod manifest]
[22:59:36] [main/INFO]: Found mod file "create_mobile_packages-1.21.1-0.7.7.jar" [locator: {mods folder locator at C:\Users\Mike\AppData\Roaming\.minecraft\versions\create new\mods}, reader: mod manifest]
[22:59:36] [main/INFO]: Found mod file "create_optical-0.4.2.jar" [locator: {mods folder locator at C:\Users\Mike\AppData\Roaming\.minecraft\versions\create new\mods}, reader: mod manifest]
[22:59:36] [main/INFO]: Found mod file "create_pattern_schematics-2.0.10.jar" [locator: {mods folder locator at C:\Users\Mike\AppData\Roaming\.minecraft\versions\create new\mods}, reader: mod manifest]
[22:59:36] [main/INFO]: Found mod file "create_radar-0.4.9.4-1.21.1.jar" [locator: {mods folder locator at C:\Users\Mike\AppData\Roaming\.minecraft\versions\create new\mods}, reader: mod manifest]
[22:59:36] [main/INFO]: Found mod file "create_submarine-2.2.4.jar" [locator: {mods folder locator at C:\Users\Mike\AppData\Roaming\.minecraft\versions\create new\mods}, reader: mod manifest]
[22:59:36] [main/INFO]: Found mod file "create_things_and_misc-4.1.1-neoforge-1.21.1.jar" [locator: {mods folder locator at C:\Users\Mike\AppData\Roaming\.minecraft\versions\create new\mods}, reader: mod manifest]
[22:59:36] [main/INFO]: Found mod file "create_train_parts-0.5.2-1.21.1-6.0.10-281.jar" [locator: {mods folder locator at C:\Users\Mike\AppData\Roaming\.minecraft\versions\create new\mods}, reader: mod manifest]
[22:59:36] [main/INFO]: Found mod file "create_trimmed.jar" [locator: {mods folder locator at C:\Users\Mike\AppData\Roaming\.minecraft\versions\create new\mods}, reader: mod manifest]
[22:59:36] [main/INFO]: Found mod file "create_tweaked_controllers-1.21.1-1.2.7.jar" [locator: {mods folder locator at C:\Users\Mike\AppData\Roaming\.minecraft\versions\create new\mods}, reader: mod manifest]
[22:59:36] [main/INFO]: Found mod file "create_vibrant_vaults-0.3.2.jar" [locator: {mods folder locator at C:\Users\Mike\AppData\Roaming\.minecraft\versions\create new\mods}, reader: mod manifest]
[22:59:36] [main/INFO]: Found mod file "create_winery-2.0.2-neoforge-1.21.1.jar" [locator: {mods folder locator at C:\Users\Mike\AppData\Roaming\.minecraft\versions\create new\mods}, reader: mod manifest]
[22:59:36] [main/INFO]: Found mod file "create_wrapped-1.0.3-neoforge-1.21.1.jar" [locator: {mods folder locator at C:\Users\Mike\AppData\Roaming\.minecraft\versions\create new\mods}, reader: mod manifest]
[22:59:36] [main/INFO]: Found mod file "createaddition-1.6.0.jar" [locator: {mods folder locator at C:\Users\Mike\AppData\Roaming\.minecraft\versions\create new\mods}, reader: mod manifest]
[22:59:36] [main/INFO]: Found mod file "createaeronauticscurios-neoforge-1.21.1-2.2.jar" [locator: {mods folder locator at C:\Users\Mike\AppData\Roaming\.minecraft\versions\create new\mods}, reader: mod manifest]
[22:59:36] [main/INFO]: Found mod file "createbetterfps-1.21.1-1.1.4.jar" [locator: {mods folder locator at C:\Users\Mike\AppData\Roaming\.minecraft\versions\create new\mods}, reader: mod manifest]
[22:59:36] [main/INFO]: Found mod file "createbigcannons-5.11.7+mc.1.21.1.jar" [locator: {mods folder locator at C:\Users\Mike\AppData\Roaming\.minecraft\versions\create new\mods}, reader: mod manifest]
[22:59:36] [main/INFO]: Found mod file "createcafe-1.4.3.jar" [locator: {mods folder locator at C:\Users\Mike\AppData\Roaming\.minecraft\versions\create new\mods}, reader: mod manifest]
[22:59:36] [main/INFO]: Found mod file "createdieselgenerators-1.21.1-1.3.15.jar" [locator: {mods folder locator at C:\Users\Mike\AppData\Roaming\.minecraft\versions\create new\mods}, reader: mod manifest]
[22:59:36] [main/INFO]: Found mod file "CreateDragonsPlus-1.11.4.jar" [locator: {mods folder locator at C:\Users\Mike\AppData\Roaming\.minecraft\versions\create new\mods}, reader: mod manifest]
[22:59:36] [main/INFO]: Found mod file "CreateFastSchematicCannon-1.4.1-neoforge-1.21.1.jar" [locator: {mods folder locator at C:\Users\Mike\AppData\Roaming\.minecraft\versions\create new\mods}, reader: mod manifest]
[22:59:36] [main/INFO]: Found mod file "createfood-neoforge-1.21.1-2.7.1.jar" [locator: {mods folder locator at C:\Users\Mike\AppData\Roaming\.minecraft\versions\create new\mods}, reader: mod manifest]
[22:59:36] [main/INFO]: Found mod file "createframed-1.21.1-1.8.2.jar" [locator: {mods folder locator at C:\Users\Mike\AppData\Roaming\.minecraft\versions\create new\mods}, reader: mod manifest]
[22:59:36] [main/INFO]: Found mod file "creategarnished-0.1.7.4%2B1.21.1-neoforged.jar" [locator: {mods folder locator at C:\Users\Mike\AppData\Roaming\.minecraft\versions\create new\mods}, reader: mod manifest]
[22:59:36] [main/INFO]: Found mod file "creategoggles-1.21.1-6.1.1-[NEOFORGE].jar" [locator: {mods folder locator at C:\Users\Mike\AppData\Roaming\.minecraft\versions\create new\mods}, reader: mod manifest]
[22:59:36] [main/INFO]: Found mod file "createmechanicalconfection-0.3.0.jar" [locator: {mods folder locator at C:\Users\Mike\AppData\Roaming\.minecraft\versions\create new\mods}, reader: mod manifest]
[22:59:36] [main/INFO]: Found mod file "createmetalwork-2.0.0.jar" [locator: {mods folder locator at C:\Users\Mike\AppData\Roaming\.minecraft\versions\create new\mods}, reader: mod manifest]
[22:59:36] [main/INFO]: Found mod file "createnuclear-1.3.2-beta.3-neoforge.jar" [locator: {mods folder locator at C:\Users\Mike\AppData\Roaming\.minecraft\versions\create new\mods}, reader: mod manifest]
[22:59:36] [main/INFO]: Found mod file "createoreexcavation-1.21-1.6.8.jar" [locator: {mods folder locator at C:\Users\Mike\AppData\Roaming\.minecraft\versions\create new\mods}, reader: mod manifest]
[22:59:36] [main/INFO]: Found mod file "createornithopterglider-1.2.0-1.21.1.jar" [locator: {mods folder locator at C:\Users\Mike\AppData\Roaming\.minecraft\versions\create new\mods}, reader: mod manifest]
[22:59:36] [main/INFO]: Found mod file "createprism-1.2.2.jar" [locator: {mods folder locator at C:\Users\Mike\AppData\Roaming\.minecraft\versions\create new\mods}, reader: mod manifest]
[22:59:36] [main/INFO]: Found mod file "createpropulsion-1.1.5.jar" [locator: {mods folder locator at C:\Users\Mike\AppData\Roaming\.minecraft\versions\create new\mods}, reader: mod manifest]
[22:59:36] [main/INFO]: Found mod file "createrailwaysnavigator-neoforge-1.21.1-beta-0.9.1-C6.jar" [locator: {mods folder locator at C:\Users\Mike\AppData\Roaming\.minecraft\versions\create new\mods}, reader: mod manifest]
[22:59:36] [main/INFO]: Found mod file "createschematicchecker-2.27.42-6.0-neoforge-1.21.1.jar" [locator: {mods folder locator at C:\Users\Mike\AppData\Roaming\.minecraft\versions\create new\mods}, reader: mod manifest]
[22:59:36] [main/INFO]: Found mod file "createthrusters-bundled-V1.1.3.jar" [locator: {mods folder locator at C:\Users\Mike\AppData\Roaming\.minecraft\versions\create new\mods}, reader: mod manifest]
[22:59:36] [main/INFO]: Found mod file "createtransmission-1.2.1%2Bneoforge-create6-1.21.1.jar" [locator: {mods folder locator at C:\Users\Mike\AppData\Roaming\.minecraft\versions\create new\mods}, reader: mod manifest]
[22:59:36] [main/INFO]: Found mod file "cupboard-1.21.1-3.9.jar" [locator: {mods folder locator at C:\Users\Mike\AppData\Roaming\.minecraft\versions\create new\mods}, reader: mod manifest]
[22:59:36] [main/INFO]: Found mod file "curios-neoforge-9.5.1+1.21.1.jar" [locator: {mods folder locator at C:\Users\Mike\AppData\Roaming\.minecraft\versions\create new\mods}, reader: mod manifest]
[22:59:36] [main/INFO]: Found mod file "CutThrough-v21.1.0-1.21.1-NeoForge.jar" [locator: {mods folder locator at C:\Users\Mike\AppData\Roaming\.minecraft\versions\create new\mods}, reader: mod manifest]
[22:59:36] [main/INFO]: Found mod file "Design-n-Decor-1.21.1-2.2b.jar" [locator: {mods folder locator at C:\Users\Mike\AppData\Roaming\.minecraft\versions\create new\mods}, reader: mod manifest]
[22:59:36] [main/INFO]: Found mod file "despawntweaks-neoforge-1.0.0-1.21.1.jar" [locator: {mods folder locator at C:\Users\Mike\AppData\Roaming\.minecraft\versions\create new\mods}, reader: mod manifest]
[22:59:36] [main/INFO]: Found mod file "dimensional_for_respawn-1.2.6.1-neoforge-1.21.1.jar" [locator: {mods folder locator at C:\Users\Mike\AppData\Roaming\.minecraft\versions\create new\mods}, reader: mod manifest]
[22:59:36] [main/INFO]: Found mod file "DistantHorizons-3.1.2-b-1.21.1-fabric-neoforge.jar" [locator: {mods folder locator at C:\Users\Mike\AppData\Roaming\.minecraft\versions\create new\mods}, reader: mod manifest]
[22:59:36] [main/INFO]: Found mod file "DnDesires-1.21.1-2.3a-BETA.jar" [locator: {mods folder locator at C:\Users\Mike\AppData\Roaming\.minecraft\versions\create new\mods}, reader: mod manifest]
[22:59:36] [main/INFO]: Found mod file "does_it_tick-neoforge-1.1.4-1.21.1.jar" [locator: {mods folder locator at C:\Users\Mike\AppData\Roaming\.minecraft\versions\create new\mods}, reader: mod manifest]
[22:59:36] [main/INFO]: Found mod file "dragonlib-neoforge-1.21.1-beta-3.0.28.jar" [locator: {mods folder locator at C:\Users\Mike\AppData\Roaming\.minecraft\versions\create new\mods}, reader: mod manifest]
[22:59:36] [main/INFO]: Found mod file "drippyloadingscreen_neoforge_3.1.5_MC_1.21.1.jar" [locator: {mods folder locator at C:\Users\Mike\AppData\Roaming\.minecraft\versions\create new\mods}, reader: mod manifest]
[22:59:36] [main/INFO]: Found mod file "dynamicvillage-v0.5.1-1.21.1.jar" [locator: {mods folder locator at C:\Users\Mike\AppData\Roaming\.minecraft\versions\create new\mods}, reader: mod manifest]
[22:59:36] [main/INFO]: Found mod file "e4mc-neoforge-6.2.1.jar" [locator: {mods folder locator at C:\Users\Mike\AppData\Roaming\.minecraft\versions\create new\mods}, reader: mod manifest]
[22:59:36] [main/INFO]: Found mod file "EasyAnvils-v21.1.0-1.21.1-NeoForge.jar" [locator: {mods folder locator at C:\Users\Mike\AppData\Roaming\.minecraft\versions\create new\mods}, reader: mod manifest]
[22:59:36] [main/INFO]: Found mod file "EasyMagic-v21.1.4-1.21.1-NeoForge.jar" [locator: {mods folder locator at C:\Users\Mike\AppData\Roaming\.minecraft\versions\create new\mods}, reader: mod manifest]
[22:59:36] [main/INFO]: Found mod file "electroenergetics-1.21.1-1.1.1.jar" [locator: {mods folder locator at C:\Users\Mike\AppData\Roaming\.minecraft\versions\create new\mods}, reader: mod manifest]
[22:59:36] [main/INFO]: Found mod file "enchdesc-neoforge-1.21.1-21.1.10.jar" [locator: {mods folder locator at C:\Users\Mike\AppData\Roaming\.minecraft\versions\create new\mods}, reader: mod manifest]
[22:59:36] [main/INFO]: Found mod file "entity_model_features-3.2.4-1.21-neoforge.jar" [locator: {mods folder locator at C:\Users\Mike\AppData\Roaming\.minecraft\versions\create new\mods}, reader: mod manifest]
[22:59:36] [main/INFO]: Found mod file "entity_texture_features_1.21-neoforge-7.1.jar" [locator: {mods folder locator at C:\Users\Mike\AppData\Roaming\.minecraft\versions\create new\mods}, reader: mod manifest]
[22:59:36] [main/INFO]: Found mod file "EpheroLib-1.21.1-NEO-FORGE-1.2.0.jar" [locator: {mods folder locator at C:\Users\Mike\AppData\Roaming\.minecraft\versions\create new\mods}, reader: mod manifest]
[22:59:36] [main/INFO]: Found mod file "escalated-1.3.2+mc.1.21.1.jar" [locator: {mods folder locator at C:\Users\Mike\AppData\Roaming\.minecraft\versions\create new\mods}, reader: mod manifest]
[22:59:36] [main/INFO]: Found mod file "EuphoriaPatcher-1.9.3-r5.8.1-neoforge.jar" [locator: {mods folder locator at C:\Users\Mike\AppData\Roaming\.minecraft\versions\create new\mods}, reader: mod manifest]
[22:59:36] [main/INFO]: Found mod file "extra_create_recipes_1.21.1_v1.jar" [locator: {mods folder locator at C:\Users\Mike\AppData\Roaming\.minecraft\versions\create new\mods}, reader: mod manifest]
[22:59:36] [main/INFO]: Found mod file "fancymenu_neoforge_3.9.9_MC_1.21.1.jar" [locator: {mods folder locator at C:\Users\Mike\AppData\Roaming\.minecraft\versions\create new\mods}, reader: mod manifest]
[22:59:36] [main/INFO]: Found mod file "FarmersDelight-1.21.1-1.3.2.jar" [locator: {mods folder locator at C:\Users\Mike\AppData\Roaming\.minecraft\versions\create new\mods}, reader: mod manifest]
[22:59:36] [main/INFO]: Found mod file "ferritecore-7.0.3-neoforge.jar" [locator: {mods folder locator at C:\Users\Mike\AppData\Roaming\.minecraft\versions\create new\mods}, reader: mod manifest]
[22:59:36] [main/INFO]: Found mod file "forgified-fabric-api-0.116.15%2B2.3.1%2B1.21.1.jar" [locator: {mods folder locator at C:\Users\Mike\AppData\Roaming\.minecraft\versions\create new\mods}, reader: mod manifest]
[22:59:36] [main/INFO]: Found mod file "framework-neoforge-1.21.1-0.13.11.jar" [locator: {mods folder locator at C:\Users\Mike\AppData\Roaming\.minecraft\versions\create new\mods}, reader: mod manifest]
[22:59:36] [main/INFO]: Found mod file "ftb-filter-system-neoforge-21.1.4.jar" [locator: {mods folder locator at C:\Users\Mike\AppData\Roaming\.minecraft\versions\create new\mods}, reader: mod manifest]
[22:59:36] [main/INFO]: Found mod file "ftb-library-neoforge-2101.1.35.jar" [locator: {mods folder locator at C:\Users\Mike\AppData\Roaming\.minecraft\versions\create new\mods}, reader: mod manifest]
[22:59:36] [main/INFO]: Found mod file "ftb-quests-neoforge-2101.1.30.jar" [locator: {mods folder locator at C:\Users\Mike\AppData\Roaming\.minecraft\versions\create new\mods}, reader: mod manifest]
[22:59:36] [main/INFO]: Found mod file "ftb-teams-neoforge-2101.1.10.jar" [locator: {mods folder locator at C:\Users\Mike\AppData\Roaming\.minecraft\versions\create new\mods}, reader: mod manifest]
[22:59:36] [main/INFO]: Found mod file "ftb-ultimine-neoforge-2101.1.14.jar" [locator: {mods folder locator at C:\Users\Mike\AppData\Roaming\.minecraft\versions\create new\mods}, reader: mod manifest]
[22:59:36] [main/INFO]: Found mod file "ftb-xmod-compat-neoforge-21.1.10.jar" [locator: {mods folder locator at C:\Users\Mike\AppData\Roaming\.minecraft\versions\create new\mods}, reader: mod manifest]
[22:59:36] [main/INFO]: Found mod file "fusion-1.3.14a-neoforge-mc1.21.1.jar" [locator: {mods folder locator at C:\Users\Mike\AppData\Roaming\.minecraft\versions\create new\mods}, reader: mod manifest]
[22:59:36] [main/INFO]: Found mod file "gallery-1.21.1-2.0.1.jar" [locator: {mods folder locator at C:\Users\Mike\AppData\Roaming\.minecraft\versions\create new\mods}, reader: mod manifest]
[22:59:36] [main/INFO]: Found mod file "geckolib-neoforge-1.21.1-4.9.2.jar" [locator: {mods folder locator at C:\Users\Mike\AppData\Roaming\.minecraft\versions\create new\mods}, reader: mod manifest]
[22:59:36] [main/INFO]: Found mod file "GnKinetics-1.21.1-1.0m.jar" [locator: {mods folder locator at C:\Users\Mike\AppData\Roaming\.minecraft\versions\create new\mods}, reader: mod manifest]
[22:59:36] [main/INFO]: Found mod file "gpumemleakfix-1.21-1.8.jar" [locator: {mods folder locator at C:\Users\Mike\AppData\Roaming\.minecraft\versions\create new\mods}, reader: mod manifest]
[22:59:36] [main/INFO]: Found mod file "handcrafted-neoforge-1.21.1-4.0.3.jar" [locator: {mods folder locator at C:\Users\Mike\AppData\Roaming\.minecraft\versions\create new\mods}, reader: mod manifest]
[22:59:36] [main/INFO]: Found mod file "Highlighter-1.21-neoforge-1.1.11.jar" [locator: {mods folder locator at C:\Users\Mike\AppData\Roaming\.minecraft\versions\create new\mods}, reader: mod manifest]
[22:59:36] [main/INFO]: Found mod file "i_architecture-0.1.1b.jar" [locator: {mods folder locator at C:\Users\Mike\AppData\Roaming\.minecraft\versions\create new\mods}, reader: mod manifest]
[22:59:36] [main/INFO]: Found mod file "Iceberg-1.21.1-neoforge-1.3.2.jar" [locator: {mods folder locator at C:\Users\Mike\AppData\Roaming\.minecraft\versions\create new\mods}, reader: mod manifest]
[22:59:36] [main/INFO]: Found mod file "idas-1.13.7%2B1.21.1-neoforge.jar" [locator: {mods folder locator at C:\Users\Mike\AppData\Roaming\.minecraft\versions\create new\mods}, reader: mod manifest]
[22:59:36] [main/INFO]: Found mod file "ImmediatelyFast-NeoForge-1.6.11%2B1.21.1.jar" [locator: {mods folder locator at C:\Users\Mike\AppData\Roaming\.minecraft\versions\create new\mods}, reader: mod manifest]
[22:59:36] [main/INFO]: Found mod file "immersive_aircraft-1.4.6%2B1.21.1-neoforge.jar" [locator: {mods folder locator at C:\Users\Mike\AppData\Roaming\.minecraft\versions\create new\mods}, reader: mod manifest]
[22:59:36] [main/INFO]: Found mod file "integrated_api-1.7.4%2B1.21.1-neoforge.jar" [locator: {mods folder locator at C:\Users\Mike\AppData\Roaming\.minecraft\versions\create new\mods}, reader: mod manifest]
[22:59:36] [main/INFO]: Found mod file "integrated_stronghold-1.1.4%2B1.21.1-neoforge.jar" [locator: {mods folder locator at C:\Users\Mike\AppData\Roaming\.minecraft\versions\create new\mods}, reader: mod manifest]
[22:59:36] [main/INFO]: Found mod file "integrated_villages-1.3.3+1.21.1-neoforge.jar" [locator: {mods folder locator at C:\Users\Mike\AppData\Roaming\.minecraft\versions\create new\mods}, reader: mod manifest]
[22:59:36] [main/INFO]: Found mod file "interiors-1.21.1-neoforge-0.6.1.jar" [locator: {mods folder locator at C:\Users\Mike\AppData\Roaming\.minecraft\versions\create new\mods}, reader: mod manifest]
[22:59:36] [main/INFO]: Found mod file "iris-neoforge-1.8.14-beta.1%2Bmc1.21.1.jar" [locator: {mods folder locator at C:\Users\Mike\AppData\Roaming\.minecraft\versions\create new\mods}, reader: mod manifest]
[22:59:36] [main/INFO]: Found mod file "IrisSearch-1.6.0-neoforge.jar" [locator: {mods folder locator at C:\Users\Mike\AppData\Roaming\.minecraft\versions\create new\mods}, reader: mod manifest]
[22:59:36] [main/INFO]: Found mod file "Jade-1.21.1-NeoForge-15.10.6.jar" [locator: {mods folder locator at C:\Users\Mike\AppData\Roaming\.minecraft\versions\create new\mods}, reader: mod manifest]
[22:59:36] [main/INFO]: Found mod file "JadeAddons-1.21.1-NeoForge-6.1.0.jar" [locator: {mods folder locator at C:\Users\Mike\AppData\Roaming\.minecraft\versions\create new\mods}, reader: mod manifest]
[22:59:36] [main/INFO]: Found mod file "jei-1.21.1-neoforge-19.43.0.393.jar" [locator: {mods folder locator at C:\Users\Mike\AppData\Roaming\.minecraft\versions\create new\mods}, reader: mod manifest]
[22:59:36] [main/INFO]: Found mod file "justenoughbreeding-neoforge-1.21.1-3.2.1.jar" [locator: {mods folder locator at C:\Users\Mike\AppData\Roaming\.minecraft\versions\create new\mods}, reader: mod manifest]
[22:59:36] [main/INFO]: Found mod file "JustEnoughProfessions-neoforge-1.21.1-4.0.5.jar" [locator: {mods folder locator at C:\Users\Mike\AppData\Roaming\.minecraft\versions\create new\mods}, reader: mod manifest]
[22:59:36] [main/INFO]: Found mod file "JustEnoughResources-NeoForge-1.21.1-1.6.0.17.jar" [locator: {mods folder locator at C:\Users\Mike\AppData\Roaming\.minecraft\versions\create new\mods}, reader: mod manifest]
[22:59:36] [main/INFO]: Found mod file "konkrete_neoforge_1.9.9_MC_1.21.jar" [locator: {mods folder locator at C:\Users\Mike\AppData\Roaming\.minecraft\versions\create new\mods}, reader: mod manifest]
[22:59:36] [main/INFO]: Found library file "kotlinforforge-5.12.0-all.jar" [locator: {mods folder locator at C:\Users\Mike\AppData\Roaming\.minecraft\versions\create new\mods}, reader: mod manifest]
[22:59:36] [main/INFO]: Found mod file "leaky-1.21-2.4.jar" [locator: {mods folder locator at C:\Users\Mike\AppData\Roaming\.minecraft\versions\create new\mods}, reader: mod manifest]
[22:59:36] [main/INFO]: Found mod file "LeavesBeGone-v21.1.1-1.21.1-NeoForge.jar" [locator: {mods folder locator at C:\Users\Mike\AppData\Roaming\.minecraft\versions\create new\mods}, reader: mod manifest]
[22:59:36] [main/INFO]: Found mod file "lithium-neoforge-0.15.4%2Bmc1.21.1.jar" [locator: {mods folder locator at C:\Users\Mike\AppData\Roaming\.minecraft\versions\create new\mods}, reader: mod manifest]
[22:59:36] [main/INFO]: Found mod file "lithostitched-1.7.13-neoforge-21.1.jar" [locator: {mods folder locator at C:\Users\Mike\AppData\Roaming\.minecraft\versions\create new\mods}, reader: mod manifest]
[22:59:36] [main/INFO]: Found mod file "lmft-1.1.1+1.21.9-neoforge.jar" [locator: {mods folder locator at C:\Users\Mike\AppData\Roaming\.minecraft\versions\create new\mods}, reader: mod manifest]
[22:59:36] [main/INFO]: Found mod file "lootintegrations-1.21.1-4.7.jar" [locator: {mods folder locator at C:\Users\Mike\AppData\Roaming\.minecraft\versions\create new\mods}, reader: mod manifest]
[22:59:36] [main/INFO]: Found mod file "mechanical_botany-1.1.3%2B1.21.1-neoforged.jar" [locator: {mods folder locator at C:\Users\Mike\AppData\Roaming\.minecraft\versions\create new\mods}, reader: mod manifest]
[22:59:36] [main/INFO]: Found mod file "melody_neoforge_1.0.10_MC_1.21.jar" [locator: {mods folder locator at C:\Users\Mike\AppData\Roaming\.minecraft\versions\create new\mods}, reader: mod manifest]
[22:59:36] [main/INFO]: Found mod file "modernfix-neoforge-5.27.20%2Bmc1.21.1.jar" [locator: {mods folder locator at C:\Users\Mike\AppData\Roaming\.minecraft\versions\create new\mods}, reader: mod manifest]
[22:59:36] [main/INFO]: Found mod file "moonlight-1.21.1-3.3.3-neoforge.jar" [locator: {mods folder locator at C:\Users\Mike\AppData\Roaming\.minecraft\versions\create new\mods}, reader: mod manifest]
[22:59:36] [main/INFO]: Found mod file "MouseTweaks-neoforge-mc1.21-2.26.1.jar" [locator: {mods folder locator at C:\Users\Mike\AppData\Roaming\.minecraft\versions\create new\mods}, reader: mod manifest]
[22:59:36] [main/INFO]: Found mod file "neruina-3.3.3%2B1.21.1-neoforge.jar" [locator: {mods folder locator at C:\Users\Mike\AppData\Roaming\.minecraft\versions\create new\mods}, reader: mod manifest]
[22:59:36] [main/INFO]: Found mod file "netherportalfix-neoforge-1.21.1-21.1.1.jar" [locator: {mods folder locator at C:\Users\Mike\AppData\Roaming\.minecraft\versions\create new\mods}, reader: mod manifest]
[22:59:37] [main/INFO]: Found mod file "NoChatReports-NEOFORGE-1.21.1-v2.9.1.jar" [locator: {mods folder locator at C:\Users\Mike\AppData\Roaming\.minecraft\versions\create new\mods}, reader: mod manifest]
[22:59:37] [main/INFO]: Found mod file "notenoughanimations-neoforge-1.12.4-mc1.21.1.jar" [locator: {mods folder locator at C:\Users\Mike\AppData\Roaming\.minecraft\versions\create new\mods}, reader: mod manifest]
[22:59:37] [main/INFO]: Found mod file "open-parties-and-claims-neoforge-1.21.1-0.29.3.jar" [locator: {mods folder locator at C:\Users\Mike\AppData\Roaming\.minecraft\versions\create new\mods}, reader: mod manifest]
[22:59:37] [main/INFO]: Found mod file "packetfixer-3.3.1-1.20.5-1.21.X-merged.jar" [locator: {mods folder locator at C:\Users\Mike\AppData\Roaming\.minecraft\versions\create new\mods}, reader: mod manifest]
[22:59:37] [main/INFO]: Found mod file "Patchouli-1.21.1-93-NEOFORGE.jar" [locator: {mods folder locator at C:\Users\Mike\AppData\Roaming\.minecraft\versions\create new\mods}, reader: mod manifest]
[22:59:37] [main/INFO]: Found mod file "Paxi-1.21.1-NeoForge-5.1.3.jar" [locator: {mods folder locator at C:\Users\Mike\AppData\Roaming\.minecraft\versions\create new\mods}, reader: mod manifest]
[22:59:37] [main/INFO]: Found mod file "personality-1.21.1-5.0.2.jar" [locator: {mods folder locator at C:\Users\Mike\AppData\Roaming\.minecraft\versions\create new\mods}, reader: mod manifest]
[22:59:37] [main/INFO]: Found mod file "petrochem-neoforge-1.21.1-1.3.2.jar" [locator: {mods folder locator at C:\Users\Mike\AppData\Roaming\.minecraft\versions\create new\mods}, reader: mod manifest]
[22:59:37] [main/INFO]: Found mod file "PickUpNotifier-v21.1.1-1.21.1-NeoForge.jar" [locator: {mods folder locator at C:\Users\Mike\AppData\Roaming\.minecraft\versions\create new\mods}, reader: mod manifest]
[22:59:37] [main/INFO]: Found mod file "pipeorgans-0.8.2%2B1.21.1.jar" [locator: {mods folder locator at C:\Users\Mike\AppData\Roaming\.minecraft\versions\create new\mods}, reader: mod manifest]
[22:59:37] [CrashAssistantApp process logger/INFO]: CrashAssistantApp process successfully started.
[22:59:37] [main/INFO]: Found mod file "Placebo-1.21.1-9.9.2.jar" [locator: {mods folder locator at C:\Users\Mike\AppData\Roaming\.minecraft\versions\create new\mods}, reader: mod manifest]
[22:59:37] [main/INFO]: Found mod file "player-animation-lib-forge-2.0.4+1.21.1.jar" [locator: {mods folder locator at C:\Users\Mike\AppData\Roaming\.minecraft\versions\create new\mods}, reader: mod manifest]
[22:59:37] [main/INFO]: Found mod file "polymorph-neoforge-1.1.0+1.21.1.jar" [locator: {mods folder locator at C:\Users\Mike\AppData\Roaming\.minecraft\versions\create new\mods}, reader: mod manifest]
[22:59:37] [main/INFO]: Found mod file "potionsmear-1.0.0beta-neoforge-1.21.1.jar" [locator: {mods folder locator at C:\Users\Mike\AppData\Roaming\.minecraft\versions\create new\mods}, reader: mod manifest]
[22:59:37] [main/INFO]: Found mod file "powergrid-mc1.21.1-0.5.5.1.jar" [locator: {mods folder locator at C:\Users\Mike\AppData\Roaming\.minecraft\versions\create new\mods}, reader: mod manifest]
[22:59:37] [main/INFO]: Found mod file "prickle-neoforge-1.21.1-21.1.11.jar" [locator: {mods folder locator at C:\Users\Mike\AppData\Roaming\.minecraft\versions\create new\mods}, reader: mod manifest]
[22:59:37] [main/INFO]: Found mod file "PuzzlesLib-v21.1.52-1.21.1-NeoForge.jar" [locator: {mods folder locator at C:\Users\Mike\AppData\Roaming\.minecraft\versions\create new\mods}, reader: mod manifest]
[22:59:37] [main/INFO]: Found mod file "Quark-4.1-482.jar" [locator: {mods folder locator at C:\Users\Mike\AppData\Roaming\.minecraft\versions\create new\mods}, reader: mod manifest]
[22:59:37] [main/INFO]: Found mod file "recipeessentials-1.21.1-4.7.jar" [locator: {mods folder locator at C:\Users\Mike\AppData\Roaming\.minecraft\versions\create new\mods}, reader: mod manifest]
[22:59:37] [main/INFO]: Found mod file "redirected-neoforge-1.0.0-1.21.1.jar" [locator: {mods folder locator at C:\Users\Mike\AppData\Roaming\.minecraft\versions\create new\mods}, reader: mod manifest]
[22:59:37] [main/INFO]: Found mod file "reliable_recipes-neoforge-1.21.1-3.1.3.jar" [locator: {mods folder locator at C:\Users\Mike\AppData\Roaming\.minecraft\versions\create new\mods}, reader: mod manifest]
[22:59:37] [main/INFO]: Found mod file "reliable_remover-neoforge-1.21.1-2.11.3.jar" [locator: {mods folder locator at C:\Users\Mike\AppData\Roaming\.minecraft\versions\create new\mods}, reader: mod manifest]
[22:59:37] [main/INFO]: Found mod file "resourcefullib-neoforge-1.21-3.0.12.jar" [locator: {mods folder locator at C:\Users\Mike\AppData\Roaming\.minecraft\versions\create new\mods}, reader: mod manifest]
[22:59:37] [main/INFO]: Found mod file "ResourcePackOverrides-v21.1.0-1.21.1-NeoForge.jar" [locator: {mods folder locator at C:\Users\Mike\AppData\Roaming\.minecraft\versions\create new\mods}, reader: mod manifest]
[22:59:37] [main/INFO]: Found mod file "ritchiesprojectilelib-2.1.2+mc.1.21.1-neoforge.jar" [locator: {mods folder locator at C:\Users\Mike\AppData\Roaming\.minecraft\versions\create new\mods}, reader: mod manifest]
[22:59:37] [main/INFO]: Found mod file "rolling-tones-0.1.0.jar" [locator: {mods folder locator at C:\Users\Mike\AppData\Roaming\.minecraft\versions\create new\mods}, reader: mod manifest]
[22:59:37] [main/INFO]: Found mod file "rubberworks-neoforge-1.21.1-1.1.4.jar" [locator: {mods folder locator at C:\Users\Mike\AppData\Roaming\.minecraft\versions\create new\mods}, reader: mod manifest]
[22:59:37] [main/INFO]: Found mod file "sable-neoforge-1.21.1-2.0.5.jar" [locator: {mods folder locator at C:\Users\Mike\AppData\Roaming\.minecraft\versions\create new\mods}, reader: mod manifest]
[22:59:37] [main/INFO]: Found mod file "sablejade-1.2.1.jar" [locator: {mods folder locator at C:\Users\Mike\AppData\Roaming\.minecraft\versions\create new\mods}, reader: mod manifest]
[22:59:37] [main/INFO]: Found mod file "SableStuffAdditionsCompat%20v1.0.3-1.21.1.jar" [locator: {mods folder locator at C:\Users\Mike\AppData\Roaming\.minecraft\versions\create new\mods}, reader: mod manifest]
[22:59:37] [main/INFO]: Found mod file "sablexaeromaps-1.21.1-1.0.34.jar" [locator: {mods folder locator at C:\Users\Mike\AppData\Roaming\.minecraft\versions\create new\mods}, reader: mod manifest]
[22:59:37] [main/INFO]: Found mod file "Searchables-neoforge-1.21.1-1.0.2.jar" [locator: {mods folder locator at C:\Users\Mike\AppData\Roaming\.minecraft\versions\create new\mods}, reader: mod manifest]
[22:59:37] [main/INFO]: Found mod file "serverbrowser-neoforge-1.4.2-1.21.1.jar" [locator: {mods folder locator at C:\Users\Mike\AppData\Roaming\.minecraft\versions\create new\mods}, reader: mod manifest]
[22:59:37] [main/INFO]: Found mod file "SimpleRPC-4.1.4.jar" [locator: {mods folder locator at C:\Users\Mike\AppData\Roaming\.minecraft\versions\create new\mods}, reader: mod manifest]
[22:59:37] [main/INFO]: Found mod file "skinlayers3d-neoforge-1.11.2-mc1.21.1.jar" [locator: {mods folder locator at C:\Users\Mike\AppData\Roaming\.minecraft\versions\create new\mods}, reader: mod manifest]
[22:59:37] [main/INFO]: Found mod file "sliceanddice-4.3.3-neoforge.jar" [locator: {mods folder locator at C:\Users\Mike\AppData\Roaming\.minecraft\versions\create new\mods}, reader: mod manifest]
[22:59:37] [main/INFO]: Found mod file "smarterfarmers-1.21-2.2.4-neoforge.jar" [locator: {mods folder locator at C:\Users\Mike\AppData\Roaming\.minecraft\versions\create new\mods}, reader: mod manifest]
[22:59:37] [main/INFO]: Found mod file "smoothchunk-1.21-4.1.jar" [locator: {mods folder locator at C:\Users\Mike\AppData\Roaming\.minecraft\versions\create new\mods}, reader: mod manifest]
[22:59:37] [main/INFO]: Found mod file "snassets-1.0.1.jar" [locator: {mods folder locator at C:\Users\Mike\AppData\Roaming\.minecraft\versions\create new\mods}, reader: mod manifest]
[22:59:37] [main/INFO]: Found mod file "sodium-extra-neoforge-0.9.3%2Bmc1.21.1.jar" [locator: {mods folder locator at C:\Users\Mike\AppData\Roaming\.minecraft\versions\create new\mods}, reader: mod manifest]
[22:59:37] [main/INFO]: Found mod file "someassemblyrequired-5.2.8.jar" [locator: {mods folder locator at C:\Users\Mike\AppData\Roaming\.minecraft\versions\create new\mods}, reader: mod manifest]
[22:59:37] [main/INFO]: Found mod file "sophisticatedbackpacks-1.21.1-3.25.78.2107.jar" [locator: {mods folder locator at C:\Users\Mike\AppData\Roaming\.minecraft\versions\create new\mods}, reader: mod manifest]
[22:59:37] [main/INFO]: Found mod file "sophisticatedbackpackscreateintegration-1.21.1-0.1.8.134.jar" [locator: {mods folder locator at C:\Users\Mike\AppData\Roaming\.minecraft\versions\create new\mods}, reader: mod manifest]
[22:59:37] [main/INFO]: Found mod file "sophisticatedcore-1.21.1-1.4.90.2299.jar" [locator: {mods folder locator at C:\Users\Mike\AppData\Roaming\.minecraft\versions\create new\mods}, reader: mod manifest]
[22:59:37] [main/INFO]: Found mod file "structureessentials-1.21.1-5.0.jar" [locator: {mods folder locator at C:\Users\Mike\AppData\Roaming\.minecraft\versions\create new\mods}, reader: mod manifest]
[22:59:37] [main/INFO]: Found mod file "supplementaries-1.21.1-3.8.8-neoforge.jar" [locator: {mods folder locator at C:\Users\Mike\AppData\Roaming\.minecraft\versions\create new\mods}, reader: mod manifest]
[22:59:37] [main/INFO]: Found mod file "TerraBlender-neoforge-1.21.1-4.1.0.8.jar" [locator: {mods folder locator at C:\Users\Mike\AppData\Roaming\.minecraft\versions\create new\mods}, reader: mod manifest]
[22:59:37] [main/INFO]: Found mod file "ToastControl-1.21.1-9.0.1.jar" [locator: {mods folder locator at C:\Users\Mike\AppData\Roaming\.minecraft\versions\create new\mods}, reader: mod manifest]
[22:59:37] [main/INFO]: Found mod file "tradeworks-1.0.7.jar" [locator: {mods folder locator at C:\Users\Mike\AppData\Roaming\.minecraft\versions\create new\mods}, reader: mod manifest]
[22:59:37] [main/INFO]: Found mod file "trading_floor-3.0.16.jar" [locator: {mods folder locator at C:\Users\Mike\AppData\Roaming\.minecraft\versions\create new\mods}, reader: mod manifest]
[22:59:37] [main/INFO]: Found mod file "TradingPost-v21.1.1-1.21.1-NeoForge.jar" [locator: {mods folder locator at C:\Users\Mike\AppData\Roaming\.minecraft\versions\create new\mods}, reader: mod manifest]
[22:59:37] [main/INFO]: Found mod file "txnilib-neoforge-1.0.24-1.21.1.jar" [locator: {mods folder locator at C:\Users\Mike\AppData\Roaming\.minecraft\versions\create new\mods}, reader: mod manifest]
[22:59:37] [main/INFO]: Found mod file "usefulluck-1.0.5.jar" [locator: {mods folder locator at C:\Users\Mike\AppData\Roaming\.minecraft\versions\create new\mods}, reader: mod manifest]
[22:59:37] [main/INFO]: Found mod file "VisualWorkbench-v21.1.1-1.21.1-NeoForge.jar" [locator: {mods folder locator at C:\Users\Mike\AppData\Roaming\.minecraft\versions\create new\mods}, reader: mod manifest]
[22:59:37] [main/INFO]: Found mod file "watut-neoforge-1.21.0-1.2.7.jar" [locator: {mods folder locator at C:\Users\Mike\AppData\Roaming\.minecraft\versions\create new\mods}, reader: mod manifest]
[22:59:37] [main/INFO]: Found mod file "xaerominimap-neoforge-1.21.1-26.4.2.jar" [locator: {mods folder locator at C:\Users\Mike\AppData\Roaming\.minecraft\versions\create new\mods}, reader: mod manifest]
[22:59:37] [main/INFO]: Found mod file "xaeroworldmap-neoforge-1.21.1-1.44.2.jar" [locator: {mods folder locator at C:\Users\Mike\AppData\Roaming\.minecraft\versions\create new\mods}, reader: mod manifest]
[22:59:37] [main/INFO]: Found mod file "yet_another_config_lib_v3-3.8.2%2B1.21.1-neoforge.jar" [locator: {mods folder locator at C:\Users\Mike\AppData\Roaming\.minecraft\versions\create new\mods}, reader: mod manifest]
[22:59:37] [main/INFO]: Found mod file "YungsApi-1.21.1-NeoForge-5.1.6.jar" [locator: {mods folder locator at C:\Users\Mike\AppData\Roaming\.minecraft\versions\create new\mods}, reader: mod manifest]
[22:59:37] [main/INFO]: Found mod file "Zeta-1.1-40.jar" [locator: {mods folder locator at C:\Users\Mike\AppData\Roaming\.minecraft\versions\create new\mods}, reader: mod manifest]
[22:59:37] [main/INFO]: Found mod file "crash_assistant-neoforge.jar" [parent: , locator: jarinjar, reader: mod manifest]
[22:59:38] [main/WARN]: Attempted to select a dependency jar for JarJar which was passed in as source: fabric_renderer_api_v1. Using Mod File: 
[22:59:38] [main/WARN]: Attempted to select a dependency jar for JarJar which was passed in as source: playeranimator. Using Mod File: C:\Users\Mike\AppData\Roaming\.minecraft\versions\create new\mods\player-animation-lib-forge-2.0.4+1.21.1.jar
[22:59:38] [main/WARN]: Attempted to select a dependency jar for JarJar which was passed in as source: fabric_block_view_api_v2. Using Mod File: 
[22:59:38] [main/WARN]: Attempted to select a dependency jar for JarJar which was passed in as source: library:net.fabricmc.loader. Using Mod File: \~nonexistent
[22:59:38] [main/WARN]: Attempted to select a dependency jar for JarJar which was passed in as source: architectury. Using Mod File: C:\Users\Mike\AppData\Roaming\.minecraft\versions\create new\mods\architectury-13.0.11-neoforge.jar
[22:59:38] [main/WARN]: Attempted to select a dependency jar for JarJar which was passed in as source: fabric_rendering_data_attachment_v1. Using Mod File: 
[22:59:38] [main/WARN]: Attempted to select a dependency jar for JarJar which was passed in as source: fabric_api_base. Using Mod File: 
[22:59:38] [main/INFO]: Found 114 dependencies adding them to mods collection
[22:59:38] [main/INFO]: Found mod file "atmosphere-1.21.1-neoforge-1.0.17.jar" [parent: sliceanddice-4.3.3-neoforge.jar, locator: jarinjar, reader: mod manifest]
[22:59:38] [main/INFO]: Found mod file "kuma-api-neoforge-21.0.8+1.21.jar" [parent: balm-neoforge-1.21.1-21.0.64.jar, locator: jarinjar, reader: mod manifest]
[22:59:38] [main/INFO]: Found mod file "codecui-neoforge-1.21.1-1.3.6.jar" [parent: moonlight-1.21.1-3.3.3-neoforge.jar, locator: jarinjar, reader: mod manifest]
[22:59:38] [main/INFO]: Found library file "glsl-processor-0.2.3.jar" [parent: veil-neoforge-1.21.1-4.3.2.jar, locator: jarinjar]
[22:59:38] [main/INFO]: Found mod file "ponder-neoforge-1.0.82+mc1.21.1.jar" [parent: create-1.21.1-6.0.10.jar, locator: jarinjar, reader: mod manifest]
[22:59:38] [main/INFO]: Found mod file "fabric-item-api-v1-11.3.0+766f218719.jar" [parent: forgified-fabric-api-0.116.15%2B2.3.1%2B1.21.1.jar, locator: jarinjar, reader: mod manifest]
[22:59:38] [main/INFO]: Found library file "greenlight-api-0.1.0+mc1.21.10.jar" [parent: sodium-extra-neoforge-0.9.3%2Bmc1.21.1.jar, locator: jarinjar]
[22:59:38] [main/INFO]: Found mod file "fabric-rendering-fluids-v1-3.1.6+a51883b219.jar" [parent: forgified-fabric-api-0.116.15%2B2.3.1%2B1.21.1.jar, locator: jarinjar, reader: mod manifest]
[22:59:38] [main/INFO]: Found library file "github-api-2.0-rc.6.jar" [parent: neruina-3.3.3%2B1.21.1-neoforge.jar, locator: jarinjar]
[22:59:38] [main/INFO]: Found library file "MixinSquared-0.3.3.jar" [parent: mixinsquared-neoforge-0.3.3.jar, locator: jarinjar]
[22:59:38] [main/INFO]: Found library file "yumi-commons-collections-1.0.0-beta.4.jar" [parent: lambdynamiclights-api-4.5.1+1.21.1-mojmap.jar, locator: jarinjar, reader: mod manifest]
[22:59:38] [main/INFO]: Found mod file "fabric-convention-tags-v1-2.1.7+7f945d5b19.jar" [parent: forgified-fabric-api-0.116.15%2B2.3.1%2B1.21.1.jar, locator: jarinjar, reader: mod manifest]
[22:59:38] [main/INFO]: Found library file "kotlinx-coroutines-core-jvm-1.11.0.jar" [parent: kotlinforforge-5.12.0-all.jar, locator: jarinjar]
[22:59:38] [main/INFO]: Found mod file "fabric-convention-tags-v2-2.12.0+75d3639619.jar" [parent: forgified-fabric-api-0.116.15%2B2.3.1%2B1.21.1.jar, locator: jarinjar, reader: mod manifest]
[22:59:38] [main/INFO]: Found mod file "fabric-command-api-v2-2.2.28+36d727be19.jar" [parent: forgified-fabric-api-0.116.15%2B2.3.1%2B1.21.1.jar, locator: jarinjar, reader: mod manifest]
[22:59:38] [main/INFO]: Found mod file "fabric-data-attachment-api-v1-1.4.7+26d408aa19.jar" [parent: forgified-fabric-api-0.116.15%2B2.3.1%2B1.21.1.jar, locator: jarinjar, reader: mod manifest]
[22:59:38] [main/INFO]: Found mod file "veil-neoforge-1.21.1-4.3.2.jar" [parent: sable-neoforge-1.21.1-2.0.5.jar, locator: jarinjar, reader: mod manifest]
[22:59:38] [main/INFO]: Found mod file "dev.simulated_team.simulated.simulated-neoforge-1.21.1-1.3.0.jar" [parent: create-aeronautics-bundled-1.21.1-1.3.0.jar, locator: jarinjar, reader: mod manifest]
[22:59:38] [main/INFO]: Found mod file "biolith-neoforge-3.0.10.jar" [parent: Quark-4.1-482.jar, locator: jarinjar, reader: mod manifest]
[22:59:38] [main/INFO]: Found library file "yumi-commons-event-1.0.0-beta.4.jar" [parent: lambdynamiclights-api-4.5.1+1.21.1-mojmap.jar, locator: jarinjar, reader: mod manifest]
[22:59:38] [main/INFO]: Found mod file "nuggets-neoforge-1.21.1-1.1.0.48.jar" [parent: ars_nouveau-1.21.1-5.13.0.jar, locator: jarinjar, reader: mod manifest]
[22:59:38] [main/INFO]: Found library file "kotlin-stdlib-jdk7-2.4.0.jar" [parent: kotlinforforge-5.12.0-all.jar, locator: jarinjar]
[22:59:38] [main/INFO]: Found library file "kotlin-stdlib-jdk8-2.4.0.jar" [parent: kotlinforforge-5.12.0-all.jar, locator: jarinjar]
[22:59:38] [main/INFO]: Found mod file "fabric-screen-api-v1-2.0.26+b4953c7419.jar" [parent: forgified-fabric-api-0.116.15%2B2.3.1%2B1.21.1.jar, locator: jarinjar, reader: mod manifest]
[22:59:38] [main/INFO]: Found mod file "forgified-fabric-api-0.115.6+2.1.0+1.21.1.jar" [parent: txnilib-neoforge-1.0.24-1.21.1.jar, locator: jarinjar, reader: mod manifest]
[22:59:38] [main/INFO]: Found mod file "fabric-content-registries-v0-8.0.19+5e0d320019.jar" [parent: forgified-fabric-api-0.116.15%2B2.3.1%2B1.21.1.jar, locator: jarinjar, reader: mod manifest]
[22:59:38] [main/INFO]: Found library file "kotlinx-serialization-json-jvm-1.11.0.jar" [parent: kotlinforforge-5.12.0-all.jar, locator: jarinjar]
[22:59:38] [main/INFO]: Found library file "bytecodecs-1.1.2.jar" [parent: resourcefullib-neoforge-1.21-3.0.12.jar, locator: jarinjar]
[22:59:38] [main/INFO]: Found gamelibrary file "mixinextras-neoforge-0.5.3.jar" [parent: neoforge-21.1.248-universal.jar, locator: jarinjar, reader: mod manifest]
[22:59:38] [main/INFO]: Found library file "yumi-commons-core-1.0.0-beta.4.jar" [parent: lambdynamiclights-api-4.5.1+1.21.1-mojmap.jar, locator: jarinjar, reader: mod manifest]
[22:59:38] [main/INFO]: Found mod file "fabric-game-rule-api-v1-1.0.53+36d727be19.jar" [parent: forgified-fabric-api-0.116.15%2B2.3.1%2B1.21.1.jar, locator: jarinjar, reader: mod manifest]
[22:59:38] [main/INFO]: Found mod file "fabric-api-lookup-api-v1-1.6.72+6244b11119.jar" [parent: forgified-fabric-api-0.116.15%2B2.3.1%2B1.21.1.jar, locator: jarinjar, reader: mod manifest]
[22:59:38] [main/INFO]: Found library file "ejml-core-0.44.0.jar" [parent: powergrid-mc1.21.1-0.5.5.1.jar, locator: jarinjar]
[22:59:38] [main/INFO]: Found gamelibrary file "dev.ryanhcode.sable.sable-sable_rapier-1.21.1-2.0.5.jar" [parent: sable-neoforge-1.21.1-2.0.5.jar, locator: jarinjar, reader: mod manifest]
[22:59:38] [main/INFO]: Found mod file "TorqueAPI-1.21.1-neoforge-1.2.2.jar" [parent: createschematicchecker-2.27.42-6.0-neoforge-1.21.1.jar, locator: jarinjar, reader: mod manifest]
[22:59:38] [main/INFO]: Found gamelibrary file "mixinsquared-neoforge-0.3.3.jar" [parent: alltheleaks-1.1.11%2B1.21.1-neoforge.jar, locator: jarinjar, reader: mod manifest]
[22:59:38] [main/INFO]: Found library file "imageio-metadata-3.12.0.jar" [parent: yet_another_config_lib_v3-3.8.2%2B1.21.1-neoforge.jar, locator: jarinjar]
[22:59:38] [main/INFO]: Found library file "jcpp-1.4.14.jar" [parent: iris-neoforge-1.8.14-beta.1%2Bmc1.21.1.jar, locator: jarinjar]
[22:59:38] [main/INFO]: Found library file "kotlin-stdlib-2.4.0.jar" [parent: kotlinforforge-5.12.0-all.jar, locator: jarinjar]
[22:59:38] [main/INFO]: Found mod file "fabric-entity-events-v1-1.8.0+e46a02ca19.jar" [parent: forgified-fabric-api-0.116.15%2B2.3.1%2B1.21.1.jar, locator: jarinjar, reader: mod manifest]
[22:59:38] [main/INFO]: Found library file "ejml-ddense-0.44.0.jar" [parent: powergrid-mc1.21.1-0.5.5.1.jar, locator: jarinjar]
[22:59:38] [main/INFO]: Found library file "kaleido-config-0.3.3+1.3.2.jar" [parent: cccbridge-mc1.21.1-v1.7.2-neoforge.jar, locator: jarinjar]
[22:59:38] [main/INFO]: Found library file "MathParser.org-mXparser-5.2.1.jar" [parent: immersive_aircraft-1.4.6%2B1.21.1-neoforge.jar, locator: jarinjar]
[22:59:38] [main/INFO]: Found library file "commonmark-0.24.0.jar" [parent: create-stockmarket-1.1.0%2Bmc1.21.1.jar, locator: jarinjar]
[22:59:38] [main/INFO]: Found library file "common-io-3.12.0.jar" [parent: yet_another_config_lib_v3-3.8.2%2B1.21.1-neoforge.jar, locator: jarinjar]
[22:59:38] [main/INFO]: Found mod file "fabric-loot-api-v2-3.0.15+a3ee712d19.jar" [parent: forgified-fabric-api-0.116.15%2B2.3.1%2B1.21.1.jar, locator: jarinjar, reader: mod manifest]
[22:59:38] [main/INFO]: Found gamelibrary file "mixinsquared-forge-0.3.3.jar" [parent: supplementaries-1.21.1-3.8.8-neoforge.jar, locator: jarinjar, reader: mod manifest]
[22:59:38] [main/INFO]: Found mod file "conditional-mixin-neoforge-0.6.4.jar" [parent: CreateDragonsPlus-1.11.4.jar, locator: jarinjar, reader: mod manifest]
[22:59:38] [main/INFO]: Found mod file "fabric-loot-api-v3-1.0.3+333dfad919.jar" [parent: forgified-fabric-api-0.116.15%2B2.3.1%2B1.21.1.jar, locator: jarinjar, reader: mod manifest]
[22:59:38] [main/INFO]: Found mod file "TRansition-1.0.21-1.21.1-neoforge-SNAPSHOT.jar" [parent: notenoughanimations-neoforge-1.12.4-mc1.21.1.jar, locator: jarinjar, reader: mod manifest]
[22:59:38] [main/INFO]: Found mod file "flightlib-1.21.1-neoforge-4.0.36.jar" [parent: create_jetpack-forge-5.2.1.jar, locator: jarinjar, reader: mod manifest]
[22:59:38] [main/INFO]: Found library file "imageio-webp-3.12.0.jar" [parent: yet_another_config_lib_v3-3.8.2%2B1.21.1-neoforge.jar, locator: jarinjar]
[22:59:38] [main/INFO]: Found mod file "fabric-networking-api-v1-4.3.1+7e3d421f19.jar" [parent: forgified-fabric-api-0.116.15%2B2.3.1%2B1.21.1.jar, locator: jarinjar, reader: mod manifest]
[22:59:38] [main/INFO]: Found library file "kotlinx-serialization-core-jvm-1.11.0.jar" [parent: kotlinforforge-5.12.0-all.jar, locator: jarinjar]
[22:59:38] [main/INFO]: Found library file "auto-service-1.0.jar" [parent: configurable-3.5.2%2B1.21.1-neoforge.jar, locator: jarinjar]
[22:59:38] [main/INFO]: Found gamelibrary file "Registrate-MC1.21-1.3.0+67.jar" [parent: create-1.21.1-6.0.10.jar, locator: jarinjar, reader: mod manifest]
[22:59:38] [main/INFO]: Found library file "japng-0.5.3.jar" [parent: fancymenu_neoforge_3.9.9_MC_1.21.1.jar, locator: jarinjar]
[22:59:38] [main/INFO]: Found mod file "infiniverse-568341-5486311.jar" [parent: ars_nouveau-1.21.1-5.13.0.jar, locator: jarinjar, reader: mod manifest]
[22:59:38] [main/INFO]: Found mod file "create_factory_abstractions-1.21.1-1.6.0.jar" [parent: create_mobile_packages-1.21.1-0.7.7.jar, locator: jarinjar, reader: mod manifest]
[22:59:38] [main/INFO]: Found mod file "fabric-lifecycle-events-v1-2.6.0+e40d8add19.jar" [parent: forgified-fabric-api-0.116.15%2B2.3.1%2B1.21.1.jar, locator: jarinjar, reader: mod manifest]
[22:59:38] [main/INFO]: Found library file "imageio-core-3.12.0.jar" [parent: yet_another_config_lib_v3-3.8.2%2B1.21.1-neoforge.jar, locator: jarinjar]
[22:59:38] [main/INFO]: Found mod file "fabric-key-binding-api-v1-1.0.47+62cc7ce119.jar" [parent: forgified-fabric-api-0.116.15%2B2.3.1%2B1.21.1.jar, locator: jarinjar, reader: mod manifest]
[22:59:38] [main/INFO]: Found mod file "fabric-client-tags-api-v1-1.2.0+5adff2d719.jar" [parent: forgified-fabric-api-0.116.15%2B2.3.1%2B1.21.1.jar, locator: jarinjar, reader: mod manifest]
[22:59:38] [main/INFO]: Found mod file "esl-neoforge-1.21.1-1.0.3+neoforge-mc1.21.1.jar" [parent: create-new-age-1.2.0+neoforge-mc1.21.1.jar, locator: jarinjar, reader: mod manifest]
[22:59:38] [main/INFO]: Found mod file "fabric-transfer-api-v1-5.4.4+6244b11119.jar" [parent: forgified-fabric-api-0.116.15%2B2.3.1%2B1.21.1.jar, locator: jarinjar, reader: mod manifest]
[22:59:38] [main/INFO]: Found mod file "compat_manager-1.21.1-1.0.7.jar" [parent: tradeworks-1.0.7.jar, locator: jarinjar, reader: mod manifest]
[22:59:38] [main/INFO]: Found library file "net.neoforged.neoforge-coremods-21.1.248.jar" [parent: neoforge-21.1.248-universal.jar, locator: jarinjar, reader: mod manifest]
[22:59:38] [main/INFO]: Found mod file "fabric-model-loading-api-v1-2.1.0+6e8f52c719.jar" [parent: forgified-fabric-api-0.116.15%2B2.3.1%2B1.21.1.jar, locator: jarinjar, reader: mod manifest]
[22:59:38] [main/INFO]: Found mod file "dev.eriksonn.aeronautics.aeronautics-neoforge-1.21.1-1.3.0.jar" [parent: create-aeronautics-bundled-1.21.1-1.3.0.jar, locator: jarinjar, reader: mod manifest]
[22:59:38] [main/INFO]: Found mod file "xaerolib-neoforge-1.21.1-1.7.1.jar" [parent: xaerominimap-neoforge-1.21.1-26.4.2.jar, locator: jarinjar, reader: mod manifest]
[22:59:38] [main/INFO]: Found mod file "fabric-screen-handler-api-v1-1.3.91+8dbc56dd19.jar" [parent: forgified-fabric-api-0.116.15%2B2.3.1%2B1.21.1.jar, locator: jarinjar, reader: mod manifest]
[22:59:38] [main/INFO]: Found mod file "fabric-resource-loader-v0-1.3.1+4ea8954419.jar" [parent: forgified-fabric-api-0.116.15%2B2.3.1%2B1.21.1.jar, locator: jarinjar, reader: mod manifest]
[22:59:38] [main/INFO]: Found library file "cobalt-0.9.7.jar" [parent: cc-tweaked-1.21.1-forge-1.116.2.jar, locator: jarinjar]
[22:59:38] [main/INFO]: Found mod file "TRender-1.0.15-1.21.1-neoforge-SNAPSHOT.jar" [parent: notenoughanimations-neoforge-1.12.4-mc1.21.1.jar, locator: jarinjar, reader: mod manifest]
[22:59:38] [main/INFO]: Found mod file "fabric-rendering-v1-5.1.0+1a09bd5a19.jar" [parent: forgified-fabric-api-0.116.15%2B2.3.1%2B1.21.1.jar, locator: jarinjar, reader: mod manifest]
[22:59:38] [main/INFO]: Found mod file "fabric-renderer-indigo-1.7.1+9125b6dc19.jar" [parent: forgified-fabric-api-0.116.15%2B2.3.1%2B1.21.1.jar, locator: jarinjar, reader: mod manifest]
[22:59:38] [main/INFO]: Found library file "yabn-1.0.3.jar" [parent: resourcefullib-neoforge-1.21-3.0.12.jar, locator: jarinjar]
[22:59:38] [main/INFO]: Found library file "kotlinx-coroutines-jdk8-1.11.0.jar" [parent: kotlinforforge-5.12.0-all.jar, locator: jarinjar]
[22:59:38] [main/INFO]: Found library file "molang-compiler-3.1.1.19.jar" [parent: veil-neoforge-1.21.1-4.3.2.jar, locator: jarinjar]
[22:59:38] [main/INFO]: Found library file "Reflect-1.6.2.jar" [parent: ImmediatelyFast-NeoForge-1.6.11%2B1.21.1.jar, locator: jarinjar]
[22:59:38] [main/INFO]: Found mod file "fabric-particles-v1-4.0.2+824f924c19.jar" [parent: forgified-fabric-api-0.116.15%2B2.3.1%2B1.21.1.jar, locator: jarinjar, reader: mod manifest]
[22:59:38] [main/INFO]: Found library file "animated-gif-lib-for-java-animated-gif-lib-1.7.jar" [parent: fancymenu_neoforge_3.9.9_MC_1.21.1.jar, locator: jarinjar]
[22:59:38] [main/INFO]: Found library file "common-image-3.12.0.jar" [parent: yet_another_config_lib_v3-3.8.2%2B1.21.1-neoforge.jar, locator: jarinjar]
[22:59:38] [main/INFO]: Found mod file "fabric-transitive-access-wideners-v1-6.2.0+6c854b6f19.jar" [parent: forgified-fabric-api-0.116.15%2B2.3.1%2B1.21.1.jar, locator: jarinjar, reader: mod manifest]
[22:59:38] [main/INFO]: Found mod file "dev.ryanhcode.offroad.offroad-neoforge-1.21.1-1.3.0.jar" [parent: create-aeronautics-bundled-1.21.1-1.3.0.jar, locator: jarinjar, reader: mod manifest]
[22:59:38] [main/INFO]: Found library file "ejml-simple-0.44.0.jar" [parent: powergrid-mc1.21.1-0.5.5.1.jar, locator: jarinjar]
[22:59:38] [main/INFO]: Found library file "jzlib-1.1.3.jar" [parent: cc-tweaked-1.21.1-forge-1.116.2.jar, locator: jarinjar]
[22:59:38] [main/INFO]: Found mod file "fabric-blockrenderlayer-v1-1.1.52+c290471319.jar" [parent: forgified-fabric-api-0.116.15%2B2.3.1%2B1.21.1.jar, locator: jarinjar, reader: mod manifest]
[22:59:38] [main/INFO]: Found mod file "fabric-block-api-v1-1.1.0+b0c22bb819.jar" [parent: forgified-fabric-api-0.116.15%2B2.3.1%2B1.21.1.jar, locator: jarinjar, reader: mod manifest]
[22:59:38] [main/INFO]: Found library file "thedarkcolour.kfflang-5.12.0.jar" [parent: kotlinforforge-5.12.0-all.jar, locator: jarinjar, reader: mod manifest]
[22:59:38] [main/INFO]: Found gamelibrary file "thedarkcolour.kfflib-5.12.0.jar" [parent: kotlinforforge-5.12.0-all.jar, locator: jarinjar, reader: mod manifest]
[22:59:38] [main/INFO]: Found mod file "fabric-resource-conditions-api-v1-4.3.0+5bdd099819.jar" [parent: forgified-fabric-api-0.116.15%2B2.3.1%2B1.21.1.jar, locator: jarinjar, reader: mod manifest]
[22:59:38] [main/INFO]: Found mod file "forgeconfigapiport-neoforge-21.1.1.jar" [parent: dragonlib-neoforge-1.21.1-beta-3.0.28.jar, locator: jarinjar, reader: mod manifest]
[22:59:38] [main/INFO]: Found library file "glsl-transformer-3.0.0-pre3.jar" [parent: iris-neoforge-1.8.14-beta.1%2Bmc1.21.1.jar, locator: jarinjar]
[22:59:38] [main/INFO]: Found mod file "thedarkcolour.kffmod-5.12.0.jar" [parent: kotlinforforge-5.12.0-all.jar, locator: jarinjar, reader: mod manifest]
[22:59:38] [main/INFO]: Found library file "gson-0.3.1.jar" [parent: configurable-3.5.2%2B1.21.1-neoforge.jar, locator: jarinjar]
[22:59:38] [main/INFO]: Found library file "kotlin-reflect-2.4.0.jar" [parent: kotlinforforge-5.12.0-all.jar, locator: jarinjar]
[22:59:38] [main/INFO]: Found mod file "sable-companion-common-1.21.1-1.6.0.jar" [parent: supplementaries-1.21.1-3.8.8-neoforge.jar, locator: jarinjar, reader: mod manifest]
[22:59:38] [main/INFO]: Found mod file "flywheel-neoforge-1.21.1-1.0.6.jar" [parent: create-1.21.1-6.0.10.jar, locator: jarinjar, reader: mod manifest]
[22:59:38] [main/INFO]: Found mod file "fabric-item-group-api-v1-4.1.7+e324903319.jar" [parent: forgified-fabric-api-0.116.15%2B2.3.1%2B1.21.1.jar, locator: jarinjar, reader: mod manifest]
[22:59:38] [main/INFO]: Found mod file "fabric-gametest-api-v1-2.0.5+29f188ce19.jar" [parent: forgified-fabric-api-0.116.15%2B2.3.1%2B1.21.1.jar, locator: jarinjar, reader: mod manifest]
[22:59:38] [main/INFO]: Found mod file "fabric-biome-api-v1-13.0.31+1e62d33c19.jar" [parent: forgified-fabric-api-0.116.15%2B2.3.1%2B1.21.1.jar, locator: jarinjar, reader: mod manifest]
[22:59:38] [main/INFO]: Found library file "json-0.3.1.jar" [parent: configurable-3.5.2%2B1.21.1-neoforge.jar, locator: jarinjar]
[22:59:38] [main/INFO]: Found mod file "fabric-registry-sync-v0-5.3.2+f9aace1619.jar" [parent: forgified-fabric-api-0.116.15%2B2.3.1%2B1.21.1.jar, locator: jarinjar, reader: mod manifest]
[22:59:38] [main/INFO]: Found mod file "lambdynamiclights-api-4.5.1+1.21.1-mojmap.jar" [parent: ars_nouveau-1.21.1-5.13.0.jar, locator: jarinjar, reader: mod manifest]
[22:59:38] [main/INFO]: Found mod file "fabric-recipe-api-v1-5.0.16+59440bcc19.jar" [parent: forgified-fabric-api-0.116.15%2B2.3.1%2B1.21.1.jar, locator: jarinjar, reader: mod manifest]
[22:59:38] [main/INFO]: Found mod file "fabric-object-builder-api-v1-15.2.1+cc242efd19.jar" [parent: forgified-fabric-api-0.116.15%2B2.3.1%2B1.21.1.jar, locator: jarinjar, reader: mod manifest]
[22:59:38] [main/INFO]: Found library file "ejml-dsparse-0.44.0.jar" [parent: powergrid-mc1.21.1-0.5.5.1.jar, locator: jarinjar]
[22:59:38] [main/INFO]: Found mod file "fabric-sound-api-v1-1.0.23+10b84f8419.jar" [parent: forgified-fabric-api-0.116.15%2B2.3.1%2B1.21.1.jar, locator: jarinjar, reader: mod manifest]
[22:59:38] [main/INFO]: Found mod file "fabric-message-api-v1-6.0.14+6a754fce19.jar" [parent: forgified-fabric-api-0.116.15%2B2.3.1%2B1.21.1.jar, locator: jarinjar, reader: mod manifest]
[22:59:38] [main/INFO]: Found library file "common-lang-3.12.0.jar" [parent: yet_another_config_lib_v3-3.8.2%2B1.21.1-neoforge.jar, locator: jarinjar]
[22:59:38] [main/INFO]: Found mod file "fabric-data-generation-api-v1-20.3.0+3e2bcb4b19.jar" [parent: forgified-fabric-api-0.116.15%2B2.3.1%2B1.21.1.jar, locator: jarinjar, reader: mod manifest]
[22:59:38] [main/INFO]: Found mod file "fabric-tag-api-v1-1.3.0+3e2bcb4b19.jar" [parent: forgified-fabric-api-0.116.15%2B2.3.1%2B1.21.1.jar, locator: jarinjar, reader: mod manifest]
[22:59:38] [main/INFO]: Found mod file "fabric-events-interaction-v0-0.7.14+7e3d421f19.jar" [parent: forgified-fabric-api-0.116.15%2B2.3.1%2B1.21.1.jar, locator: jarinjar, reader: mod manifest]
[22:59:39] [main/INFO]: Fabric mod metadata not found in jar kotlinforforge.all, ignoring
[22:59:39] [main/INFO]: Dependency resolution found 1 candidates to load
[22:59:39] [main/INFO]: Found mod file "continuity-3.0.0+1.21.neoforge_mapped_moj_1.21.1.jar" [locator: org.sinytra.connector.locator.ConnectorLocator@50fb33a]
[22:59:39] [main/INFO]: Found 2 dependencies adding them to mods collection
[22:59:39] [main/INFO]: Found mod file "org.sinytra.connector-2.0.0-beta.16+1.21.1-mod.jar" [parent: , locator: org.sinytra.connector.locator.ConnectorLocator@50fb33a, reader: mod manifest]
[22:59:39] [main/INFO]: Found gamelibrary file "runtime-1.0.0+1.21.1.jar" [parent: , locator: org.sinytra.connector.locator.ConnectorLocator@50fb33a, reader: mod manifest]
[22:59:39] [main/INFO]: 
     Mod List:
		Name Version (Mod Id)

		3d-Skin-Layers 1.11.2 (skinlayers3d)
		Aeronautics Claims 0.9.3 (aeroclaims)
		All of Create Core 2 (aoc)
		All The Leaks 1.1.11+1.21.1-neoforge (alltheleaks)
		Alternate Current 1.9.0 (alternate_current)
		Amendments 1.21-2.1.7 (amendments)
		AppleSkin 3.0.9+mc1.21 (appleskin)
		Architectury 13.0.11 (architectury)
		Ars Nouveau 5.13.0 (ars_nouveau)
		Atmosphere 1.0.17 (atmosphere)
		Backpacked 3.0.5 (backpacked)
		Bad Wither No Cookie Reloaded 3.20.4 (bwncr)
		Balm 21.0.64 (balm)
		Better Compatibility Checker 21.1.8 (bcc)
		BHMenu 2.4.4 (bhmenu)
		Biolith 3.0.10 (biolith)
		biomemusic mod 4.1 (biomemusic)
		Blueprint 8.1.1 (blueprint)
		Boat Item View 0.0.6 (boatiview)
		Boatload 6.0.2 (boatload)
		Bookshelf 21.1.81 (bookshelf)
		Caelus API 7.0.1+1.21.1 (caelus)
		CBC Advanced Technology 0.1.4c-1.21.1 (cbc_at)
		CC: Tweaked 1.116.2 (computercraft)
		CC:C Bridge 1.7.2 (cccbridge)
		Chat Heads 0.15.5 (chat_heads)
		Cherished Worlds 10.1.1+1.21.1 (cherishedworlds)
		Chunk Activity Tracker 1.0.1 (chunkactivitytracker)
		chunksending mod 3.7 (chunksending)
		Cinaps_decor 1.0.0 (cinaps_decor)
		clientcrafting mod 2.1 (clientcrafting)
		Climbable Ropes for Create Aeronautics 2.1.1 (climbable_ropes)
		Cloth Config v15 API 15.0.140 (cloth_config)
		Clumps 19.0.0.1 (clumps)
		CodecUI 1.21.1-1.3.6 (codecui)
		Collective 8.39 (collective)
		Colorwheel 1.2.9+mc1.21.1 (colorwheel)
		Colorwheel Patcher 1.0.5+mc1.21.1 (colorwheel_patcher)
		Compat Manager 1.0.7 (compat_manager)
		conditional mixin 0.6.4 (conditional_mixin)
		Configurable 3.5.2 (configurable)
		Configured Defaults 21.1.3 (configureddefaults)
		Connectivity Mod 7.6 (connectivity)
		Continuity 3.0.0_1.21.neoforge (continuity)
		Controlling 19.0.5 (controlling)
		Copper Splashing Recipes 1 (create_copper_splashing)
		CoroUtil 1.21.0-1.3.9 (coroutil)
		Corpse 1.21.1-1.1.13 (corpse)
		Crash Assistant 1.11.11 (crash_assistant)
		CraterLib 3.1.2 (craterlib)
		Create 6.0.10 (create)
		Create Aeronautics 1.3.0 (aeronautics_bundled)
		Create Aeronautics 1.3.0 (aeronautics)
		Create Aeronautics Curios Compat 2.0 (aeronautics_curios_compat)
		Create Aeronautics: Throwable Rope Connector 0.4.1 (create_aeronautics_throwable_rope_connector)
		Create Aeronautics: Transmission & Linkage 0.2.7 (aeronautics_utility_objects)
		Create Aquatic Ambitions 2.0.4 (create_aquatic_ambitions)
		Create Big Cannons 5.11.7 (createbigcannons)
		Create Bits 'n' Bobs 0.0.44 (bits_n_bobs)
		Create Cafe 1.4.3 (createcafe)
		Create Chocolate Fountain 1.21.1-1.1.0 (create_chocolate_fountain)
		Create Compact Gearbox 1.0.2 (compactgearbox)
		Create Confectionery 1.1.3. (create_confectionery)
		Create Crafts & Additions 1.6.0 (createaddition)
		Create Deep Seas 2.2.4 (create_submarine)
		Create Diesel Generators 1.21.1-1.3.15 (createdieselgenerators)
		Create Electro Energetics 1.21.1-1.1.1 (electroenergetics)
		Create Encased 1.9.0-ht3 (createcasing)
		Create Factory Abstractions 1.6.0 (create_factory_abstractions)
		Create Gadgets & Gizmos 1.1.3 (createthrusters)
		Create Goggles 6.1.1 (creategoggles)
		Create Hypertube 0.6.0 (create_hypertube)
		Create Jetpack 5.2.1 (create_jetpack)
		Create More: Package Couriers 2.3.0 (cmpackagecouriers)
		Create Nuclear 1.3.2-beta.3 (createnuclear)
		Create Offroad 1.3.0 (offroad)
		Create Optical Mod 0.4.2 (create_optical)
		Create Ore Excavation 1.6.8 (createoreexcavation)
		Create Propulsion: Simulated 1.1.5 (createpropulsion)
		Create Railways Navigator 1.21.1-beta-0.9.1-C6 (createrailwaysnavigator)
		Create Simulated 1.3.0 (simulated)
		Create Slice & Dice 4.3.3 (sliceanddice)
		Create Stuff 'N Additions 2.1.4. (create_sa)
		Create Train Parts 0.5.2 (create_train_parts)
		Create Tweaked Controllers 1.21.1-1.2.7 (create_tweaked_controllers)
		Create: Aeroworks 1.4.1 (aeroworks)
		Create: Bells & Whistles 0.4.7-1.21.1 (bellsandwhistles)
		Create: Blaze Burner Fuels 1.0.2 (create_blaze_burner_fuels)
		Create: Blocks & Bogies 1.0.7 (create_bb)
		Create: Central Kitchen 2.6.0 (create_central_kitchen)
		Create: Connected 1.3.2-mc1.21.1 (create_connected)
		Create: Copycats+ 3.0.4+mc.1.21.1-neoforge (copycats)
		Create: Deep Dark 3.0.2 (create_deep_dark)
		Create: Dragons Plus 1.11.4 (create_dragons_plus)
		Create: Dreams n' Desires 2.3a-BETA (dndesires)
		Create: Dynamic Village 0.5 (dynamicvillage)
		Create: Enchantment Industry 2.4.2 (create_enchantment_industry)
		Create: Escalated 1.3.2 (escalated)
		Create: Factory 0.7a-1.21.1 (create_factory)
		Create: Fantasizing Again 1.2.0-b3 (create_fantasizing)
		Create: Fast Schematic Cannon 1.4.1-neoforge (createfastschematiccannon)
		Create: Food 2.7.1 (createfood)
		Create: Framed 1.8.2 (createframed)
		Create: Garnished 0.1.7.4 (creategarnished)
		Create: Generators 1.2.5 (create_generators)
		Create: Industrialized Architecture 0.1.1b (i_architecture)
		Create: Integrated Farming 1.2.6 (create_integrated_farming)
		Create: Interiors 0.6.1 (interiors)
		Create: Jetpack Curios 1.2.0 (create_jetpack_curios)
		Create: Mechanical Botany 1.1.3 (mechanical_botany)
		Create: Metalwork 2.0.0 (createmetalwork)
		Create: Mob Spawners 1.1.0 (create_mob_spawners)
		Create: Mobile Packages 0.7.7 (create_mobile_packages)
		Create: New Age 1.2.0+mc1.21.1 (create_new_age)
		Create: Ornithopter Glider 1.2.0-1.21.1 (createornithopterglider)
		Create: Pattern Schematics 2.0.10 (create_pattern_schematics)
		Create: Power Grid 0.5.5.1 (powergrid)
		Create: Prismatic Shine 1.2.2 (createprism)
		Create: Radars 0.4.9.4-1.21.1 (create_radar)
		Create: Rubberworks 1.1.4 (rubberworks)
		Create: Sound of Steam 0.8.2+1.21.1 (pipeorgans)
		Create: Stock Market 1.1.0 (stockmarket)
		create: things and misc 4.1.1 (create_things_and_misc)
		Create: Tradeworks 1.0.7 (tradeworks)
		Create: Trading Floor 3.0.16 (trading_floor)
		Create: Transmission 1.2.1+neoforge-create6-1.21.1 (createtransmission)
		Create: Trimmed 1.0.1 (create_trimmed)
		Create: Vibrant Vaults 0.3.2 (create_vibrant_vaults)
		Create: Winery 2.0.2 (create_winery)
		Create: Wrapped 1.0.3 (create_wrapped)
		Create:Mechanical Confection 0.3.0 (createmechanicalconfection)
		Create:Schematic Checker 2.27.42-6.0 (createschematicchecker)
		CreateBetterFps 1.1.4 (createbetterfps)
		Cupboard mod 3.9 (cupboard)
		Curios API 9.5.1+1.21.1 (curios)
		Cut Through 21.1.0 (cutthrough)
		Design n' Decor 2.2b (dndecor)
		Despawn Tweaks 1.0.0 (despawntweaks)
		Dimensional for respawn 1.2.6.1 (dimensional_for_respawn)
		Distant Horizons 3.1.2-b (distanthorizons)
		Does It Tick? 1.1.4 (does_it_tick)
		DragonLib 1.21.1-beta-3.0.28 (dragonlib)
		Drippy Loading Screen 3.1.5 (drippyloadingscreen)
		e4mc 6.2.1 (e4mc)
		Easy Anvils 21.1.0 (easyanvils)
		Easy Magic 21.1.4 (easymagic)
		EnchantmentDescriptions 21.1.10 (enchdesc)
		Entity Model Features 3.2.4 (entity_model_features)
		Entity Texture Features 7.1 (entity_texture_features)
		EpheroLib 1.2.0 (epherolib)
		ESL 1.0.3 (esl)
		Euphoria Patcher 1.9.3-r5.8.1-neoforge (euphoria_patcher)
		Extra Create Recipes 1 (extra_create_recipes)
		FancyMenu 3.9.9 (fancymenu)
		Farmer's Delight 1.3.2 (farmersdelight)
		Ferrite Core 7.0.3 (ferritecore)
		Flight Lib 4.0.36 (flightlib)
		Flywheel 1.0.6 (flywheel)
		Forge Config API Port 21.1.1 (forgeconfigapiport)
		Forgified Fabric API 0.116.15+2.3.1+1.21.1 (fabric_api)
		Forgified Fabric API Base 0.4.42+d1308ded19 (fabric_api_base)
		Forgified Fabric API Lookup API (v1) 1.6.72+6244b11119 (fabric_api_lookup_api_v1)
		Forgified Fabric Biome API (v1) 13.0.31+1e62d33c19 (fabric_biome_api_v1)
		Forgified Fabric Block API (v1) 1.1.0+b0c22bb819 (fabric_block_api_v1)
		Forgified Fabric BlockRenderLayer Registration (v1) 1.1.52+c290471319 (fabric_blockrenderlayer_v1)
		Forgified Fabric BlockView API (v2) 1.0.10+9afaaf8c19 (fabric_block_view_api_v2)
		Forgified Fabric Client Tags 1.2.0+5adff2d719 (fabric_client_tags_api_v1)
		Forgified Fabric Command API (v2) 2.2.28+36d727be19 (fabric_command_api_v2)
		Forgified Fabric Content Registries (v0) 8.0.19+5e0d320019 (fabric_content_registries_v0)
		Forgified Fabric Convention Tags 2.1.7+7f945d5b19 (fabric_convention_tags_v1)
		Forgified Fabric Convention Tags (v2) 2.12.0+75d3639619 (fabric_convention_tags_v2)
		Forgified Fabric Data Attachment API (v1) 1.4.7+26d408aa19 (fabric_data_attachment_api_v1)
		Forgified Fabric Data Generation API (v1) 20.3.0+3e2bcb4b19 (fabric_data_generation_api_v1)
		Forgified Fabric Entity Events (v1) 1.8.0+e46a02ca19 (fabric_entity_events_v1)
		Forgified Fabric Events Interaction (v0) 0.7.14+7e3d421f19 (fabric_events_interaction_v0)
		Forgified Fabric Game Rule API (v1) 1.0.53+36d727be19 (fabric_game_rule_api_v1)
		Forgified Fabric Game Test API (v1) 2.0.5+29f188ce19 (fabric_gametest_api_v1)
		Forgified Fabric Item API (v1) 11.3.0+766f218719 (fabric_item_api_v1)
		Forgified Fabric Item Group API (v1) 4.1.7+e324903319 (fabric_item_group_api_v1)
		Forgified Fabric Key Binding API (v1) 1.0.47+62cc7ce119 (fabric_key_binding_api_v1)
		Forgified Fabric Lifecycle Events (v1) 2.6.0+e40d8add19 (fabric_lifecycle_events_v1)
		Forgified Fabric Loot API (v2) 3.0.15+a3ee712d19 (fabric_loot_api_v2)
		Forgified Fabric Loot API (v3) 1.0.3+333dfad919 (fabric_loot_api_v3)
		Forgified Fabric Message API (v1) 6.0.14+6a754fce19 (fabric_message_api_v1)
		Forgified Fabric Model Loading API (v1) 2.1.0+6e8f52c719 (fabric_model_loading_api_v1)
		Forgified Fabric Networking API (v1) 4.3.1+7e3d421f19 (fabric_networking_api_v1)
		Forgified Fabric Object Builder API (v1) 15.2.1+cc242efd19 (fabric_object_builder_api_v1)
		Forgified Fabric Particles (v1) 4.0.2+824f924c19 (fabric_particles_v1)
		Forgified Fabric Recipe API (v1) 5.0.16+59440bcc19 (fabric_recipe_api_v1)
		Forgified Fabric Registry Sync (v0) 5.3.2+f9aace1619 (fabric_registry_sync_v0)
		Forgified Fabric Renderer - Indigo 1.7.1+9125b6dc19 (fabric_renderer_indigo)
		Forgified Fabric Renderer API (v1) 3.4.1+9125b6dc19 (fabric_renderer_api_v1)
		Forgified Fabric Rendering (v1) 5.1.0+1a09bd5a19 (fabric_rendering_v1)
		Forgified Fabric Rendering Data Attachment (v1) 0.3.48+73761d2e19 (fabric_rendering_data_attachment_v1)
		Forgified Fabric Rendering Fluids (v1) 3.1.6+a51883b219 (fabric_rendering_fluids_v1)
		Forgified Fabric Resource Conditions API (v1) 4.3.0+5bdd099819 (fabric_resource_conditions_api_v1)
		Forgified Fabric Resource Loader (v0) 1.3.1+4ea8954419 (fabric_resource_loader_v0)
		Forgified Fabric Screen API (v1) 2.0.26+b4953c7419 (fabric_screen_api_v1)
		Forgified Fabric Screen Handler API (v1) 1.3.91+8dbc56dd19 (fabric_screen_handler_api_v1)
		Forgified Fabric Sound API (v1) 1.0.23+10b84f8419 (fabric_sound_api_v1)
		Forgified Fabric Tag API (v1) 1.3.0+3e2bcb4b19 (fabric_tag_api_v1)
		Forgified Fabric Transfer API (v1) 5.4.4+6244b11119 (fabric_transfer_api_v1)
		Forgified Fabric Transitive Access Wideners (v1) 6.2.0+6c854b6f19 (fabric_transitive_access_wideners_v1)
		Framework 0.13.11 (framework)
		FTB Filter System 21.1.4 (ftbfiltersystem)
		FTB Library 2101.1.35 (ftblibrary)
		FTB Quests 2101.1.30 (ftbquests)
		FTB Teams 2101.1.10 (ftbteams)
		FTB Ultimine 2101.1.14 (ftbultimine)
		FTB XMod Compat 21.1.10 (ftbxmodcompat)
		Fusion 1.3.14+a (fusion)
		Gallery 2.0.1 (gallery)
		Gears n' Kinetics 1.0m (gnkinetics)
		GeckoLib 4 4.9.2 (geckolib)
		Gpu memory leak fix 1.8 (gpumemleakfix)
		Handcrafted 4.0.3 (handcrafted)
		Highlighter 1.1.11 (highlighter)
		Iceberg 1.3.2 (iceberg)
		ImmediatelyFast 1.6.11+1.21.1 (immediatelyfast)
		Immersive Aircraft 1.4.6+1.21.1 (immersive_aircraft)
		Infiniverse 2.0.1.0 (infiniverse)
		Integrated API 1.7.4+1.21.1-neoforge (integrated_api)
		Integrated Dungeons and Structures 1.13.7+1.21.1-neoforge (idas)
		Integrated Stronghold 1.1.4+1.21.1-neoforge (integrated_stronghold)
		Integrated Villages 1.3.3+1.21.1-neoforge (integrated_villages)
		Iris 1.8.14-beta.1+mc1.21.1 (iris)
		IrisSearch 1.6.0-neoforge (iris_search)
		Jade 15.10.6+neoforge (jade)
		Jade Addons 6.1.0+neoforge (jadeaddons)
		Jade Sable Compat 1.2.1 (sablejade)
		Just Enough Breeding 3.2.1 (justenoughbreeding)
		Just Enough Items 19.43.0.393 (jei)
		Just Enough Professions (JEP) 4.0.5 (justenoughprofessions)
		Just Enough Resources 1.6.0.17 (jeresources)
		Konkrete 1.9.9 (konkrete)
		Kotlin For Forge 5.12.0 (kotlinforforge)
		KumaAPI 21.0.8 (kuma_api)
		LambDynamicLights (API) 4.5.1+1.21.1 (lambdynlights_api)
		leaky mod 2.4 (leaky)
		Leaves Be Gone 21.1.1 (leavesbegone)
		Lithium 0.15.4+mc1.21.1 (lithium)
		Lithostitched 1.7.13 (lithostitched)
		Load My F***ing Tags 1.1.1+1.21.9 (lmft)
		Lootintegrations mod 4.7 (lootintegrations)
		Melody 1.0.10 (melody)
		Minecraft 1.21.1 (minecraft)
		ModernFix 5.27.20+mc1.21.1 (modernfix)
		Moonlight Lib 1.21.1-3.3.3 (moonlight)
		Mouse Tweaks 2.26.1 (mousetweaks)
		NeoForge 21.1.248 (neoforge)
		Neruina 3.3.3 (neruina)
		NetherPortalFix 21.1.1 (netherportalfix)
		No Chat Reports 1.21.1-v2.9.1 (nochatreports)
		NotEnoughAnimations 1.12.4 (notenoughanimations)
		Nuggets 1.1.0.48 (nuggets)
		Open Parties and Claims 0.29.3 (openpartiesandclaims)
		PacketFixer 3.3.1 (packetfixer)
		Patchouli 1.21.1-93-NEOFORGE (patchouli)
		Paxi 1.21.1-NeoForge-5.1.3 (paxi)
		Personality 5.0.2 (personality)
		Petrochem 1.3.2 (petrochem)
		Pick Up Notifier 21.1.1 (pickupnotifier)
		Placebo 9.9.2 (placebo)
		Player Animator 2.0.4+1.21.1 (playeranimator)
		Polymorph 1.1.0+1.21.1 (polymorph)
		Ponder 1.0.82+mc1.21.1 (ponder)
		Potion Smear 1.0.0beta (potionsmear)
		PrickleMC 21.1.11 (prickle)
		Puzzles Lib 21.1.52 (puzzleslib)
		Quark 4.1-482 (quark)
		recipeessentials mod 4.7 (recipeessentials)
		Redirected 1.0.0 (redirected)
		Reliable Recipes 3.1.3 (reliable_recipes)
		Reliable Remover 2.11.3 (reliable_remover)
		Resource Pack Overrides 21.1.0 (resourcepackoverrides)
		Resourceful Lib 3.0.12 (resourcefullib)
		Ritchie's Projectile Library 2.1.2 (ritchiesprojectilelib)
		Rolling Tones 0.1.0 (rollingtones)
		Sable 2.0.5 (sable)
		Sable Companion 1.6.0 (sablecompanion)
		Sable Sublevels on Xaero's Maps 1.0.34 (sablexaeromaps)
		Sable: Stuff&Additions Compatibility 1.0.3 (sable_sa_compat)
		Searchables 1.0.2 (searchables)
		ServerBrowser 1.4.2 (serverbrowser)
		Simple RPC 4.1.3+release.0 (simplerpc)
		Sinytra Connector 2.0.0-beta.16+1.21.1 (connector)
		Smarter Farmers 1.21-2.2.4 (smarterfarmers)
		Smoothchunk mod 4.1 (smoothchunk)
		SnAssets 1.0.1 (snassets)
		Sodium 0.8.12+mc1.21.1 (sodium)
		Sodium Extra 0.9.3+mc1.21.1 (sodium_extra)
		Some Assembly Required 5.2.8 (someassemblyrequired)
		Sophisticated Backpacks 3.25.78 (sophisticatedbackpacks)
		Sophisticated Backpacks Create Integration 0.1.8 (sophisticatedbackpackscreateintegration)
		Sophisticated Core 1.4.90 (sophisticatedcore)
		Structure Essentials mod 5.0 (structureessentials)
		Supplementaries 1.21.1-3.8.8 (supplementaries)
		TerraBlender 4.1.0.8 (terrablender)
		Toast Control 9.0.1 (toastcontrol)
		TorqueAPI 1.2.2 (torqueapi)
		Trading Post 21.1.1 (tradingpost)
		TRansition 1.0.21 (transition)
		TRender 1.0.15 (trender)
		TxniLib 1.0.24 (txnilib)
		Useful Luck 1.0.5 (usefulluck)
		Veil 4.3.2 (veil)
		Visual Workbench 21.1.1 (visualworkbench)
		What Are They Up To 1.21.0-1.2.7 (watut)
		Xaero's Minimap 26.4.2 (xaerominimap)
		Xaero's World Map 1.44.2 (xaeroworldmap)
		XaeroLib 1.7.1 (xaerolib)
		YetAnotherConfigLib 3.8.2+1.21.1-neoforge (yet_another_config_lib_v3)
		YUNG's API 1.21.1-NeoForge-5.1.6 (yungsapi)
		Zeta 1.1-40 (zeta)
[22:59:39] [main/ERROR]: Access transformer file accesstransformer.cfg provided by mod sodium_extra does not exist!
[22:59:40] [main/INFO]: Applying default files...
[22:59:40] [main/INFO]: Successfully made module authlib transformable
[22:59:40] [main/INFO]: Successfully made module brigadier transformable
[22:59:40] [main/INFO]: Loading coremod script-engine for [openpartiesandclaims, xaerominimap, xaeroworldmap]
[22:59:44] [main/INFO]: Compatibility level set to JAVA_17
[22:59:44] [main/INFO]: Compatibility level set to JAVA_21
[22:59:45] [main/INFO]: Launching target 'forgeclient' with arguments [--version, create new, --gameDir, C:\Users\Mike\AppData\Roaming\.minecraft\versions\create new, --assetsDir, C:\Users\Mike\AppData\Roaming\.minecraft\assets, --uuid, c75ee2a7-ed4d-11f0-8ede-9c6b00470e68, --username, quon7, --assetIndex, 17, --accessToken, ❄❄❄❄❄❄❄❄, --clientId, null, --xuid, null, --userType, mojang, --versionType, modified, --width, 925, --height, 530]
[22:59:45] [main/INFO]: Loaded configuration file for Sodium Extra: 36 options available, 0 override(s) found
[22:59:45] [main/WARN]: Reference map 'openpartiesandclaims.refmap.json' for openpartiesandclaims.mixins.json could not be read. If this is a development environment you can ignore this message
[22:59:45] [main/WARN]: Reference map 'openpartiesandclaims.refmap.json' for openpartiesandclaims.create.mixins.json could not be read. If this is a development environment you can ignore this message
[22:59:45] [main/INFO]: Loaded configuration file for ModernFix 5.27.20+mc1.21.1: 89 options available, 3 override(s) found
[22:59:45] [main/WARN]: Option 'mixin.perf.faster_item_rendering' overriden (by user configuration) to 'true'
[22:59:45] [main/WARN]: Option 'mixin.perf.dynamic_resources' overriden (by user configuration) to 'true'
[22:59:45] [main/WARN]: Option 'mixin.feature.branding' overriden (by user configuration) to 'false'
[22:59:45] [main/INFO]: Applying Nashorn fix
[22:59:45] [main/INFO]: Configuring Minecraft's max.bg.threads option with 9 threads
[22:59:45] [main/WARN]: Reference map 'yungsapi.refmap.json' for yungsapi.mixins.json could not be read. If this is a development environment you can ignore this message
[22:59:45] [main/WARN]: Reference map 'iris.refmap.json' for mixins.iris.json could not be read. If this is a development environment you can ignore this message
[22:59:45] [main/WARN]: Reference map 'iris.refmap.json' for mixins.iris.fantastic.json could not be read. If this is a development environment you can ignore this message
[22:59:45] [main/WARN]: Reference map 'iris.refmap.json' for mixins.iris.vertexformat.json could not be read. If this is a development environment you can ignore this message
[22:59:45] [main/WARN]: Reference map 'iris.refmap.json' for iris-batched-entity-rendering.mixins.json could not be read. If this is a development environment you can ignore this message
[22:59:45] [main/WARN]: Reference map 'iris.refmap.json' for mixins.iris.compat.sodium.json could not be read. If this is a development environment you can ignore this message
[22:59:45] [main/WARN]: Reference map 'clientcrafting.refmap.json' for clientcrafting.mixins.json could not be read. If this is a development environment you can ignore this message
[22:59:45] [main/WARN]: Reference map 'createdieselgenerators.refmap.json' for createdieselgenerators.mixins.json could not be read. If this is a development environment you can ignore this message
[22:59:45] [main/WARN]: Reference map 'balm.refmap.json' for balm.mixins.json could not be read. If this is a development environment you can ignore this message
[22:59:45] [main/WARN]: Reference map 'prickle.refmap.json' for prickle.mixins.json could not be read. If this is a development environment you can ignore this message
[22:59:45] [main/WARN]: Reference map 'createbetterfps.refmap.json' for createbetterfps.mixins.json could not be read. If this is a development environment you can ignore this message
[22:59:45] [main/WARN]: Reference map 'crash_assistant.refmap.json' for crash_assistant.mixins.json could not be read. If this is a development environment you can ignore this message
[22:59:45] [main/WARN]: Reference map 'reliable_remover.refmap.json' for reliable_remover.mixins.json could not be read. If this is a development environment you can ignore this message
[22:59:45] [main/WARN]: Reference map 'curios.refmap.json' for curios.neoforge.mixins.json could not be read. If this is a development environment you can ignore this message
[22:59:45] [main/WARN]: Reference map 'curios.refmap.json' for curios.mixins.json could not be read. If this is a development environment you can ignore this message
[22:59:45] [main/WARN]: Reference map '${mod_id}.refmap.json' for trading_floor.mixins.json could not be read. If this is a development environment you can ignore this message
[22:59:45] [main/WARN]: Reference map 'searchables.refmap.json' for searchables.mixins.json could not be read. If this is a development environment you can ignore this message
[22:59:45] [main/WARN]: Reference map 'searchables.refmap.json' for searchables.neoforge.mixins.json could not be read. If this is a development environment you can ignore this message
[22:59:45] [main/WARN]: Reference map 'jadeaddons.refmap.json' for jadeaddons.mixins.json could not be read. If this is a development environment you can ignore this message
[22:59:45] [main/WARN]: Reference map 'create_tweaked_controllers.refmap.json' for create_tweaked_controllers.mixins.json could not be read. If this is a development environment you can ignore this message
[22:59:45] [main/WARN]: Reference map 'create_chocolate_fountain.refmap.json' for create_chocolate_fountain.mixins.json could not be read. If this is a development environment you can ignore this message
[22:59:45] [main/WARN]: Reference map '${mod_id}.refmap.json' for bits_n_bobs.mixins.json could not be read. If this is a development environment you can ignore this message
[22:59:45] [main/INFO]: Option 'mixin.experimental.entity.block_caching.suffocation' requires 'mixin.util.block_tracking=true' but found 'false'. Setting 'mixin.experimental.entity.block_caching.suffocation=false'.
[22:59:45] [main/INFO]: Option 'mixin.experimental.entity.block_caching.block_support' requires 'mixin.util.block_tracking=true' but found 'false'. Setting 'mixin.experimental.entity.block_caching.block_support=false'.
[22:59:45] [main/INFO]: Option 'mixin.experimental.entity.block_caching.block_touching' requires 'mixin.util.block_tracking=true' but found 'false'. Setting 'mixin.experimental.entity.block_caching.block_touching=false'.
[22:59:45] [main/INFO]: Option 'mixin.experimental.entity.block_caching' requires 'mixin.util.block_tracking=true' but found 'false'. Setting 'mixin.experimental.entity.block_caching=false'.
[22:59:45] [main/INFO]: Loaded configuration file for Lithium: 148 options available, 4 override(s) found
[22:59:45] [main/WARN]: Reference map 'aeronautics.refmap.json' for aeronautics.mixins.json could not be read. If this is a development environment you can ignore this message
[22:59:45] [main/WARN]: Reference map 'paxi.refmap.json' for paxi.mixins.json could not be read. If this is a development environment you can ignore this message
[22:59:45] [main/WARN]: Reference map 'paxi.refmap.json' for paxi_neoforge.mixins.json could not be read. If this is a development environment you can ignore this message
[22:59:45] [main/INFO]: Loaded configuration file for Sodium: 45 options available, 1 override(s) found
[22:59:45] [main/WARN]: Reference map '${mixin_refmap}' for createschematicchecker.mixins.json could not be read. If this is a development environment you can ignore this message
[22:59:45] [main/WARN]: Reference map 'offroad.refmap.json' for offroad.mixins.json could not be read. If this is a development environment you can ignore this message
[22:59:45] [main/WARN]: Reference map 'drippyloadingscreen.refmap.json' for drippyloadingscreen.mixins.json could not be read. If this is a development environment you can ignore this message
[22:59:45] [main/WARN]: Reference map 'drippyloadingscreen.refmap.json' for drippyloadingscreen.neoforge.mixins.json could not be read. If this is a development environment you can ignore this message
[22:59:45] [main/WARN]: Reference map 'smoothchunk.refmap.json' for smoothchunk.mixins.json could not be read. If this is a development environment you can ignore this message
[22:59:45] [main/WARN]: Reference map 'terrablender.refmap.json' for terrablender.mixins.json could not be read. If this is a development environment you can ignore this message
[22:59:45] [main/WARN]: Reference map 'terrablender.refmap.json' for terrablender_neoforge.mixins.json could not be read. If this is a development environment you can ignore this message
[22:59:45] [main/WARN]: Reference map 'nochatreports.refmap.json' for mixins/common/nochatreports.mixins.json could not be read. If this is a development environment you can ignore this message
[22:59:45] [main/WARN]: Reference map 'xaerominimap.refmap.json' for xaerohud.mixins.json could not be read. If this is a development environment you can ignore this message
[22:59:45] [main/WARN]: Reference map 'xaerominimap.refmap.json' for xaerominimap.mixins.json could not be read. If this is a development environment you can ignore this message
[22:59:45] [main/WARN]: Reference map 'polymorph.refmap.json' for polymorph.mixins.json could not be read. If this is a development environment you can ignore this message
[22:59:45] [main/WARN]: Reference map 'polymorph.refmap.json' for polymorph-compatibility.mixins.json could not be read. If this is a development environment you can ignore this message
[22:59:45] [main/WARN]: Reference map 'zeta.mixins.refmap.json' for zeta.mixins.json could not be read. If this is a development environment you can ignore this message
[22:59:45] [main/WARN]: Reference map 'zeta.mixins.refmap.json' for zeta_forge.mixins.json could not be read. If this is a development environment you can ignore this message
[22:59:45] [main/WARN]: Reference map 'backpacked.refmap.json' for backpacked.common.mixins.json could not be read. If this is a development environment you can ignore this message
[22:59:45] [main/WARN]: Reference map 'usefulluck.refmap.json' for usefulluck.mixins.json could not be read. If this is a development environment you can ignore this message
[22:59:45] [main/WARN]: Reference map 'biomemusic.refmap.json' for biomemusic.mixins.json could not be read. If this is a development environment you can ignore this message
[22:59:45] [main/WARN]: Reference map 'chunksending.refmap.json' for chunksending.mixins.json could not be read. If this is a development environment you can ignore this message
[22:59:45] [main/WARN]: Reference map 'kuma_api.refmap.json' for kuma_api.mixins.json could not be read. If this is a development environment you can ignore this message
[22:59:45] [main/WARN]: Reference map 'netherportalfix.refmap.json' for netherportalfix.mixins.json could not be read. If this is a development environment you can ignore this message
[22:59:45] [main/WARN]: Reference map 'geckolib.refmap.json' for geckolib.mixins.json could not be read. If this is a development environment you can ignore this message
[22:59:45] [main/WARN]: Reference map 'ars_nouveau.refmap.json' for ars_nouveau.mixins.json could not be read. If this is a development environment you can ignore this message
[22:59:45] [main/WARN]: Reference map 'recipeessentials.refmap.json' for recipeessentials.mixins.json could not be read. If this is a development environment you can ignore this message
[22:59:45] [main/WARN]: Reference map 'create_mobile_packages.refmap.json' for create_mobile_packages.mixins.json could not be read. If this is a development environment you can ignore this message
[22:59:45] [main/WARN]: Reference map 'connectivity.refmap.json' for connectivity.mixins.json could not be read. If this is a development environment you can ignore this message
[22:59:45] [main/WARN]: Reference map 'gpumemleakfix.refmap.json' for gpumemleakfix.mixins.json could not be read. If this is a development environment you can ignore this message
[22:59:45] [main/WARN]: Reference map 'structureessentials.refmap.json' for structureessentials.mixins.json could not be read. If this is a development environment you can ignore this message
[22:59:45] [main/WARN]: Reference map 'xaeroworldmap.refmap.json' for xaeroworldmap.mixins.json could not be read. If this is a development environment you can ignore this message
[22:59:45] [main/WARN]: Reference map 'controlling.refmap.json' for controlling.mixins.json could not be read. If this is a development environment you can ignore this message
[22:59:45] [main/WARN]: Reference map 'controlling.refmap.json' for controlling.neoforge.mixins.json could not be read. If this is a development environment you can ignore this message
[22:59:45] [main/WARN]: Reference map 'placebo.refmap.json' for placebo.mixins.json could not be read. If this is a development environment you can ignore this message
[22:59:45] [main/WARN]: Reference map 'lootintegrations.refmap.json' for lootintegrations.mixins.json could not be read. If this is a development environment you can ignore this message
[22:59:45] [main/WARN]: Reference map 'bookshelf.refmap.json' for bookshelf.mixins.json could not be read. If this is a development environment you can ignore this message
[22:59:45] [main/WARN]: Reference map 'simulated.refmap.json' for simulated.mixins.json could not be read. If this is a development environment you can ignore this message
[22:59:45] [main/WARN]: Reference map 'nuggets.refmap.json' for nuggets.mixins.json could not be read. If this is a development environment you can ignore this message
[22:59:45] [main/WARN]: Reference map 'melody.refmap.json' for melody.mixins.json could not be read. If this is a development environment you can ignore this message
[22:59:45] [main/WARN]: Reference map 'melody.refmap.json' for melody.neoforge.mixins.json could not be read. If this is a development environment you can ignore this message
[22:59:45] [main/WARN]: Reference map 'konkrete.refmap.json' for konkrete.mixins.json could not be read. If this is a development environment you can ignore this message
[22:59:45] [main/WARN]: Reference map 'konkrete.refmap.json' for konkrete.neoforge.mixins.json could not be read. If this is a development environment you can ignore this message
[22:59:45] [main/WARN]: Reference map 'create_connected.refmap.json' for create_connected.mixins.json could not be read. If this is a development environment you can ignore this message
[22:59:45] [main/WARN]: Reference map 'boatiview.refmap.json' for boatiview.common.mixins.json could not be read. If this is a development environment you can ignore this message
[22:59:45] [main/WARN]: Reference map 'leaky.refmap.json' for leaky.mixins.json could not be read. If this is a development environment you can ignore this message
[22:59:45] [main/WARN]: Reference map 'patchouli.refmap.json' for patchouli_xplat.mixins.json could not be read. If this is a development environment you can ignore this message
[22:59:45] [main/WARN]: Reference map 'create_hypertube.refmap.json' for create_hypertube.mixins.json could not be read. If this is a development environment you can ignore this message
[22:59:45] [main/WARN]: Reference map 'conflict_fix.refmap.json' for conflict_fix.mixins.json could not be read. If this is a development environment you can ignore this message
[22:59:45] [main/WARN]: Reference map 'ServerBrowser-refmap.json' for serverbrowser.mixins.json could not be read. If this is a development environment you can ignore this message
[22:59:45] [main/WARN]: Reference map 'ServerBrowser-refmap.json' for serverbrowser-root.mixins.json could not be read. If this is a development environment you can ignore this message
[22:59:45] [main/WARN]: Reference map 'cherishedworlds.refmap.json' for cherishedworlds.mixins.json could not be read. If this is a development environment you can ignore this message
[22:59:45] [main/WARN]: Reference map 'reliable_recipes.refmap.json' for reliable_recipes.mixins.json could not be read. If this is a development environment you can ignore this message
[22:59:45] [main/WARN]: Reference map 'bhmenu.refmap.json' for bhmenu.mixins.json could not be read. If this is a development environment you can ignore this message
[22:59:45] [main/WARN]: Reference map 'xaerolib.refmap.json' for xaerolib.mixins.json could not be read. If this is a development environment you can ignore this message
[22:59:45] [main/WARN]: Reference map 'clumps.refmap.json' for clumps.mixins.json could not be read. If this is a development environment you can ignore this message
[22:59:45] [main/WARN]: Reference map 'blueprint.refmap.json' for blueprint.mixins.json could not be read. If this is a development environment you can ignore this message
[22:59:45] [main/WARN]: Reference map 'boatload.refmap.json' for boatload.mixins.json could not be read. If this is a development environment you can ignore this message
[22:59:45] [main/WARN]: Reference map 'personality.refmap.json' for personality.mixins.json could not be read. If this is a development environment you can ignore this message
[22:59:45] [main/WARN]: Reference map 'gallery.refmap.json' for gallery.mixins.json could not be read. If this is a development environment you can ignore this message
[22:59:45] [main/WARN]: Reference map 'skinlayers3d.refmap.mixins.json' for skinlayers3d.mixins.json could not be read. If this is a development environment you can ignore this message
[22:59:45] [main/WARN]: Reference map 'enchdesc.refmap.json' for enchdesc.mixins.json could not be read. If this is a development environment you can ignore this message
[22:59:45] [main/WARN]: Reference map 'quark.mixins.refmap.json' for quark.mixins.json could not be read. If this is a development environment you can ignore this message
[22:59:45] [main/WARN]: Reference map 'createradar.refmap.json' for create_radar.mixins.json could not be read. If this is a development environment you can ignore this message
[22:59:45] [main/WARN]: Reference map 'fancymenu.refmap.json' for fancymenu.mixins.json could not be read. If this is a development environment you can ignore this message
[22:59:45] [main/WARN]: Reference map 'fancymenu.refmap.json' for fancymenu.neoforge.mixins.json could not be read. If this is a development environment you can ignore this message
[22:59:45] [main/WARN]: Reference map 'watut.refmap.json' for watut.mixins.json could not be read. If this is a development environment you can ignore this message
[22:59:45] [main/WARN]: Reference map 'electroenergetics.refmap.json' for electroenergetics.mixins.json could not be read. If this is a development environment you can ignore this message
[22:59:45] [main/WARN]: Reference map '${refmap_target}refmap.json' for ferritecore.predicates.mixin.json could not be read. If this is a development environment you can ignore this message
[22:59:45] [main/WARN]: Reference map '${refmap_target}refmap.json' for ferritecore.fastmap.mixin.json could not be read. If this is a development environment you can ignore this message
[22:59:45] [main/WARN]: Reference map '${refmap_target}refmap.json' for ferritecore.mrl.mixin.json could not be read. If this is a development environment you can ignore this message
[22:59:45] [main/WARN]: Reference map '${refmap_target}refmap.json' for ferritecore.dedupmultipart.mixin.json could not be read. If this is a development environment you can ignore this message
[22:59:45] [main/WARN]: Reference map '${refmap_target}refmap.json' for ferritecore.blockstatecache.mixin.json could not be read. If this is a development environment you can ignore this message
[22:59:45] [main/WARN]: Reference map '${refmap_target}refmap.json' for ferritecore.dedupbakedquad.mixin.json could not be read. If this is a development environment you can ignore this message
[22:59:45] [main/WARN]: Reference map '${refmap_target}refmap.json' for ferritecore.threaddetec.mixin.json could not be read. If this is a development environment you can ignore this message
[22:59:45] [main/WARN]: Reference map '${refmap_target}refmap.json' for ferritecore.modelsides.mixin.json could not be read. If this is a development environment you can ignore this message
[22:59:45] [main/WARN]: Reference map '${refmap_target}refmap.json' for ferritecore.datacomponents.mixin.json could not be read. If this is a development environment you can ignore this message
[22:59:45] [main/WARN]: Reference map '${refmap_target}refmap.json' for ferritecore.accessors.mixin.json could not be read. If this is a development environment you can ignore this message
[22:59:45] [main/WARN]: Reference map 'yet_another_config_lib_v3.refmap.json' for yacl.mixins.json could not be read. If this is a development environment you can ignore this message
[22:59:45] [main/WARN]: Reference map 'ponder.refmap.json' for ponder-common.mixins.json could not be read. If this is a development environment you can ignore this message
[22:59:45] [main/WARN]: Reference map 'createcasing.refmap.json' for createcasing.mixins.json could not be read. If this is a development environment you can ignore this message
[22:59:45] [main/WARN]: Reference map 'createprism.refmap.json' for createprism.mixins.json could not be read. If this is a development environment you can ignore this message
[22:59:45] [main/WARN]: Reference map 'dndecor.refmap.json' for dndecor.mixins.json could not be read. If this is a development environment you can ignore this message
[22:59:45] [main/WARN]: Reference map 'dndesires.refmap.json' for dndesires.mixins.json could not be read. If this is a development environment you can ignore this message
[22:59:45] [main/INFO]: Using Sodium renderer mixins
[22:59:45] [main/INFO]: Using Sodium renderer mixins
[22:59:45] [main/WARN]: Reference map 'pipeorgans.refmap.json' for pipeorgans.mixins.json could not be read. If this is a development environment you can ignore this message
[22:59:45] [main/WARN]: Reference map 'createthrusters.refmap.json' for createthrusters-main.mixins.json could not be read. If this is a development environment you can ignore this message
[22:59:45] [main/WARN]: Reference map 'createthrusters.refmap.json' for createthrusters-lib.mixins.json could not be read. If this is a development environment you can ignore this message
[22:59:45] [main/WARN]: Reference map 'createfood.refmap.json' for createfood.mixins.json could not be read. If this is a development environment you can ignore this message
[22:59:45] [main/WARN]: Reference map 'createpropulsion.refmap.json' for createpropulsion.mixins.json could not be read. If this is a development environment you can ignore this message
[22:59:45] [main/WARN]: Reference map 'someassemblyrequired.refmap.json' for someassemblyrequired.mixins.json could not be read. If this is a development environment you can ignore this message
[22:59:45] [main/WARN]: Reference map 'we_companion.refmap.json' for sable_sa_compat.mixins.json could not be read. If this is a development environment you can ignore this message
[22:59:45] [main/WARN]: Reference map 'create_vibrant_vaults.mixins.refmap.json' for create_vibrant_vaults.mixins.json could not be read. If this is a development environment you can ignore this message
[22:59:45] [main/INFO]: Packet Fixer neoforge 1.20.5-1.21.X has been applied successfully.
[22:59:45] [main/WARN]: Reference map 'EpheroLib-refmap.json' for epherolib.mixins.json could not be read. If this is a development environment you can ignore this message
[22:59:45] [main/WARN]: Reference map 'quark.mixins.refmap.json' for quark_integrations.mixins.json could not be read. If this is a development environment you can ignore this message
[22:59:45] [main/WARN]: Reference map '' for adapter.init.mixins.json could not be read. If this is a development environment you can ignore this message
[22:59:46] [main/WARN]: Error loading class: com/portingdeadmods/cable_facades/events/GameClientEvents$2 (java.lang.ClassNotFoundException: com.portingdeadmods.cable_facades.events.GameClientEvents$2)
[22:59:46] [main/WARN]: Error loading class: com/direwolf20/justdirethings/client/renderers/OurRenderTypes (java.lang.ClassNotFoundException: com.direwolf20.justdirethings.client.renderers.OurRenderTypes)
[22:59:46] [main/WARN]: Error loading class: mekanism/client/render/entity/RenderFlame (java.lang.ClassNotFoundException: mekanism.client.render.entity.RenderFlame)
[22:59:46] [main/WARN]: Error loading class: mekanism/client/render/armor/MekaSuitArmor (java.lang.ClassNotFoundException: mekanism.client.render.armor.MekaSuitArmor)
[22:59:46] [main/WARN]: Error loading class: mekanism/client/render/lib/effect/BillboardingEffectRenderer (java.lang.ClassNotFoundException: mekanism.client.render.lib.effect.BillboardingEffectRenderer)
[22:59:46] [main/WARN]: Error loading class: blusunrize/immersiveengineering/client/utils/IEGLShaders (java.lang.ClassNotFoundException: blusunrize.immersiveengineering.client.utils.IEGLShaders)
[22:59:46] [main/WARN]: Error loading class: org/embeddedt/embeddium/impl/render/chunk/compile/pipeline/FluidRenderer (java.lang.ClassNotFoundException: org.embeddedt.embeddium.impl.render.chunk.compile.pipeline.FluidRenderer)
[22:59:47] [main/WARN]: Error loading class: xfacthd/framedblocks/common/blockentity/doubled/slab/FramedAdjustableDoubleBlockEntity (java.lang.ClassNotFoundException: xfacthd.framedblocks.common.blockentity.doubled.slab.FramedAdjustableDoubleBlockEntity)
[22:59:47] [main/WARN]: @Mixin target xfacthd.framedblocks.common.blockentity.doubled.slab.FramedAdjustableDoubleBlockEntity was not found createbigcannons.mixins.json:compat.framedblocks.FramedAdjustableDoubleBlockEntityAccessor from mod createbigcannons
[22:59:47] [main/INFO]: Force-disabling mixin 'entity.collisions.unpushable_cramming.EntityMixin' as rule 'mixin.entity.collisions.unpushable_cramming' (added by mods [sable]) disables it and children
[22:59:47] [main/INFO]: Force-disabling mixin 'entity.collisions.unpushable_cramming.EntitySectionMixin' as rule 'mixin.entity.collisions.unpushable_cramming' (added by mods [sable]) disables it and children
[22:59:47] [main/INFO]: Force-disabling mixin 'entity.collisions.unpushable_cramming.EntitySelectorMixin' as rule 'mixin.entity.collisions.unpushable_cramming' (added by mods [sable]) disables it and children
[22:59:47] [main/INFO]: Force-disabling mixin 'entity.collisions.unpushable_cramming.LivingEntityMixin' as rule 'mixin.entity.collisions.unpushable_cramming' (added by mods [sable]) disables it and children
[22:59:47] [main/INFO]: Force-disabling mixin 'world.chunk_access.ChunkHolderMixin' as rule 'mixin.world.chunk_access' (added by mods [sable]) disables it and children
[22:59:47] [main/INFO]: Force-disabling mixin 'world.chunk_access.GenerationChunkHolderAccessor' as rule 'mixin.world.chunk_access' (added by mods [sable]) disables it and children
[22:59:47] [main/INFO]: Force-disabling mixin 'world.chunk_access.LevelMixin' as rule 'mixin.world.chunk_access' (added by mods [sable]) disables it and children
[22:59:47] [main/INFO]: Force-disabling mixin 'world.chunk_access.ServerChunkCacheMixin' as rule 'mixin.world.chunk_access' (added by mods [sable]) disables it and children
[22:59:47] [main/INFO]: Force-disabling mixin 'world.chunk_ticking.spread_ice.BiomeMixin' as rule 'mixin.world.chunk_ticking' (added by mods [sable]) disables it and children
[22:59:47] [main/INFO]: Force-disabling mixin 'world.tick_scheduler.LevelChunkTicksMixin' as rule 'mixin.world.tick_scheduler' (added by mods [sable]) disables it and children
[22:59:47] [main/WARN]: Force-disabling mixin 'features.render.world.sky.ClientLevelMixin' as rule 'mixin.features.render.world.sky' (added by mods [iris]) disables it and children
[22:59:47] [main/WARN]: Force-disabling mixin 'features.render.world.sky.FogRendererMixin' as rule 'mixin.features.render.world.sky' (added by mods [iris]) disables it and children
[22:59:47] [main/WARN]: Force-disabling mixin 'features.render.world.sky.LevelRendererMixin' as rule 'mixin.features.render.world.sky' (added by mods [iris]) disables it and children
[22:59:47] [main/WARN]: Error loading class: dev/ftb/mods/ftbchunks/data/ClaimedChunkManagerImpl (java.lang.ClassNotFoundException: dev.ftb.mods.ftbchunks.data.ClaimedChunkManagerImpl)
[22:59:47] [main/WARN]: @Mixin target dev.ftb.mods.ftbchunks.data.ClaimedChunkManagerImpl was not found mixins.does_it_tick.json:ClaimedChunkManagerAccessor from mod does_it_tick
[22:59:47] [main/INFO]: Class dev.uncandango.alltheleaks.leaks.common.mods.supplementaries.UntrackedIssue002 will be loaded as it matches versions: 1.21.1-3.8.8 in [1.21-3.5.0,)
[22:59:47] [main/INFO]: Class dev.uncandango.alltheleaks.leaks.common.mods.neoforge.Issue1486 will be loaded as it matches versions: 21.1.248 in [21.,)
[22:59:47] [main/INFO]: Class dev.uncandango.alltheleaks.leaks.common.mods.minecraft.UntrackedIssue003 will be loaded as it matches versions: 1.21.1 in [1.21.1,1.21.1]
[22:59:47] [main/INFO]: Mixins added to allowed list: [main.DebugSampleSubscriptionTrackerMixin]
[22:59:47] [main/INFO]: Class dev.uncandango.alltheleaks.leaks.common.mods.minecraft.UntrackedIssue002 will be loaded as it matches versions: 1.21.1 in 1.21.1
[22:59:47] [main/INFO]: Class dev.uncandango.alltheleaks.leaks.common.mods.minecraft.UntrackedIssue001 will be loaded as it matches versions: 1.21.1 in 1.21.1
[22:59:47] [main/INFO]: Mixins added to allowed list: [main.EntityTickListMixin]
[22:59:47] [main/INFO]: Class dev.uncandango.alltheleaks.leaks.common.mods.geckolib.UntrackedIssue001 will be loaded as it matches versions: 4.9.2 in *
[22:59:47] [main/INFO]: Mixins added to allowed list: [main.SingletonGeoAnimatableMixin]
[22:59:47] [main/INFO]: Class dev.uncandango.alltheleaks.leaks.common.mods.curios.Issue22 will be loaded as it matches versions: 9.5.1+1.21.1 in [9.0.6,)
[22:59:47] [main/INFO]: Mixins added to allowed list: [main.CuriosEventHandlerMixin]
[22:59:47] [main/INFO]: Class dev.uncandango.alltheleaks.leaks.common.mods.connectivity.UntrackedIssue001 will be loaded as it matches versions: 7.6 in [5.8,)
[22:59:47] [main/INFO]: Class dev.uncandango.alltheleaks.leaks.client.mods.watut.UntrackedIssue001 will be loaded as it matches versions: 1.21.0-1.2.7 in *
[22:59:47] [main/INFO]: Class dev.uncandango.alltheleaks.leaks.client.mods.sophisticatedcore.UntrackedIssue001 will be loaded as it matches versions: 1.4.90 in [0.6.23,)
[22:59:47] [main/INFO]: Class dev.uncandango.alltheleaks.leaks.client.mods.mousetweaks.UntrackedIssue001 will be loaded as it matches versions: 2.26.1 in [2.26.1,)
[22:59:47] [main/INFO]: Class dev.uncandango.alltheleaks.leaks.client.mods.minecraft.UntrackedIssue001 will be loaded as it matches versions: 1.21.1 in 1.21.1
[22:59:47] [main/INFO]: Mixins added to allowed list: [main.MinecraftMixin]
[22:59:47] [main/INFO]: Class dev.uncandango.alltheleaks.leaks.client.mods.justenoughprofessions.UntrackedIssue001 will be loaded as it matches versions: 4.0.5 in [4.0.3,)
[22:59:47] [main/INFO]: Class dev.uncandango.alltheleaks.leaks.client.mods.jade.UntrackedIssue001 will be loaded as it matches versions: 15.10.6+neoforge in [15.1.8,)
[22:59:47] [main/INFO]: Class dev.uncandango.alltheleaks.leaks.client.mods.iceberg.UntrackedIssue001 will be loaded as it matches versions: 1.3.2 in [1.2.8,)
[22:59:47] [main/INFO]: Mixins added to allowed list: [main.accessor.CustomItemRendererAccessor]
[22:59:47] [main/INFO]: Class dev.uncandango.alltheleaks.leaks.client.mods.iceberg.Issue76 will be loaded as it matches versions: 1.3.2 in [1.2.8,)
[22:59:47] [main/INFO]: Class dev.uncandango.alltheleaks.leaks.client.mods.ftblibrary.UntrackedIssue001 will be loaded as it matches versions: 2101.1.35 in [2101.1.1,)
[22:59:47] [main/INFO]: Mixins added to allowed list: [main.accessor.BaseScreenAccessor]
[22:59:47] [main/INFO]: Class dev.uncandango.alltheleaks.leaks.client.mods.entity_texture_features.UntrackedIssue002 will be loaded as it matches versions: 7.1 in [7.0.0,)
[22:59:47] [main/INFO]: Class dev.uncandango.alltheleaks.leaks.client.mods.ars_nouveau.UntrackedIssue002 will be loaded as it matches versions: 5.13.0 in [5.8.2,)
[22:59:47] [main/INFO]: Class dev.uncandango.alltheleaks.leaks.client.mods.ars_nouveau.UntrackedIssue001 will be loaded as it matches versions: 5.13.0 in [5.0.12,)
[22:59:47] [main/INFO]: Class dev.uncandango.alltheleaks.fix.client.mods.patchouli.FixModifyItemStack will be loaded as it matches versions: 1.21.1-93-NEOFORGE in *
[22:59:47] [main/INFO]: Mixins added to allowed list: [main.GuiBookEntryMixin]
[22:59:47] [main/INFO]: Class dev.uncandango.alltheleaks.fix.client.mods.jei.FixCopyItemStack will be loaded as it matches versions: 19.43.0.393 in [19.19.6.235,)
[22:59:47] [main/INFO]: Mixins added to allowed list: [main.SmithingCategoryExtensionMixin]
[22:59:47] [main/INFO]: Class dev.uncandango.alltheleaks.feature.common.mods.minecraft.SaveWithLoadedChunks will be loaded as it matches versions: 1.21.1 in 1.21.1
[22:59:47] [main/INFO]: Class dev.uncandango.alltheleaks.feature.common.mods.minecraft.MemoryMonitor will be loaded as it matches versions: 1.21.1 in 1.21.1
[22:59:47] [main/INFO]: Mixins added to allowed list: [main.PlayerMixin, main.ChunkAccessMixin, main.LevelMixin, main.MinecraftServerMixin]
[22:59:47] [main/INFO]: Class dev.uncandango.alltheleaks.diag.common.mods.minecraft.LogSavedData will be loaded as it matches versions: 21.1.248 in [21.1,)
[22:59:47] [main/INFO]: Mixins added to allowed list: [main.SavedDataMixin]
[22:59:47] [main/INFO]: Loaded config for: chunksending.json
[22:59:47] [main/INFO]: Loaded config for: recipeessentials.json
[22:59:47] [main/INFO]: Loaded config for: structureessentials.json
[22:59:47] [main/WARN]: Error loading class: me/jellysquid/mods/lithium/common/ai/pathing/PathNodeDefaults (java.lang.ClassNotFoundException: me.jellysquid.mods.lithium.common.ai.pathing.PathNodeDefaults)
[22:59:48] [main/WARN]: Error loading class: io/socol/betterthirdperson/api/CustomCamera (java.lang.ClassNotFoundException: io.socol.betterthirdperson.api.CustomCamera)
[22:59:48] [main/WARN]: @Mixin target io.socol.betterthirdperson.api.CustomCamera was not found conflict_fix.mixins.json:MixinBetterThirdPerson from mod create_hypertube
[22:59:48] [main/WARN]: Error loading class: me/jellysquid/mods/lithium/common/ai/pathing/PathNodeDefaults (java.lang.ClassNotFoundException: me.jellysquid.mods.lithium.common.ai.pathing.PathNodeDefaults)
[22:59:48] [main/WARN]: Error loading class: dev/ftb/mods/ftbchunks/data/ChunkTeamDataImpl (java.lang.ClassNotFoundException: dev.ftb.mods.ftbchunks.data.ChunkTeamDataImpl)
[22:59:48] [main/WARN]: @Mixin target dev.ftb.mods.ftbchunks.data.ChunkTeamDataImpl was not found aeroclaims.mixins.json:ftb.ChunkTeamDataMixin from mod aeroclaims
[22:59:48] [main/WARN]: Error loading class: dev/ftb/mods/ftbchunks/data/ChunkTeamDataImpl (java.lang.ClassNotFoundException: dev.ftb.mods.ftbchunks.data.ChunkTeamDataImpl)
[22:59:48] [main/WARN]: @Mixin target dev.ftb.mods.ftbchunks.data.ChunkTeamDataImpl was not found aeroclaims.mixins.json:ftb.ChunkTeamDataForceLoadMixin from mod aeroclaims
[22:59:48] [main/WARN]: Error loading class: qouteall/imm_ptl/core/render/context_management/RenderStates (java.lang.ClassNotFoundException: qouteall.imm_ptl.core.render.context_management.RenderStates)
[22:59:48] [main/INFO]: [CT][Compat] Enabled Aeroworks controller redstone compatibility
[22:59:48] [main/INFO]: [CT][Compat] Enabled Create Propulsion ComputerCraft vector angle controls
[22:59:48] [main/WARN]: [CT][Compat] Applied WheelMountDirectControlDbwCompatMixin during early bootstrap fallback
[22:59:48] [main/WARN]: [CT][Compat] Skipped WheelMountDirectControlMixin during early bootstrap because ModList is not ready
[22:59:48] [main/INFO]: [CT][Compat] Detected Simulated rope API with boolean create/destroy parameters
[22:59:48] [main/WARN]: Error loading class: dev/propulsionteam/propulsionsimulated/content/thruster/liquid_vector_thruster/LiquidVectorThrusterBlockEntity (java.lang.ClassNotFoundException: dev.propulsionteam.propulsionsimulated.content.thruster.liquid_vector_thruster.LiquidVectorThrusterBlockEntity)
[22:59:48] [main/INFO]: [CT][Compat] Enabled Bits'n'Bobs gantry belt wheel interaction compatibility
[22:59:48] [main/WARN]: Error loading class: com/kipti/bnb/content/kinetics/cogwheel_chain/placement/CogwheelChainPlacementInteraction (java.lang.ClassNotFoundException: com.kipti.bnb.content.kinetics.cogwheel_chain.placement.CogwheelChainPlacementInteraction)
[22:59:48] [main/INFO]: [CT-Lib][Compat] Enabled Aeroworks precise-angle compatibility
[22:59:48] [main/WARN]: Error loading class: noobanidus/mods/lootr/common/impl/LootrServiceRegistry (java.lang.ClassNotFoundException: noobanidus.mods.lootr.common.impl.LootrServiceRegistry)
[22:59:48] [main/WARN]: @Mixin target noobanidus.mods.lootr.common.impl.LootrServiceRegistry was not found quark_integrations.mixins.json:lootr.LootrServiceRegistryMixin from mod (unknown)
[22:59:49] [main/WARN]: Error loading class: org/jetbrains/annotations/ApiStatus$Internal (java.lang.ClassNotFoundException: org.jetbrains.annotations.ApiStatus$Internal)
[22:59:49] [main/WARN]: Error loading class: org/jetbrains/annotations/ApiStatus$ScheduledForRemoval (java.lang.ClassNotFoundException: org.jetbrains.annotations.ApiStatus$ScheduledForRemoval)
[22:59:49] [main/WARN]: Error loading class: dev/propulsionteam/propulsionsimulated/content/thruster/liquid_vector_thruster/LiquidVectorThrusterBlockEntity (java.lang.ClassNotFoundException: dev.propulsionteam.propulsionsimulated.content.thruster.liquid_vector_thruster.LiquidVectorThrusterBlockEntity)
[22:59:49] [main/WARN]: Error loading class: dev/propulsionteam/propulsionsimulated/content/thruster/liquid_vector_thruster/LiquidVectorThrusterBlockEntity (java.lang.ClassNotFoundException: dev.propulsionteam.propulsionsimulated.content.thruster.liquid_vector_thruster.LiquidVectorThrusterBlockEntity)
[22:59:49] [main/INFO]: Initializing MixinExtras via com.llamalad7.mixinextras.service.MixinExtrasServiceImpl(version=0.5.3).
[29авг.2026 22:59:50.540] [main/INFO] [STDOUT/]: [com.euphoriapatches.euphoria_patcher.EuphoriaPatcher:<init>:57]: 
Euphoria Patcher:
[29авг.2026 22:59:51.474] [main/INFO] [euphoria_patcher/]: EuphoriaPatcher: [UPDATE CHECKER] The EuphoriaPatcher Mod is up to date
[29авг.2026 22:59:51.543] [main/INFO] [euphoria_patcher/]: EuphoriaPatcher: Adding extra life points...
[29авг.2026 22:59:51.556] [main/INFO] [euphoria_patcher/]: EuphoriaPatcher: EuphoriaPatches_1.9.3 is already installed.
[29авг.2026 22:59:51.559] [main/INFO] [STDOUT/]: [com.euphoriapatches.euphoria_patcher.logging.EuphoriaLogger:log:128]: 
 
EuphoriaPatcher: Thank you for using Euphoria Patches - SpacEagle17

 
[29авг.2026 22:59:53.279] [Datafixer Bootstrap/INFO] [com.mojang.datafixers.DataFixerBuilder/]: 229 Datafixer optimizations took 212 milliseconds
[29авг.2026 22:59:53.455] [pool-16-thread-1/INFO] [net.minecraft.server.Bootstrap/]: ModernFix reached bootstrap stage (27.54 s after launch)
[29авг.2026 22:59:53.470] [pool-16-thread-1/INFO] [configurable-loader/]: Loading Generated Config Loaders...
[29авг.2026 22:59:53.501] [pool-16-thread-1/INFO] [configurable-loader/]: Loaded 'neruina'
[29авг.2026 22:59:54.467] [pool-16-thread-1/INFO] [com.cupboard.Cupboard/]: Loaded config for: biomemusic.json
[29авг.2026 22:59:54.549] [pool-16-thread-1/WARN] [mixin/]: @Redirect conflict. Skipping mixins.redirected_neoforge_1.21.1.json:net.minecraft.world.level.block.piston.PistonBaseBlockMixin from mod redirected->@Redirect::redirectDirections()[Lnet/minecraft/core/Direction; with priority 10, already redirected by lithium.mixins.json:alloc.enum_values.piston_block.PistonBaseBlockMixin from mod lithium->@Redirect::removeAllocation()[Lnet/minecraft/core/Direction; with priority 1000
[29авг.2026 22:59:54.549] [pool-16-thread-1/WARN] [mixin/]: @Redirect conflict. Skipping mixins.redirected_neoforge_1.21.1.json:net.minecraft.world.level.block.piston.PistonBaseBlockMixin from mod redirected->@Redirect::redirectDirections()[Lnet/minecraft/core/Direction; with priority 10, already redirected by lithium.mixins.json:alloc.enum_values.piston_block.PistonBaseBlockMixin from mod lithium->@Redirect::removeAllocation()[Lnet/minecraft/core/Direction; with priority 1000
[29авг.2026 22:59:54.630] [pool-16-thread-1/WARN] [mixin/]: @Redirect conflict. Skipping mixins.redirected_neoforge_1.21.1.json:net.minecraft.world.level.block.RedStoneWireBlockMixin from mod redirected->@Redirect::redirectDirections()[Lnet/minecraft/core/Direction; with priority 10, already redirected by lithium.mixins.json:alloc.enum_values.redstone_wire.RedStoneWireBlockMixin from mod lithium->@Redirect::removeAllocation1()[Lnet/minecraft/core/Direction; with priority 1000
[29авг.2026 22:59:54.630] [pool-16-thread-1/WARN] [mixin/]: @Redirect conflict. Skipping mixins.redirected_neoforge_1.21.1.json:net.minecraft.world.level.block.RedStoneWireBlockMixin from mod redirected->@Redirect::redirectDirections()[Lnet/minecraft/core/Direction; with priority 10, already redirected by lithium.mixins.json:alloc.enum_values.redstone_wire.RedStoneWireBlockMixin from mod lithium->@Redirect::removeAllocation2()[Lnet/minecraft/core/Direction; with priority 1000
[29авг.2026 22:59:55.327] [pool-16-thread-1/WARN] [mixin/]: @Redirect conflict. Skipping mixins.redirected_neoforge_1.21.1.json:net.minecraft.world.level.block.piston.PistonStructureResolverMixin from mod redirected->@Redirect::redirectDirections()[Lnet/minecraft/core/Direction; with priority 10, already redirected by lithium.mixins.json:alloc.enum_values.piston_handler.PistonStructureResolverMixin from mod lithium->@Redirect::removeAllocation()[Lnet/minecraft/core/Direction; with priority 1000
[29авг.2026 22:59:55.693] [pool-16-thread-1/WARN] [mixin/]: Static binding violation: PRIVATE @Overwrite method getTemperature in modernfix-modernfix.mixins.json:perf.remove_biome_temperature_cache.BiomeMixin from mod modernfix cannot reduce visibiliy of PUBLIC target method, visibility will be upgraded.
[29авг.2026 22:59:55.699] [pool-16-thread-1/WARN] [mixin/]: Method overwrite conflict for getTemperature in lithium.mixins.json:world.temperature_cache.BiomeMixin from mod lithium, previously written by org.embeddedt.modernfix.common.mixin.perf.remove_biome_temperature_cache.BiomeMixin. Skipping method.
[29авг.2026 22:59:57.477] [pool-16-thread-1/WARN] [mixin/]: Discarding @Unique public method onLoad in copycats-common.mixins.json:foundation.copycat.CopycatBlockEntityMixin from mod copycats because it already exists in com.simibubi.create.content.decoration.copycat.CopycatBlockEntity
[29авг.2026 22:59:58.700] [pool-16-thread-1/INFO] [net.minecraft.server.Bootstrap/]: Vanilla bootstrap took 5231 milliseconds
[29авг.2026 22:59:59.448] [Render thread/WARN] [net.minecraft.server.packs.VanillaPackResourcesBuilder/]: Assets URL 'union:/C:/Users/Mike/AppData/Roaming/.minecraft/libraries/net/minecraft/client/1.21.1-20240808.144430/client-1.21.1-20240808.144430-srg.jar%23438!/assets/.mcassetsroot' uses unexpected schema
[29авг.2026 22:59:59.448] [Render thread/WARN] [net.minecraft.server.packs.VanillaPackResourcesBuilder/]: Assets URL 'union:/C:/Users/Mike/AppData/Roaming/.minecraft/libraries/net/minecraft/client/1.21.1-20240808.144430/client-1.21.1-20240808.144430-srg.jar%23438!/data/.mcassetsroot' uses unexpected schema
[29авг.2026 22:59:59.491] [Render thread/INFO] [com.mojang.authlib.yggdrasil.YggdrasilAuthenticationService/]: Environment: Environment[sessionHost=https://sessionserver.mojang.com, servicesHost=https://api.minecraftservices.com, name=PROD]
[29авг.2026 22:59:59.500] [Render thread/INFO] [net.minecraft.client.Minecraft/]: Setting user: quon7
[29авг.2026 22:59:59.787] [Render thread/INFO] [mixin/]: BeforeConstant is searching for constants in method with descriptor (Lnet/minecraft/client/GuiMessage;)V
[29авг.2026 22:59:59.788] [Render thread/INFO] [mixin/]:   BeforeConstant found STRING constant: value = , stringValue = null
[29авг.2026 22:59:59.788] [Render thread/INFO] [mixin/]:     BeforeConstant found a matching constant TYPE at ordinal 0
[29авг.2026 22:59:59.788] [Render thread/INFO] [mixin/]:       BeforeConstant found LdcInsn 
[29авг.2026 22:59:59.788] [Render thread/INFO] [mixin/]:   BeforeConstant found STRING constant: value = \\r, stringValue = null
[29авг.2026 22:59:59.788] [Render thread/INFO] [mixin/]:     BeforeConstant found a matching constant TYPE at ordinal 1
[29авг.2026 22:59:59.788] [Render thread/INFO] [mixin/]:       BeforeConstant found LdcInsn \\r
[29авг.2026 22:59:59.788] [Render thread/INFO] [mixin/]:   BeforeConstant found STRING constant: value = 
, stringValue = null
[29авг.2026 22:59:59.789] [Render thread/INFO] [mixin/]:     BeforeConstant found a matching constant TYPE at ordinal 2
[29авг.2026 22:59:59.789] [Render thread/INFO] [mixin/]:       BeforeConstant found LdcInsn 

[29авг.2026 22:59:59.789] [Render thread/INFO] [mixin/]:   BeforeConstant found STRING constant: value = \\n, stringValue = null
[29авг.2026 22:59:59.789] [Render thread/INFO] [mixin/]:     BeforeConstant found a matching constant TYPE at ordinal 3
[29авг.2026 22:59:59.789] [Render thread/INFO] [mixin/]:       BeforeConstant found LdcInsn \\n
[29авг.2026 22:59:59.789] [Render thread/INFO] [mixin/]:   BeforeConstant found CLASS constant: value = Ljava/lang/String;, typeValue = null
[29авг.2026 22:59:59.789] [Render thread/INFO] [mixin/]:   BeforeConstant found STRING constant: value = [{}] [CHAT] {}, stringValue = null
[29авг.2026 22:59:59.789] [Render thread/INFO] [mixin/]:     BeforeConstant found a matching constant TYPE at ordinal 4
[29авг.2026 22:59:59.789] [Render thread/INFO] [mixin/]:       BeforeConstant found LdcInsn [{}] [CHAT] {}
[29авг.2026 22:59:59.789] [Render thread/INFO] [mixin/]:   BeforeConstant found STRING constant: value = [CHAT] {}, stringValue = null
[29авг.2026 22:59:59.789] [Render thread/INFO] [mixin/]:     BeforeConstant found a matching constant TYPE at ordinal 5
[29авг.2026 22:59:59.789] [Render thread/INFO] [mixin/]:       BeforeConstant found LdcInsn [CHAT] {}
[29авг.2026 22:59:59.837] [Render thread/INFO] [Iris/]: Queuing DH event binding...
[29авг.2026 22:59:59.976] [Render thread/INFO] [net.minecraft.client.Minecraft/]: Backend library: LWJGL version 3.3.3+5
[29авг.2026 23:00:00.062] [Render thread/INFO] [com.mojang.blaze3d.platform.Window/]: OpenGL Vendor: NVIDIA Corporation
[29авг.2026 23:00:00.062] [Render thread/INFO] [com.mojang.blaze3d.platform.Window/]: OpenGL Renderer: NVIDIA GeForce GTX 1660 SUPER/PCIe/SSE2
[29авг.2026 23:00:00.062] [Render thread/INFO] [com.mojang.blaze3d.platform.Window/]: OpenGL Version: 4.6.0 NVIDIA 610.62
[29авг.2026 23:00:00.063] [Render thread/INFO] [Sodium-NvidiaWorkarounds/]: Modifying OpenGL context to apply workarounds for the NVIDIA graphics driver...
[29авг.2026 23:00:00.063] [Render thread/INFO] [Sodium-NvidiaWorkarounds/]: Enabling GL_DEBUG_OUTPUT_SYNCHRONOUS to force the NVIDIA driver to disable threaded command submission
[29авг.2026 23:00:00.116] [Render thread/INFO] [ImmediatelyFast/]: Initializing ImmediatelyFast 1.6.11+1.21.1 on NVIDIA GeForce GTX 1660 SUPER/PCIe/SSE2 (NVIDIA Corporation) with OpenGL 4.6.0 NVIDIA 610.62
[29авг.2026 23:00:00.116] [Render thread/INFO] [ImmediatelyFast/]: Found Iris 1.8.14-beta.1+mc1.21.1. Enabling compatibility.
[29авг.2026 23:00:00.294] [Render thread/INFO] [Iris/]: Debug functionality is disabled.
[29авг.2026 23:00:00.296] [Render thread/INFO] [Iris/]: OpenGL 4.5 detected, enabling DSA.
[29авг.2026 23:00:00.309] [Render thread/INFO] [colorwheel/]: Is OIT supported: true
[29авг.2026 23:00:00.566] [modloading-worker-0/INFO] [Veil/]: Veil is initializing.
[29авг.2026 23:00:00.653] [modloading-worker-0/INFO] [biolith/]: Biolith for NeoForge is initializing...
[29авг.2026 23:00:00.657] [modloading-worker-0/INFO] [biolith/]: Enabling Biolith's TerraBlender compatibility layer.
[29авг.2026 23:00:00.657] [modloading-worker-0/INFO] [net.neoforged.neoforge.common.NeoForgeMod/NEOFORGE-MOD]: NeoForge mod loading, version 21.1.248, for MC 1.21.1
[29авг.2026 23:00:00.691] [modloading-worker-0/INFO] [org.antarcticgardens.cna.CreateNewAge/]: Hello 1.21.1 Create!
[29авг.2026 23:00:00.729] [modloading-worker-0/INFO] [Puzzles Lib/]: Constructing components for easyanvils:common
[29авг.2026 23:00:00.729] [modloading-worker-0/INFO] [Puzzles Lib/]: Constructing components for pickupnotifier:common
[29авг.2026 23:00:00.791] [modloading-worker-0/INFO] [Puzzles Lib/]: Constructing components for leavesbegone:common
[29авг.2026 23:00:00.845] [modloading-worker-0/INFO] [dev.wuffs.bcc.BetterCompatibilityChecker/]: Better Compatibility Checker starting
[29авг.2026 23:00:00.845] [modloading-worker-0/INFO] [dev.wuffs.bcc.neoforge.BetterCompatibilityCheckerNeoForge/]: Better Compatibility Checker starting
[29авг.2026 23:00:00.850] [modloading-worker-0/INFO] [Puzzles Lib/]: Dispatching loading event for config pickupnotifier\pickupnotifier-client.toml
[29авг.2026 23:00:00.850] [modloading-worker-0/INFO] [Puzzles Lib/]: Dispatching loading event for config easyanvils-client.toml
[29авг.2026 23:00:00.865] [modloading-worker-0/INFO] [Puzzles Lib/]: Dispatching loading event for config easyanvils-common.toml
[29авг.2026 23:00:00.868] [modloading-worker-0/INFO] [com.pinkcats.torque.layer.neoforge.Torqueapi/]: TorqueAPI NeoForge 1.21.1 layer initialized
[29авг.2026 23:00:00.953] [modloading-worker-0/WARN] [mixin/]: @ModifyConstant conflict. Skipping connectivity.mixins.json:ClientBoundCustomPayloadPacketLMixin from mod connectivity->@ModifyConstant::modifyLimit(I)I with priority 1, already redirected by packetfixer.v1_20_5.neoforge.mixins.json:v1_20_5_neoforge.ClientboundCustomPayloadPacketMixin from mod packetfixer->@ModifyConstant::packetfixer$newSize$2(I)I with priority 1000
[29авг.2026 23:00:00.953] [modloading-worker-0/WARN] [mixin/]: @ModifyConstant conflict. Skipping connectivity.mixins.json:ClientBoundCustomPayloadPacketLMixin from mod connectivity->@ModifyConstant::modifyLimit2(I)I with priority 1, already redirected by packetfixer.v1_20_5.neoforge.mixins.json:v1_20_5_neoforge.ClientboundCustomPayloadPacketMixin from mod packetfixer->@ModifyConstant::packetfixer$newSize(I)I with priority 1000
[29авг.2026 23:00:00.957] [modloading-worker-0/INFO] [Puzzles Lib/]: Constructing components for leavesbegone:client
[29авг.2026 23:00:00.967] [modloading-worker-0/INFO] [Puzzles Lib/]: Constructing components for pickupnotifier:client
[29авг.2026 23:00:01.008] [ForkJoinPool.commonPool-worker-11/WARN] [Iris/]: [Iris Update Check] This version doesn't have an update index, skipping.
[29авг.2026 23:00:01.179] [modloading-worker-0/INFO] [Puzzles Lib/]: Constructing components for easyanvils:client
[29авг.2026 23:00:01.183] [modloading-worker-0/INFO] [Create: Trading Floor/]: Registering all Create: Trading Floor entries
[29авг.2026 23:00:01.185] [modloading-worker-0/INFO] [net.dakotapride.creategarnished.CreateGarnished/]: [WARNING] Create: Garnished Reworked EMI Compatibility is limited and may be incorrect depending on the config settings presented by the mod.
[29авг.2026 23:00:01.221] [modloading-worker-0/INFO] [Create: Trading Floor/]: Registering Particle Emitters for: Create: Trading Floor
[29авг.2026 23:00:01.223] [modloading-worker-0/INFO] [Create: Trading Floor/]: Registering Particle Emitters for: Create: Trading Floor
[29авг.2026 23:00:01.261] [modloading-worker-0/INFO] [Create: Trading Floor/]: Finished Initialisation For Mod: trading_floor
[29авг.2026 23:00:01.402] [modloading-worker-0/INFO] [net.nuclearteam.createnuclear.CreateNuclear/]: createnuclear 6.0.10 initializing! Commit hash: ac0c444d9828da3453ae8cc65338e8de063286fb
[29авг.2026 23:00:01.403] [modloading-worker-0/INFO] [net.nuclearteam.createnuclear.CreateNuclear/]: Registering mod tags for createnuclear
[29авг.2026 23:00:01.548] [modloading-worker-0/INFO] [Create: Transmission/]: Loading creative tabs for Create: Transmission
[29авг.2026 23:00:01.575] [modloading-worker-0/INFO] [Create: Transmission/]: Registering blocks for Create: Transmission
[29авг.2026 23:00:01.576] [modloading-worker-0/INFO] [net.nuclearteam.createnuclear.CreateNuclear/]: Registering ModBlocks for createnuclear
[29авг.2026 23:00:01.588] [modloading-worker-0/INFO] [Create: Transmission/]: Registering blocks entities for Create: Transmission
[29авг.2026 23:00:01.622] [modloading-worker-0/INFO] [Create: Transmission/]: Loading partial models for Create: Transmission
[29авг.2026 23:00:01.624] [modloading-worker-0/INFO] [Puzzles Lib/]: Constructing components for visualworkbench:common
[29авг.2026 23:00:01.631] [modloading-worker-0/INFO] [Puzzles Lib/]: Dispatching loading event for config visualworkbench-common.toml
[29авг.2026 23:00:01.635] [modloading-worker-0/INFO] [Puzzles Lib/]: Dispatching loading event for config visualworkbench-client.toml
[29авг.2026 23:00:01.664] [modloading-worker-0/INFO] [Puzzles Lib/]: Constructing components for visualworkbench:client
[29авг.2026 23:00:01.811] [modloading-worker-0/INFO] [net.fabricmc.fabric.impl.client.indigo.Indigo/]: [Indigo] Different rendering plugin detected; not applying Indigo.
[29авг.2026 23:00:01.901] [modloading-worker-0/WARN] [patchouli/]: Could not locate JEI keybindings, lookups in books may not work
[29авг.2026 23:00:01.987] [modloading-worker-0/INFO] [de.keksuccino.drippyloadingscreen.DrippyLoadingScreen/]: [DRIPPY LOADING SCREEN] Loading v3.1.5 in client-side mode on NEOFORGE!
[29авг.2026 23:00:02.059] [modloading-worker-0/INFO] [zeta/]: Doing super early config setup for zeta
[29авг.2026 23:00:02.178] [modloading-worker-0/INFO] [STDOUT/]: [yalter.mousetweaks.Logger:Log:6]: [Mouse Tweaks] Main.initialize()
[29авг.2026 23:00:02.183] [modloading-worker-0/INFO] [STDOUT/]: [yalter.mousetweaks.Logger:Log:6]: [Mouse Tweaks] Initialized.
[29авг.2026 23:00:02.325] [modloading-worker-0/WARN] [Supplementaries/]: Dye color white produced diffuse color -1 (white), this should never happen
[29авг.2026 23:00:02.361] [modloading-worker-0/INFO] [CraterLoader/]: Discovering Plugins
[29авг.2026 23:00:02.365] [modloading-worker-0/INFO] [CraterLoader/]: Discovered 1 plugins
[29авг.2026 23:00:02.367] [modloading-worker-0/INFO] [CraterLoader/]: Loading Client Plugins
[29авг.2026 23:00:02.375] [modloading-worker-0/INFO] [mezz.jei.library.load.PluginCaller/]: Sending ConfigManager...
[29авг.2026 23:00:02.383] [modloading-worker-0/INFO] [CraterLoader/]: Loaded Client Plugins
[29авг.2026 23:00:02.397] [modloading-worker-0/INFO] [mezz.jei.library.load.PluginCaller/]: Sending ConfigManager took 21.16 milliseconds
[29авг.2026 23:00:02.418] [modloading-worker-0/WARN] [mixin/]: @Inject(@At("INVOKE")) Shift.BY=2 on create_connected.mixins.json:sequencedgearshift.SequencedGearshiftScreenMixin from mod create_connected::handler$ggg000$create_connected$updateParamsOfRow exceeds the maximum allowed value: 0. Increase the value of maxShiftBy to suppress this warning.
[29авг.2026 23:00:02.615] [modloading-worker-0/INFO] [thedarkcolour.kotlinforforge.neoforge.test.KotlinForForge/]: Kotlin For Forge Enabled!
[29авг.2026 23:00:02.638] [modloading-worker-0/INFO] [Puzzles Lib/]: Constructing components for puzzleslib:common
[29авг.2026 23:00:02.641] [modloading-worker-0/INFO] [Puzzles Lib/]: Constructing components for puzzleslib:client
[29авг.2026 23:00:02.655] [modloading-worker-0/INFO] [xaero.hud.minimap.MinimapLogs/]: Xaero's Minimap: World Map found!
[29авг.2026 23:00:02.655] [modloading-worker-0/INFO] [xaero.hud.minimap.MinimapLogs/]: No Optifine!
[29авг.2026 23:00:02.655] [modloading-worker-0/INFO] [xaero.hud.minimap.MinimapLogs/]: Xaero's Minimap: No Vivecraft!
[29авг.2026 23:00:02.656] [modloading-worker-0/INFO] [xaero.hud.minimap.MinimapLogs/]: Xaero's Minimap: Iris found!
[29авг.2026 23:00:02.677] [modloading-worker-0/INFO] [CodecUI/]: Codec construction mixins inactive (Codec, MapCodec, RecordCodecBuilder) - expected on NeoForge; using reflective schema inference (numeric ranges recovered, optional-field defaults not).
[29авг.2026 23:00:02.695] [modloading-worker-0/WARN] [mixin/]: @Redirect conflict. Skipping recipeessentials.mixins.json:RecipeManagerMixin from mod recipeessentials->@Redirect::logErrorOnce(Lorg/slf4j/Logger;Ljava/lang/String;Ljava/lang/Object;Ljava/lang/Object;)V with priority 200, already redirected by modernfix-modernfix.mixins.json:perf.datapack_reload_exceptions.RecipeManagerMixin from mod modernfix->@Redirect::silenceException(Lorg/slf4j/Logger;Ljava/lang/String;Ljava/lang/Object;Ljava/lang/Object;)V with priority 2000
[29авг.2026 23:00:02.822] [modloading-worker-0/INFO] [xaero.common.HudMod/]: Registering common data for channel xaerominimap:main!
[29авг.2026 23:00:02.824] [modloading-worker-0/INFO] [quark-zeta/]: Discovered 163 modules to load.
[29авг.2026 23:00:02.824] [modloading-worker-0/INFO] [quark-zeta/]: Constructing module Abacus...
[29авг.2026 23:00:02.842] [modloading-worker-0/INFO] [quark-zeta/]: Constructing module Adjustable Chat...
[29авг.2026 23:00:02.843] [modloading-worker-0/INFO] [quark-zeta/]: Constructing module Ambient Discs...
[29авг.2026 23:00:02.844] [modloading-worker-0/INFO] [quark-zeta/]: Constructing module Ancient Tomes...
[29авг.2026 23:00:02.857] [modloading-worker-0/INFO] [quark-zeta/]: Constructing module Ancient Wood...
[29авг.2026 23:00:02.872] [modloading-worker-0/INFO] [quark-zeta/]: Constructing module Armed Armor Stands...
[29авг.2026 23:00:02.873] [modloading-worker-0/INFO] [quark-zeta/]: Constructing module Auto Walk Keybind...
[29авг.2026 23:00:02.873] [modloading-worker-0/INFO] [quark-zeta/]: Constructing module Automatic Recipe Unlock...
[29авг.2026 23:00:02.874] [modloading-worker-0/INFO] [quark-zeta/]: Constructing module Automatic Tool Restock...
[29авг.2026 23:00:02.876] [modloading-worker-0/INFO] [quark-zeta/]: Constructing module Azalea Wood...
[29авг.2026 23:00:02.876] [modloading-worker-0/INFO] [quark-zeta/]: Constructing module Back Button Keybind...
[29авг.2026 23:00:02.877] [modloading-worker-0/INFO] [quark-zeta/]: Constructing module Backpack...
[29авг.2026 23:00:02.880] [modloading-worker-0/INFO] [quark-zeta/]: Constructing module Beacon Redirection...
[29авг.2026 23:00:02.881] [modloading-worker-0/INFO] [quark-zeta/]: Constructing module Better Elytra Rocket...
[29авг.2026 23:00:02.881] [modloading-worker-0/INFO] [quark-zeta/]: Constructing module Big Stone Clusters...
[29авг.2026 23:00:02.887] [modloading-worker-0/WARN] [mixin/]: @ModifyConstant conflict. Skipping packetfixer.v1_20_5.neoforge.mixins.json:v1_20_5_neoforge.ServerCommonPacketListenerImplMixin from mod packetfixer->@ModifyConstant::packetfixer$tick$1(J)J with priority 1000, already redirected by connectivity.mixins.json:ServerPlayNetHandlerMixin from mod connectivity->@ModifyConstant::playTimeout(J)J with priority 1001
[29авг.2026 23:00:02.923] [modloading-worker-0/INFO] [quark-zeta/]: Constructing module Blossom Trees...
[29авг.2026 23:00:02.924] [modloading-worker-0/INFO] [quark-zeta/]: Constructing module Bottled Cloud...
[29авг.2026 23:00:02.927] [modloading-worker-0/INFO] [quark-zeta/]: Constructing module Buckets Show Inhabitants...
[29авг.2026 23:00:02.928] [modloading-worker-0/INFO] [quark-zeta/]: Constructing module Camera...
[29авг.2026 23:00:02.930] [modloading-worker-0/INFO] [quark-zeta/]: Constructing module Campfires Boost Elytra...
[29авг.2026 23:00:02.932] [modloading-worker-0/INFO] [quark-zeta/]: Constructing module Celebratory Lamps...
[29авг.2026 23:00:02.932] [modloading-worker-0/INFO] [quark-zeta/]: Constructing module Chains Connect Blocks...
[29авг.2026 23:00:02.932] [modloading-worker-0/INFO] [quark-zeta/]: Constructing module Cherry Grove Water Petals...
[29авг.2026 23:00:02.935] [modloading-worker-0/INFO] [xaero.common.HudMod/]: Registering client data for channel xaerominimap:main!
[29авг.2026 23:00:02.937] [modloading-worker-0/INFO] [quark-zeta/]: Constructing module Chest Searching...
[29авг.2026 23:00:02.946] [modloading-worker-0/INFO] [quark-zeta/]: Constructing module Chorus Vegetation...
[29авг.2026 23:00:02.949] [modloading-worker-0/INFO] [quark-zeta/]: Constructing module Chute...
[29авг.2026 23:00:02.951] [modloading-worker-0/INFO] [quark-zeta/]: Constructing module Climate Control Remover...
[29авг.2026 23:00:02.952] [modloading-worker-0/INFO] [quark-zeta/]: Constructing module Color Runes...
[29авг.2026 23:00:02.955] [modloading-worker-0/INFO] [quark-zeta/]: Constructing module Compasses Work Everywhere...
[29авг.2026 23:00:02.955] [modloading-worker-0/INFO] [quark-zeta/]: Constructing module Compressed Blocks...
[29авг.2026 23:00:02.957] [modloading-worker-0/INFO] [quark-zeta/]: Constructing module Coral On Cactus...
[29авг.2026 23:00:02.957] [modloading-worker-0/INFO] [quark-zeta/]: Constructing module Corundum...
[29авг.2026 23:00:03.033] [modloading-worker-0/INFO] [quark-zeta/]: Constructing module Crabs...
[29авг.2026 23:00:03.035] [modloading-worker-0/INFO] [quark-zeta/]: Constructing module Crate...
[29авг.2026 23:00:03.038] [modloading-worker-0/INFO] [quark-zeta/]: Constructing module Diamond Repair...
[29авг.2026 23:00:03.038] [modloading-worker-0/INFO] [quark-zeta/]: Constructing module Dispensers Place Blocks...
[29авг.2026 23:00:03.039] [modloading-worker-0/INFO] [quark-zeta/]: Constructing module Double Door Opening...
[29авг.2026 23:00:03.039] [modloading-worker-0/INFO] [quark-zeta/]: Constructing module Dragon Scales...
[29авг.2026 23:00:03.039] [modloading-worker-0/INFO] [quark-zeta/]: Constructing module Duskbound Blocks...
[29авг.2026 23:00:03.040] [modloading-worker-0/INFO] [quark-zeta/]: Constructing module Dyeable Item Frames...
[29авг.2026 23:00:03.040] [modloading-worker-0/INFO] [xaero.common.HudMod/]: Loading primary common config for channel xaerominimap:main!
[29авг.2026 23:00:03.048] [modloading-worker-0/INFO] [quark-zeta/]: Constructing module Easy Transferring...
[29авг.2026 23:00:03.049] [modloading-worker-0/INFO] [quark-zeta/]: Constructing module Elytra Indicator...
[29авг.2026 23:00:03.049] [modloading-worker-0/INFO] [quark-zeta/]: Constructing module Emotes...
[29авг.2026 23:00:03.051] [modloading-worker-0/INFO] [xaero.common.HudMod/]: Loading server config profiles for channel xaerominimap:main!
[29авг.2026 23:00:03.055] [modloading-worker-0/INFO] [quark-zeta/]: Constructing module Ender Watcher...
[29авг.2026 23:00:03.057] [modloading-worker-0/INFO] [quark-zeta/]: Constructing module Endermosh Music Disc...
[29авг.2026 23:00:03.059] [modloading-worker-0/INFO] [xaero.common.HudMod/]: Loading primary client config for channel xaerominimap:main!
[29авг.2026 23:00:03.062] [modloading-worker-0/INFO] [quark-zeta/]: Constructing module Enhanced Ladders...
[29авг.2026 23:00:03.062] [modloading-worker-0/INFO] [xaero.common.HudMod/]: Loading client config profiles for channel xaerominimap:main!
[29авг.2026 23:00:03.063] [modloading-worker-0/INFO] [quark-zeta/]: Constructing module Expanded Item Interactions...
[29авг.2026 23:00:03.064] [modloading-worker-0/INFO] [quark-zeta/]: Constructing module Fairy Rings...
[29авг.2026 23:00:03.065] [modloading-worker-0/INFO] [quark-zeta/]: Constructing module Fallen Logs...
[29авг.2026 23:00:03.066] [modloading-worker-0/INFO] [quark-zeta/]: Constructing module Feeding Trough...
[29авг.2026 23:00:03.068] [modloading-worker-0/INFO] [quark-zeta/]: Constructing module Forgotten...
[29авг.2026 23:00:03.073] [modloading-worker-0/INFO] [quark-zeta/]: Constructing module Foxhound...
[29авг.2026 23:00:03.074] [modloading-worker-0/INFO] [quark-zeta/]: Constructing module Framed Glass...
[29авг.2026 23:00:03.078] [modloading-worker-0/INFO] [xaero.map.WorldMap/]: Registering common data for channel xaeroworldmap:main!
[29авг.2026 23:00:03.078] [modloading-worker-0/INFO] [quark-zeta/]: Constructing module Game Nerfs...
[29авг.2026 23:00:03.079] [modloading-worker-0/INFO] [quark-zeta/]: Constructing module Glass Item Frame...
[29авг.2026 23:00:03.083] [modloading-worker-0/INFO] [quark-zeta/]: Constructing module Glass Shard...
[29авг.2026 23:00:03.084] [modloading-worker-0/INFO] [quark-zeta/]: Constructing module Glimmering Weald...
[29авг.2026 23:00:03.086] [modloading-worker-0/INFO] [xaero.map.WorldMap/]: Registering client data for channel xaeroworldmap:main!
[29авг.2026 23:00:03.089] [modloading-worker-0/INFO] [quark-zeta/]: Constructing module Gold Bars...
[29авг.2026 23:00:03.090] [modloading-worker-0/INFO] [quark-zeta/]: Constructing module Gold Tools Have Fortune...
[29авг.2026 23:00:03.091] [modloading-worker-0/INFO] [quark-zeta/]: Constructing module Grab Chickens...
[29авг.2026 23:00:03.093] [modloading-worker-0/INFO] [quark-zeta/]: Constructing module Grate...
[29авг.2026 23:00:03.097] [modloading-worker-0/INFO] [quark-zeta/]: Constructing module Gravisand...
[29авг.2026 23:00:03.100] [modloading-worker-0/INFO] [quark-zeta/]: Constructing module Greener Grass...
[29авг.2026 23:00:03.103] [modloading-worker-0/INFO] [quark-zeta/]: Constructing module Hedges...
[29авг.2026 23:00:03.107] [modloading-worker-0/INFO] [quark-zeta/]: Constructing module Hoe Harvesting...
[29авг.2026 23:00:03.107] [modloading-worker-0/INFO] [quark-zeta/]: Constructing module Hollow Logs...
[29авг.2026 23:00:03.108] [modloading-worker-0/INFO] [quark-zeta/]: Constructing module Horses Swim...
[29авг.2026 23:00:03.108] [modloading-worker-0/INFO] [xaero.map.WorldMap/]: Loading primary common config for channel xaeroworldmap:main!
[29авг.2026 23:00:03.108] [modloading-worker-0/INFO] [quark-zeta/]: Constructing module Hotbar Changer...
[29авг.2026 23:00:03.110] [modloading-worker-0/INFO] [quark-zeta/]: Constructing module Improved Sponges...
[29авг.2026 23:00:03.111] [modloading-worker-0/INFO] [quark-zeta/]: Constructing module Improved Tooltips...
[29авг.2026 23:00:03.112] [modloading-worker-0/INFO] [quark-zeta/]: Constructing module Industrial Palette...
[29авг.2026 23:00:03.113] [modloading-worker-0/INFO] [quark-zeta/]: Constructing module Inventory Sorting...
[29авг.2026 23:00:03.113] [modloading-worker-0/INFO] [quark-zeta/]: Constructing module Iron Rod...
[29авг.2026 23:00:03.114] [modloading-worker-0/INFO] [xaero.map.WorldMap/]: Loading server config profiles for channel xaeroworldmap:main!
[29авг.2026 23:00:03.118] [modloading-worker-0/INFO] [quark-zeta/]: Constructing module Item Sharing...
[29авг.2026 23:00:03.119] [modloading-worker-0/INFO] [quark-zeta/]: Constructing module Japanese Palette...
[29авг.2026 23:00:03.119] [modloading-worker-0/INFO] [quark-zeta/]: Constructing module Leaf Carpet...
[29авг.2026 23:00:03.121] [modloading-worker-0/INFO] [quark-zeta/]: Constructing module Lock Rotation...
[29авг.2026 23:00:03.123] [modloading-worker-0/INFO] [quark-zeta/]: Constructing module Long Range Pick Block...
[29авг.2026 23:00:03.123] [modloading-worker-0/INFO] [quark-zeta/]: Constructing module Magma Keeps Concrete Powder...
[29авг.2026 23:00:03.123] [modloading-worker-0/INFO] [quark-zeta/]: Constructing module Magnets...
[29авг.2026 23:00:03.124] [modloading-worker-0/INFO] [xaero.map.WorldMap/]: Loading primary client config for channel xaeroworldmap:main!
[29авг.2026 23:00:03.129] [modloading-worker-0/INFO] [quark-zeta/]: Constructing module Map Washing...
[29авг.2026 23:00:03.130] [modloading-worker-0/INFO] [quark-zeta/]: Constructing module Matrix Enchanting...
[29авг.2026 23:00:03.130] [modloading-worker-0/INFO] [xaero.map.WorldMap/]: Loading client config profiles for channel xaeroworldmap:main!
[29авг.2026 23:00:03.134] [modloading-worker-0/INFO] [quark-zeta/]: Constructing module Metal Buttons...
[29авг.2026 23:00:03.135] [modloading-worker-0/INFO] [quark-zeta/]: Constructing module Microcrafting Helper...
[29авг.2026 23:00:03.136] [modloading-worker-0/INFO] [quark-zeta/]: Constructing module Midori...
[29авг.2026 23:00:03.138] [modloading-worker-0/INFO] [quark-zeta/]: Constructing module Monster Box...
[29авг.2026 23:00:03.138] [modloading-worker-0/INFO] [quark-zeta/]: Constructing module More Banner Layers...
[29авг.2026 23:00:03.139] [modloading-worker-0/INFO] [quark-zeta/]: Constructing module More Brick Types...
[29авг.2026 23:00:03.175] [modloading-worker-0/INFO] [quark-zeta/]: Constructing module More Mud Blocks...
[29авг.2026 23:00:03.176] [modloading-worker-0/INFO] [quark-zeta/]: Constructing module More Note Block Sounds...
[29авг.2026 23:00:03.176] [modloading-worker-0/INFO] [quark-zeta/]: Constructing module More Potted Plants...
[29авг.2026 23:00:03.178] [modloading-worker-0/INFO] [quark-zeta/]: Constructing module More Villagers...
[29авг.2026 23:00:03.179] [modloading-worker-0/INFO] [quark-zeta/]: Constructing module Narrator Readout...
[29авг.2026 23:00:03.179] [modloading-worker-0/INFO] [quark-zeta/]: Constructing module Nether Brick Fence Gate...
[29авг.2026 23:00:03.180] [modloading-worker-0/INFO] [quark-zeta/]: Constructing module Nether Obsidian Spikes...
[29авг.2026 23:00:03.181] [modloading-worker-0/INFO] [quark-zeta/]: Constructing module New Stone Types...
[29авг.2026 23:00:03.185] [modloading-worker-0/INFO] [quark-zeta/]: Constructing module No Durability On Cosmetics...
[29авг.2026 23:00:03.186] [modloading-worker-0/INFO] [quark-zeta/]: Constructing module No More Lava Pockets...
[29авг.2026 23:00:03.187] [modloading-worker-0/INFO] [quark-zeta/]: Constructing module Obsidian Plate...
[29авг.2026 23:00:03.190] [modloading-worker-0/INFO] [quark-zeta/]: Constructing module Overlay Shader...
[29авг.2026 23:00:03.190] [modloading-worker-0/INFO] [quark-zeta/]: Constructing module Parrot Eggs...
[29авг.2026 23:00:03.193] [modloading-worker-0/INFO] [quark-zeta/]: Constructing module Pat The Dogs...
[29авг.2026 23:00:03.194] [modloading-worker-0/INFO] [quark-zeta/]: Constructing module Pathfinder Maps...
[29авг.2026 23:00:03.195] [modloading-worker-0/INFO] [quark-zeta/]: Constructing module Permafrost...
[29авг.2026 23:00:03.198] [modloading-worker-0/INFO] [quark-zeta/]: Constructing module Petals On Water...
[29авг.2026 23:00:03.201] [modloading-worker-0/INFO] [quark-zeta/]: Constructing module Pickarang...
[29авг.2026 23:00:03.203] [modloading-worker-0/INFO] [de.keksuccino.melody.Melody/]: [MELODY] Loading v1.0.10 on NEOFORGE...
[29авг.2026 23:00:03.207] [modloading-worker-0/INFO] [quark-zeta/]: Constructing module Pig Litters...
[29авг.2026 23:00:03.208] [modloading-worker-0/INFO] [quark-zeta/]: Constructing module Pipes...
[29авг.2026 23:00:03.215] [modloading-worker-0/INFO] [quark-zeta/]: Constructing module Pistons Move Tile Entities...
[29авг.2026 23:00:03.216] [modloading-worker-0/INFO] [quark-zeta/]: Constructing module Poison Potato Usage...
[29авг.2026 23:00:03.216] [modloading-worker-0/INFO] [quark-zeta/]: Constructing module Quick Armor Swapping...
[29авг.2026 23:00:03.217] [modloading-worker-0/INFO] [quark-zeta/]: Constructing module Rainbow Lamps...
[29авг.2026 23:00:03.217] [modloading-worker-0/INFO] [quark-zeta/]: Constructing module Raw Metal Bricks...
[29авг.2026 23:00:03.218] [modloading-worker-0/INFO] [quark-zeta/]: Constructing module Reacharound Placing...
[29авг.2026 23:00:03.218] [modloading-worker-0/INFO] [de.keksuccino.konkrete.Konkrete/]: [KONKRETE] Loading v1.9.9 in client-side mode on NEOFORGE!
[29авг.2026 23:00:03.219] [modloading-worker-0/INFO] [de.keksuccino.konkrete.Konkrete/]: ---------------------------
[29авг.2026 23:00:03.219] [modloading-worker-0/INFO] [de.keksuccino.konkrete.Konkrete/]: KONKRETE SHIPS AND USES THE FOLLOWING LIBRARIES:
[29авг.2026 23:00:03.219] [modloading-worker-0/INFO] [de.keksuccino.konkrete.Konkrete/]:  
[29авг.2026 23:00:03.219] [modloading-worker-0/INFO] [de.keksuccino.konkrete.Konkrete/]: Open Imaging Copyright © 2014 Dhyan Blum.
[29авг.2026 23:00:03.219] [modloading-worker-0/INFO] [de.keksuccino.konkrete.Konkrete/]: Open Imaging is licensed under Apache-2.0.
[29авг.2026 23:00:03.219] [modloading-worker-0/INFO] [de.keksuccino.konkrete.Konkrete/]:  
[29авг.2026 23:00:03.219] [modloading-worker-0/INFO] [de.keksuccino.konkrete.Konkrete/]: JsonPath Copyright © 2017 Jayway.
[29авг.2026 23:00:03.220] [modloading-worker-0/INFO] [de.keksuccino.konkrete.Konkrete/]: JsonPath is licensed under Apache-2.0.
[29авг.2026 23:00:03.220] [modloading-worker-0/INFO] [de.keksuccino.konkrete.Konkrete/]:  
[29авг.2026 23:00:03.220] [modloading-worker-0/INFO] [de.keksuccino.konkrete.Konkrete/]: Json-smart Copyright © netplex.
[29авг.2026 23:00:03.220] [modloading-worker-0/INFO] [de.keksuccino.konkrete.Konkrete/]: Json-smart is licensed under Apache-2.0.
[29авг.2026 23:00:03.220] [modloading-worker-0/INFO] [de.keksuccino.konkrete.Konkrete/]:  
[29авг.2026 23:00:03.220] [modloading-worker-0/INFO] [de.keksuccino.konkrete.Konkrete/]: Exp4j Copyright © Frank Asseg.
[29авг.2026 23:00:03.220] [modloading-worker-0/INFO] [de.keksuccino.konkrete.Konkrete/]: Exp4j is licensed under Apache-2.0. https://github.com/fasseg/exp4j
[29авг.2026 23:00:03.220] [modloading-worker-0/INFO] [de.keksuccino.konkrete.Konkrete/]: ---------------------------
[29авг.2026 23:00:03.220] [modloading-worker-0/INFO] [de.keksuccino.konkrete.Konkrete/]: [KONKRETE] Server-side modules initialized and ready to use!
[29авг.2026 23:00:03.228] [modloading-worker-0/INFO] [quark-zeta/]: Constructing module Redstone Randomizer...
[29авг.2026 23:00:03.237] [modloading-worker-0/INFO] [quark-zeta/]: Constructing module Renewable Spore Blossoms...
[29авг.2026 23:00:03.238] [modloading-worker-0/INFO] [quark-zeta/]: Constructing module Replace Scaffolding...
[29авг.2026 23:00:03.239] [modloading-worker-0/INFO] [quark-zeta/]: Constructing module Rope...
[29авг.2026 23:00:03.244] [modloading-worker-0/INFO] [quark-zeta/]: Constructing module Safer Creatures...
[29авг.2026 23:00:03.245] [modloading-worker-0/INFO] [quark-zeta/]: Constructing module Seed Pouch...
[29авг.2026 23:00:03.257] [modloading-worker-0/INFO] [quark-zeta/]: Constructing module Shear Vines...
[29авг.2026 23:00:03.266] [modloading-worker-0/INFO] [quark-zeta/]: Constructing module Shiba...
[29авг.2026 23:00:03.269] [modloading-worker-0/INFO] [quark-zeta/]: Constructing module Shingles...
[29авг.2026 23:00:03.269] [modloading-worker-0/INFO] [quark-zeta/]: Constructing module Shulker Packing...
[29авг.2026 23:00:03.270] [modloading-worker-0/INFO] [quark-zeta/]: Constructing module Simple Harvest...
[29авг.2026 23:00:03.271] [modloading-worker-0/INFO] [quark-zeta/]: Constructing module Skull Pikes...
[29авг.2026 23:00:03.275] [modloading-worker-0/INFO] [quark-zeta/]: Constructing module Slabs To Blocks...
[29авг.2026 23:00:03.278] [modloading-worker-0/INFO] [quark-zeta/]: Constructing module Slime In A Bucket...
[29авг.2026 23:00:03.282] [modloading-worker-0/INFO] [quark-zeta/]: Constructing module Slimes To Magma Cubes...
[29авг.2026 23:00:03.283] [modloading-worker-0/INFO] [quark-zeta/]: Constructing module Snow Golem Player Heads...
[29авг.2026 23:00:03.284] [modloading-worker-0/INFO] [quark-zeta/]: Constructing module Soul Candles...
[29авг.2026 23:00:03.284] [modloading-worker-0/INFO] [quark-zeta/]: Constructing module Soul Sandstone...
[29авг.2026 23:00:03.285] [modloading-worker-0/INFO] [quark-zeta/]: Constructing module Spawner Replacer...
[29авг.2026 23:00:03.285] [modloading-worker-0/INFO] [quark-zeta/]: Constructing module Spiral Spires...
[29авг.2026 23:00:03.291] [modloading-worker-0/INFO] [quark-zeta/]: Constructing module Stonelings...
[29авг.2026 23:00:03.295] [modloading-worker-0/INFO] [quark-zeta/]: Constructing module Stools...
[29авг.2026 23:00:03.296] [modloading-worker-0/INFO] [quark-zeta/]: Constructing module Sturdy Stone...
[29авг.2026 23:00:03.299] [modloading-worker-0/INFO] [quark-zeta/]: Constructing module Thatch...
[29авг.2026 23:00:03.302] [modloading-worker-0/INFO] [quark-zeta/]: Constructing module Tiny Potato...
[29авг.2026 23:00:03.303] [modloading-worker-0/INFO] [quark-zeta/]: Constructing module Torch Arrow...
[29авг.2026 23:00:03.317] [modloading-worker-0/INFO] [quark-zeta/]: Constructing module Toretoise...
[29авг.2026 23:00:03.318] [modloading-worker-0/INFO] [quark-zeta/]: Constructing module Totem Of Holding...
[29авг.2026 23:00:03.322] [modloading-worker-0/INFO] [quark-zeta/]: Constructing module Trowel...
[29авг.2026 23:00:03.323] [modloading-worker-0/INFO] [quark-zeta/]: Constructing module Usage Ticker...
[29авг.2026 23:00:03.324] [modloading-worker-0/INFO] [quark-zeta/]: Constructing module Uses For Curses...
[29авг.2026 23:00:03.331] [modloading-worker-0/INFO] [quark-zeta/]: Constructing module Utility Recipes...
[29авг.2026 23:00:03.333] [modloading-worker-0/INFO] [quark-zeta/]: Constructing module Vanilla Stone Clusters...
[29авг.2026 23:00:03.334] [modloading-worker-0/INFO] [quark-zeta/]: Constructing module Variant Animal Textures...
[29авг.2026 23:00:03.335] [modloading-worker-0/INFO] [Entity Texture Features/]: [ETF]: Modifying ETF Render State constructor because: for EMF
[29авг.2026 23:00:03.338] [modloading-worker-0/INFO] [traben.entity_model_features.EMF/]: Loading Entity Model Features, Trabee got the flu!
[29авг.2026 23:00:03.338] [modloading-worker-0/INFO] [quark-zeta/]: Constructing module Variant Bookshelves...
[29авг.2026 23:00:03.338] [modloading-worker-0/INFO] [quark-zeta/]: Constructing module Variant Chests...
[29авг.2026 23:00:03.343] [modloading-worker-0/INFO] [quark-zeta/]: Constructing module Variant Furnaces...
[29авг.2026 23:00:03.363] [modloading-worker-0/INFO] [quark-zeta/]: Constructing module Variant Ladders...
[29авг.2026 23:00:03.363] [modloading-worker-0/INFO] [quark-zeta/]: Constructing module Variant Selector...
[29авг.2026 23:00:03.373] [modloading-worker-0/INFO] [quark-zeta/]: Constructing module Vertical Planks...
[29авг.2026 23:00:03.373] [modloading-worker-0/INFO] [quark-zeta/]: Constructing module Vertical Slabs...
[29авг.2026 23:00:03.379] [modloading-worker-0/INFO] [quark-zeta/]: Constructing module Vexes Die With Their Masters...
[29авг.2026 23:00:03.380] [modloading-worker-0/INFO] [quark-zeta/]: Constructing module Villager Rerolling Rework...
[29авг.2026 23:00:03.383] [modloading-worker-0/INFO] [quark-zeta/]: Constructing module Villagers Follow Emeralds...
[29авг.2026 23:00:03.383] [modloading-worker-0/INFO] [quark-zeta/]: Constructing module Wooden Posts...
[29авг.2026 23:00:03.386] [modloading-worker-0/INFO] [quark-zeta/]: Constructing module Wool Shuts Up Minecarts...
[29авг.2026 23:00:03.386] [modloading-worker-0/INFO] [quark-zeta/]: Constructing module Wraith...
[29авг.2026 23:00:03.389] [modloading-worker-0/INFO] [quark-zeta/]: Constructing module Zombie Villagers On Normal...
[29авг.2026 23:00:03.389] [modloading-worker-0/INFO] [quark-zeta/]: Constructing module More Stone Variants...
[29авг.2026 23:00:03.391] [modloading-worker-0/INFO] [quark-zeta/]: Constructed 163 modules.
[29авг.2026 23:00:03.467] [modloading-worker-0/WARN] [mixin/]: Discarding @Unique public method useItemOn in copycats-common.mixins.json:copycat.step.CopycatStepBlockMixin from mod copycats because it already exists in com.simibubi.create.content.decoration.copycat.CopycatStepBlock
[29авг.2026 23:00:03.485] [modloading-worker-0/WARN] [mixin/]: Discarding @Unique public method useItemOn in copycats-common.mixins.json:copycat.panel.CopycatPanelBlockMixin from mod copycats because it already exists in com.simibubi.create.content.decoration.copycat.CopycatPanelBlock
[29авг.2026 23:00:03.485] [modloading-worker-0/WARN] [mixin/]: Discarding @Unique public method mirror in copycats-common.mixins.json:copycat.panel.CopycatPanelBlockMixin from mod copycats because it already exists in com.simibubi.create.content.decoration.copycat.CopycatPanelBlock
[29авг.2026 23:00:03.486] [modloading-worker-0/WARN] [mixin/]: Discarding @Unique public method rotate in copycats-common.mixins.json:copycat.panel.CopycatPanelBlockMixin from mod copycats because it already exists in com.simibubi.create.content.decoration.copycat.CopycatPanelBlock
[29авг.2026 23:00:03.491] [modloading-worker-0/INFO] [quark-zeta/]: Doing super early config setup for quark
[29авг.2026 23:00:03.639] [modloading-worker-0/INFO] [Entity Texture Features/]: Loading Entity Texture Features, did you know this mod was made because I missed the glowing drowned textures in the Fresh animations addons.
[29авг.2026 23:00:03.716] [modloading-worker-0/INFO] [Entity Texture Features/]: [ETF]: 6 new ETF Random Properties registered by entity_model_features
[29авг.2026 23:00:03.781] [modloading-worker-0/INFO] [stockmarket/]: [stockmarket] NeoForge entrypoint initialising
[29авг.2026 23:00:03.781] [modloading-worker-0/INFO] [stockmarket/]: [stockmarket] Common init running
[29авг.2026 23:00:03.935] [modloading-worker-0/INFO] [Collective/]: Loading Collective version 8.39.
[29авг.2026 23:00:04.028] [modloading-worker-0/INFO] [stockmarket/]: [NumismaticsCompat] Create: Numismatics present = false
[29авг.2026 23:00:04.666] [modloading-worker-0/INFO] [DragonLib Networking System/]: Registering C2S network packet of type SEND_AND_RECEIVE with id 'get_station_tag' in 'createrailwaysnavigator:network'.
[29авг.2026 23:00:04.667] [modloading-worker-0/INFO] [DragonLib Networking System/]: Registering C2S network packet of type SEND_AND_RECEIVE with id 'get_station_tag_by_tag' in 'createrailwaysnavigator:network'.
[29авг.2026 23:00:04.668] [modloading-worker-0/INFO] [DragonLib Networking System/]: Registering C2S network packet of type SEND_AND_RECEIVE with id 'create_station_tag' in 'createrailwaysnavigator:network'.
[29авг.2026 23:00:04.670] [modloading-worker-0/INFO] [DragonLib Networking System/]: Registering C2S network packet of type SEND_AND_RECEIVE with id 'update_station_tag_permissions' in 'createrailwaysnavigator:network'.
[29авг.2026 23:00:04.671] [modloading-worker-0/INFO] [DragonLib Networking System/]: Registering C2S network packet of type SEND_AND_RECEIVE with id 'add_station_tag_entry' in 'createrailwaysnavigator:network'.
[29авг.2026 23:00:04.672] [modloading-worker-0/INFO] [DragonLib Networking System/]: Registering C2S network packet of type SEND_AND_RECEIVE with id 'update_station_tag_entry' in 'createrailwaysnavigator:network'.
[29авг.2026 23:00:04.673] [modloading-worker-0/INFO] [DragonLib Networking System/]: Registering C2S network packet of type SEND_AND_RECEIVE with id 'remove_station_tag_entry' in 'createrailwaysnavigator:network'.
[29авг.2026 23:00:04.673] [modloading-worker-0/INFO] [DragonLib Networking System/]: Registering C2S network packet of type SEND_AND_RECEIVE with id 'get_all_stations_as_station_tags' in 'createrailwaysnavigator:network'.
[29авг.2026 23:00:04.674] [modloading-worker-0/INFO] [DragonLib Networking System/]: Registering C2S network packet of type SEND_AND_RECEIVE with id 'get_train_category' in 'createrailwaysnavigator:network'.
[29авг.2026 23:00:04.675] [modloading-worker-0/INFO] [DragonLib Networking System/]: Registering C2S network packet of type SEND_AND_RECEIVE with id 'update_train_category_name' in 'createrailwaysnavigator:network'.
[29авг.2026 23:00:04.675] [modloading-worker-0/INFO] [DragonLib Networking System/]: Registering C2S network packet of type SEND_AND_RECEIVE with id 'create_train_category' in 'createrailwaysnavigator:network'.
[29авг.2026 23:00:04.678] [modloading-worker-0/INFO] [DragonLib Networking System/]: Registering C2S network packet of type SEND_AND_RECEIVE with id 'update_train_category_permissions' in 'createrailwaysnavigator:network'.
[29авг.2026 23:00:04.678] [modloading-worker-0/INFO] [DragonLib Networking System/]: Registering C2S network packet of type SEND_AND_RECEIVE with id 'add_station_to_blacklist' in 'createrailwaysnavigator:network'.
[29авг.2026 23:00:04.679] [modloading-worker-0/INFO] [DragonLib Networking System/]: Registering C2S network packet of type SEND_AND_RECEIVE with id 'remove_station_from_blacklist' in 'createrailwaysnavigator:network'.
[29авг.2026 23:00:04.680] [modloading-worker-0/INFO] [DragonLib Networking System/]: Registering C2S network packet of type SEND_AND_RECEIVE with id 'add_train_to_blacklist' in 'createrailwaysnavigator:network'.
[29авг.2026 23:00:04.681] [modloading-worker-0/INFO] [DragonLib Networking System/]: Registering C2S network packet of type SEND_AND_RECEIVE with id 'remove_train_from_blacklist' in 'createrailwaysnavigator:network'.
[29авг.2026 23:00:04.682] [modloading-worker-0/INFO] [DragonLib Networking System/]: Registering C2S network packet of type SEND_AND_RECEIVE with id 'update_realtime' in 'createrailwaysnavigator:network'.
[29авг.2026 23:00:04.683] [modloading-worker-0/INFO] [DragonLib Networking System/]: Registering C2S network packet of type SEND_AND_RECEIVE with id 'get_user_settings' in 'createrailwaysnavigator:network'.
[29авг.2026 23:00:04.684] [modloading-worker-0/INFO] [DragonLib Networking System/]: Registering C2S network packet of type SEND_AND_RECEIVE with id 'get_nearest_station' in 'createrailwaysnavigator:network'.
[29авг.2026 23:00:04.993] [modloading-worker-0/INFO] [DragonLib Networking System/]: Registering C2S network packet of type SEND_AND_RECEIVE with id 'get_train_display_data' in 'createrailwaysnavigator:network'.
[29авг.2026 23:00:05.011] [modloading-worker-0/INFO] [com.cupboard.Cupboard/]: Loaded config for: cupboard.json
[29авг.2026 23:00:05.034] [modloading-worker-0/INFO] [iris_search/]: IrisSearch: IrisSearch v1.6.0 initialized successfully.
[29авг.2026 23:00:05.235] [modloading-worker-0/INFO] [DragonLib Networking System/]: Registering C2S network packet of type SEND_AND_RECEIVE with id 'get_next_connections_display_data' in 'createrailwaysnavigator:network'.
[29авг.2026 23:00:05.238] [modloading-worker-0/INFO] [DragonLib Networking System/]: Registering C2S network packet of type SEND_AND_RECEIVE with id 'get_train_line' in 'createrailwaysnavigator:network'.
[29авг.2026 23:00:05.251] [modloading-worker-0/INFO] [Puzzles Lib/]: Constructing components for tradingpost:common
[29авг.2026 23:00:05.252] [modloading-worker-0/INFO] [DragonLib Networking System/]: Registering C2S network packet of type SEND_AND_RECEIVE with id 'update_train_line_name' in 'createrailwaysnavigator:network'.
[29авг.2026 23:00:05.256] [modloading-worker-0/INFO] [DragonLib Networking System/]: Registering C2S network packet of type SEND_AND_RECEIVE with id 'create_train_line' in 'createrailwaysnavigator:network'.
[29авг.2026 23:00:05.275] [modloading-worker-0/INFO] [DragonLib Networking System/]: Registering C2S network packet of type SEND_AND_RECEIVE with id 'update_train_line_permissions' in 'createrailwaysnavigator:network'.
[29авг.2026 23:00:05.279] [modloading-worker-0/INFO] [DragonLib Networking System/]: Registering C2S network packet of type SEND_AND_RECEIVE with id 'navigate' in 'createrailwaysnavigator:network'.
[29авг.2026 23:00:05.300] [modloading-worker-0/INFO] [DragonLib Networking System/]: Registering C2S network packet of type SEND_AND_RECEIVE with id 'get_departure_and_arrival_routes_at' in 'createrailwaysnavigator:network'.
[29авг.2026 23:00:05.304] [modloading-worker-0/INFO] [DragonLib Networking System/]: Registering C2S network packet of type SEND_AND_RECEIVE with id 'get_departures_at' in 'createrailwaysnavigator:network'.
[29авг.2026 23:00:05.307] [modloading-worker-0/INFO] [DragonLib Networking System/]: Registering C2S network packet of type SEND_AND_RECEIVE with id 'get_station_departure_history' in 'createrailwaysnavigator:network'.
[29авг.2026 23:00:05.312] [modloading-worker-0/INFO] [DragonLib Networking System/]: Registering C2S network packet of type SEND_AND_RECEIVE with id 'register_station_tag' in 'createrailwaysnavigator:network'.
[29авг.2026 23:00:05.313] [modloading-worker-0/INFO] [Puzzles Lib/]: Constructing components for tradingpost:client
[29авг.2026 23:00:05.314] [modloading-worker-0/INFO] [DragonLib Networking System/]: Registering C2S network packet of type SEND_AND_RECEIVE with id 'delete_station_tag' in 'createrailwaysnavigator:network'.
[29авг.2026 23:00:05.316] [modloading-worker-0/INFO] [DragonLib Networking System/]: Registering C2S network packet of type SEND_AND_RECEIVE with id 'update_station_tag_name' in 'createrailwaysnavigator:network'.
[29авг.2026 23:00:05.318] [modloading-worker-0/INFO] [DragonLib Networking System/]: Registering C2S network packet of type SEND_AND_RECEIVE with id 'delete_train_category' in 'createrailwaysnavigator:network'.
[29авг.2026 23:00:05.334] [modloading-worker-0/INFO] [DragonLib Networking System/]: Registering C2S network packet of type SEND_AND_RECEIVE with id 'update_train_category_color' in 'createrailwaysnavigator:network'.
[29авг.2026 23:00:05.335] [modloading-worker-0/INFO] [DragonLib Networking System/]: Registering C2S network packet of type SEND_AND_RECEIVE with id 'delete_train_line' in 'createrailwaysnavigator:network'.
[29авг.2026 23:00:05.337] [modloading-worker-0/INFO] [DragonLib Networking System/]: Registering C2S network packet of type SEND_AND_RECEIVE with id 'update_train_line_color' in 'createrailwaysnavigator:network'.
[29авг.2026 23:00:05.339] [modloading-worker-0/INFO] [DragonLib Networking System/]: Registering C2S network packet of type SEND_AND_RECEIVE with id 'save_user_settings' in 'createrailwaysnavigator:network'.
[29авг.2026 23:00:05.344] [modloading-worker-0/INFO] [DragonLib Networking System/]: Registering C2S network packet of type SEND with id 'train_soft_reset' in 'createrailwaysnavigator:network'.
[29авг.2026 23:00:05.345] [modloading-worker-0/INFO] [DragonLib Networking System/]: Registering C2S network packet of type SEND with id 'train_hard_reset' in 'createrailwaysnavigator:network'.
[29авг.2026 23:00:05.349] [modloading-worker-0/INFO] [DragonLib Networking System/]: Registering C2S network packet of type SEND with id 'advanced_display_update_packet' in 'createrailwaysnavigator:network'.
[29авг.2026 23:00:05.417] [modloading-worker-0/INFO] [DragonLib Networking System/]: Registering C2S network packet of type SEND with id 'teleport_player' in 'createrailwaysnavigator:network'.
[29авг.2026 23:00:05.419] [modloading-worker-0/INFO] [DragonLib Networking System/]: Registering C2S network packet of type RECEIVE with id 'get_all_station_tags' in 'createrailwaysnavigator:network'.
[29авг.2026 23:00:05.421] [modloading-worker-0/INFO] [DragonLib Networking System/]: Registering C2S network packet of type RECEIVE with id 'get_all_train_categories' in 'createrailwaysnavigator:network'.
[29авг.2026 23:00:05.426] [modloading-worker-0/INFO] [DragonLib Networking System/]: Registering C2S network packet of type RECEIVE with id 'get_all_train_lines' in 'createrailwaysnavigator:network'.
[29авг.2026 23:00:05.426] [modloading-worker-0/WARN] [mixin/]: Discarding @Unique public method rotate in copycats-neoforge.mixins.json:foundation.copycat.CopycatBlockMixin from mod copycats because it already exists in com.copycatsplus.copycats.content.copycat.fluid_pipe.CopycatGlassFluidPipeBlock
[29авг.2026 23:00:05.426] [modloading-worker-0/WARN] [mixin/]: Discarding @Unique public method mirror in copycats-neoforge.mixins.json:foundation.copycat.CopycatBlockMixin from mod copycats because it already exists in com.copycatsplus.copycats.content.copycat.fluid_pipe.CopycatGlassFluidPipeBlock
[29авг.2026 23:00:05.426] [modloading-worker-0/WARN] [mixin/]: Discarding @Unique public method useItemOn in copycats-neoforge.mixins.json:foundation.copycat.CopycatBlockMixin from mod copycats because it already exists in com.copycatsplus.copycats.content.copycat.fluid_pipe.CopycatGlassFluidPipeBlock
[29авг.2026 23:00:05.426] [modloading-worker-0/WARN] [mixin/]: Discarding @Unique public method useWithoutItem in copycats-neoforge.mixins.json:foundation.copycat.CopycatBlockMixin from mod copycats because it already exists in com.copycatsplus.copycats.content.copycat.fluid_pipe.CopycatGlassFluidPipeBlock
[29авг.2026 23:00:05.432] [modloading-worker-0/WARN] [mixin/]: Discarding @Unique public method rotate in copycats-neoforge.mixins.json:foundation.copycat.CopycatBlockMixin from mod copycats because it already exists in com.copycatsplus.copycats.content.copycat.door.CopycatDoorBlock
[29авг.2026 23:00:05.432] [modloading-worker-0/INFO] [DragonLib Networking System/]: Registering C2S network packet of type RECEIVE with id 'get_all_blacklisted_stations' in 'createrailwaysnavigator:network'.
[29авг.2026 23:00:05.432] [modloading-worker-0/WARN] [mixin/]: Discarding @Unique public method mirror in copycats-neoforge.mixins.json:foundation.copycat.CopycatBlockMixin from mod copycats because it already exists in com.copycatsplus.copycats.content.copycat.door.CopycatDoorBlock
[29авг.2026 23:00:05.432] [modloading-worker-0/WARN] [mixin/]: Discarding @Unique public method useItemOn in copycats-neoforge.mixins.json:foundation.copycat.CopycatBlockMixin from mod copycats because it already exists in com.copycatsplus.copycats.content.copycat.door.CopycatDoorBlock
[29авг.2026 23:00:05.432] [modloading-worker-0/WARN] [mixin/]: Discarding @Unique public method useWithoutItem in copycats-neoforge.mixins.json:foundation.copycat.CopycatBlockMixin from mod copycats because it already exists in com.copycatsplus.copycats.content.copycat.door.CopycatDoorBlock
[29авг.2026 23:00:05.437] [modloading-worker-0/INFO] [DragonLib Networking System/]: Registering C2S network packet of type RECEIVE with id 'get_all_blacklisted_trains' in 'createrailwaysnavigator:network'.
[29авг.2026 23:00:05.466] [modloading-worker-0/INFO] [DragonLib Networking System/]: Registering C2S network packet of type RECEIVE with id 'get_all_train_names' in 'createrailwaysnavigator:network'.
[29авг.2026 23:00:05.467] [modloading-worker-0/INFO] [DragonLib Networking System/]: Registering C2S network packet of type RECEIVE with id 'get_all_station_names' in 'createrailwaysnavigator:network'.
[29авг.2026 23:00:05.467] [modloading-worker-0/WARN] [mixin/]: Discarding @Unique public method rotate in copycats-neoforge.mixins.json:foundation.copycat.CopycatBlockMixin from mod copycats because it already exists in com.copycatsplus.copycats.content.copycat.sliding_door.CopycatSlidingDoorBlock
[29авг.2026 23:00:05.467] [modloading-worker-0/WARN] [mixin/]: Discarding @Unique public method mirror in copycats-neoforge.mixins.json:foundation.copycat.CopycatBlockMixin from mod copycats because it already exists in com.copycatsplus.copycats.content.copycat.sliding_door.CopycatSlidingDoorBlock
[29авг.2026 23:00:05.467] [modloading-worker-0/WARN] [mixin/]: Discarding @Unique public method useItemOn in copycats-neoforge.mixins.json:foundation.copycat.CopycatBlockMixin from mod copycats because it already exists in com.copycatsplus.copycats.content.copycat.sliding_door.CopycatSlidingDoorBlock
[29авг.2026 23:00:05.467] [modloading-worker-0/WARN] [mixin/]: Discarding @Unique public method useWithoutItem in copycats-neoforge.mixins.json:foundation.copycat.CopycatBlockMixin from mod copycats because it already exists in com.copycatsplus.copycats.content.copycat.sliding_door.CopycatSlidingDoorBlock
[29авг.2026 23:00:05.471] [modloading-worker-0/INFO] [DragonLib Networking System/]: Registering C2S network packet of type RECEIVE with id 'all_trains_initialized' in 'createrailwaysnavigator:network'.
[29авг.2026 23:00:05.474] [modloading-worker-0/INFO] [DragonLib Networking System/]: Registering C2S network packet of type RECEIVE with id 'get_all_trains_debug_data' in 'createrailwaysnavigator:network'.
[29авг.2026 23:00:05.483] [modloading-worker-0/INFO] [DragonLib Networking System/]: Registering C2S network packet of type RECEIVE with id 'get_online_players' in 'createrailwaysnavigator:network'.
[29авг.2026 23:00:05.486] [modloading-worker-0/INFO] [DragonLib Networking System/]: Registering S2C network packet of type SEND with id 'show_train_debug_screen' in 'createrailwaysnavigator:network'.
[29авг.2026 23:00:05.486] [modloading-worker-0/WARN] [mixin/]: Discarding @Unique public method rotate in copycats-neoforge.mixins.json:foundation.copycat.multistate.MultiStateCopycatBlockMixin from mod copycats because it already exists in com.copycatsplus.copycats.foundation.copycat.multistate.MultiStateCopycatBlock
[29авг.2026 23:00:05.486] [modloading-worker-0/WARN] [mixin/]: Discarding @Unique public method mirror in copycats-neoforge.mixins.json:foundation.copycat.multistate.MultiStateCopycatBlockMixin from mod copycats because it already exists in com.copycatsplus.copycats.foundation.copycat.multistate.MultiStateCopycatBlock
[29авг.2026 23:00:05.486] [modloading-worker-0/WARN] [mixin/]: Discarding @Unique public method useItemOn in copycats-neoforge.mixins.json:foundation.copycat.multistate.MultiStateCopycatBlockMixin from mod copycats because it already exists in com.copycatsplus.copycats.foundation.copycat.multistate.MultiStateCopycatBlock
[29авг.2026 23:00:05.486] [modloading-worker-0/WARN] [mixin/]: Discarding @Unique public method useWithoutItem in copycats-neoforge.mixins.json:foundation.copycat.multistate.MultiStateCopycatBlockMixin from mod copycats because it already exists in com.copycatsplus.copycats.foundation.copycat.multistate.MultiStateCopycatBlock
[29авг.2026 23:00:05.486] [modloading-worker-0/INFO] [DragonLib Networking System/]: Registering S2C network packet of type SEND with id 'server_error' in 'createrailwaysnavigator:network'.
[29авг.2026 23:00:05.514] [modloading-worker-0/WARN] [mixin/]: Discarding @Unique public method rotate in copycats-neoforge.mixins.json:foundation.copycat.CopycatBlockMixin from mod copycats because it already exists in com.copycatsplus.copycats.foundation.copycat.CCCopycatBlock
[29авг.2026 23:00:05.514] [modloading-worker-0/WARN] [mixin/]: Discarding @Unique public method mirror in copycats-neoforge.mixins.json:foundation.copycat.CopycatBlockMixin from mod copycats because it already exists in com.copycatsplus.copycats.foundation.copycat.CCCopycatBlock
[29авг.2026 23:00:05.514] [modloading-worker-0/WARN] [mixin/]: Discarding @Unique public method useItemOn in copycats-neoforge.mixins.json:foundation.copycat.CopycatBlockMixin from mod copycats because it already exists in com.copycatsplus.copycats.foundation.copycat.CCCopycatBlock
[29авг.2026 23:00:05.514] [modloading-worker-0/WARN] [mixin/]: Discarding @Unique public method useWithoutItem in copycats-neoforge.mixins.json:foundation.copycat.CopycatBlockMixin from mod copycats because it already exists in com.copycatsplus.copycats.foundation.copycat.CCCopycatBlock
[29авг.2026 23:00:05.570] [modloading-worker-0/INFO] [Puzzles Lib/]: Constructing components for easymagic:common
[29авг.2026 23:00:05.607] [modloading-worker-0/INFO] [com.happysg.radar.CreateRadar/]: Initializing Create Radar!
[29авг.2026 23:00:05.619] [modloading-worker-0/WARN] [mixin/]: Discarding @Unique public method rotate in copycats-neoforge.mixins.json:foundation.copycat.CopycatBlockMixin from mod copycats because it already exists in com.copycatsplus.copycats.content.copycat.button.CopycatButtonBlock
[29авг.2026 23:00:05.619] [modloading-worker-0/WARN] [mixin/]: Discarding @Unique public method mirror in copycats-neoforge.mixins.json:foundation.copycat.CopycatBlockMixin from mod copycats because it already exists in com.copycatsplus.copycats.content.copycat.button.CopycatButtonBlock
[29авг.2026 23:00:05.619] [modloading-worker-0/WARN] [mixin/]: Discarding @Unique public method useItemOn in copycats-neoforge.mixins.json:foundation.copycat.CopycatBlockMixin from mod copycats because it already exists in com.copycatsplus.copycats.content.copycat.button.CopycatButtonBlock
[29авг.2026 23:00:05.619] [modloading-worker-0/WARN] [mixin/]: Discarding @Unique public method useWithoutItem in copycats-neoforge.mixins.json:foundation.copycat.CopycatBlockMixin from mod copycats because it already exists in com.copycatsplus.copycats.content.copycat.button.CopycatButtonBlock
[29авг.2026 23:00:05.639] [modloading-worker-0/INFO] [Puzzles Lib/]: Dispatching loading event for config easymagic-client.toml
[29авг.2026 23:00:05.641] [modloading-worker-0/INFO] [Puzzles Lib/]: Dispatching loading event for config easymagic-common.toml
[29авг.2026 23:00:05.650] [modloading-worker-0/INFO] [com.happysg.radar.CreateRadar/]: Registering Items!
[29авг.2026 23:00:05.656] [modloading-worker-0/WARN] [mixin/]: Discarding @Unique public method rotate in copycats-neoforge.mixins.json:foundation.copycat.CopycatBlockMixin from mod copycats because it already exists in com.copycatsplus.copycats.content.copycat.fence.CopycatFenceBlock
[29авг.2026 23:00:05.657] [modloading-worker-0/WARN] [mixin/]: Discarding @Unique public method mirror in copycats-neoforge.mixins.json:foundation.copycat.CopycatBlockMixin from mod copycats because it already exists in com.copycatsplus.copycats.content.copycat.fence.CopycatFenceBlock
[29авг.2026 23:00:05.657] [modloading-worker-0/WARN] [mixin/]: Discarding @Unique public method useItemOn in copycats-neoforge.mixins.json:foundation.copycat.CopycatBlockMixin from mod copycats because it already exists in com.copycatsplus.copycats.content.copycat.fence.CopycatFenceBlock
[29авг.2026 23:00:05.657] [modloading-worker-0/WARN] [mixin/]: Discarding @Unique public method useWithoutItem in copycats-neoforge.mixins.json:foundation.copycat.CopycatBlockMixin from mod copycats because it already exists in com.copycatsplus.copycats.content.copycat.fence.CopycatFenceBlock
[29авг.2026 23:00:05.669] [modloading-worker-0/INFO] [Puzzles Lib/]: Constructing components for easymagic:client
[29авг.2026 23:00:05.670] [modloading-worker-0/INFO] [xaero.lib.XaeroLib/]: Registering common data for channel xaerolib:main!
[29авг.2026 23:00:05.672] [modloading-worker-0/WARN] [mixin/]: Discarding @Unique public method rotate in copycats-neoforge.mixins.json:foundation.copycat.CopycatBlockMixin from mod copycats because it already exists in com.copycatsplus.copycats.content.copycat.fence_gate.CopycatFenceGateBlock
[29авг.2026 23:00:05.672] [modloading-worker-0/WARN] [mixin/]: Discarding @Unique public method mirror in copycats-neoforge.mixins.json:foundation.copycat.CopycatBlockMixin from mod copycats because it already exists in com.copycatsplus.copycats.content.copycat.fence_gate.CopycatFenceGateBlock
[29авг.2026 23:00:05.673] [modloading-worker-0/WARN] [mixin/]: Discarding @Unique public method useItemOn in copycats-neoforge.mixins.json:foundation.copycat.CopycatBlockMixin from mod copycats because it already exists in com.copycatsplus.copycats.content.copycat.fence_gate.CopycatFenceGateBlock
[29авг.2026 23:00:05.673] [modloading-worker-0/WARN] [mixin/]: Discarding @Unique public method useWithoutItem in copycats-neoforge.mixins.json:foundation.copycat.CopycatBlockMixin from mod copycats because it already exists in com.copycatsplus.copycats.content.copycat.fence_gate.CopycatFenceGateBlock
[29авг.2026 23:00:05.677] [modloading-worker-0/INFO] [xaero.lib.XaeroLib/]: Registering client data for channel xaerolib:main!
[29авг.2026 23:00:05.678] [modloading-worker-0/INFO] [xaero.lib.XaeroLib/]: Loading primary common config for channel xaerolib:main!
[29авг.2026 23:00:05.679] [modloading-worker-0/INFO] [STDOUT/]: [dev.tr7zw.trender.gui.impl.client.LibGuiClient:onInitializeClient:37]: [TRender] Initializing Client...
[29авг.2026 23:00:05.684] [modloading-worker-0/INFO] [xaero.lib.XaeroLib/]: Loading server config profiles for channel xaerolib:main!
[29авг.2026 23:00:05.688] [modloading-worker-0/INFO] [xaero.lib.XaeroLib/]: Loading primary client config for channel xaerolib:main!
[29авг.2026 23:00:05.695] [modloading-worker-0/INFO] [xaero.lib.XaeroLib/]: Loading client config profiles for channel xaerolib:main!
[29авг.2026 23:00:05.698] [modloading-worker-0/INFO] [Puzzles Lib/]: Constructing components for cutthrough:common
[29авг.2026 23:00:05.699] [modloading-worker-0/INFO] [Puzzles Lib/]: Dispatching loading event for config cutthrough-client.toml
[29авг.2026 23:00:05.701] [modloading-worker-0/INFO] [Puzzles Lib/]: Constructing components for cutthrough:client
[29авг.2026 23:00:05.714] [modloading-worker-0/WARN] [mixin/]: Discarding @Unique public method rotate in copycats-neoforge.mixins.json:foundation.copycat.CopycatBlockMixin from mod copycats because it already exists in com.copycatsplus.copycats.content.copycat.ladder.CopycatLadderBlock
[29авг.2026 23:00:05.714] [modloading-worker-0/WARN] [mixin/]: Discarding @Unique public method mirror in copycats-neoforge.mixins.json:foundation.copycat.CopycatBlockMixin from mod copycats because it already exists in com.copycatsplus.copycats.content.copycat.ladder.CopycatLadderBlock
[29авг.2026 23:00:05.715] [modloading-worker-0/WARN] [mixin/]: Discarding @Unique public method useItemOn in copycats-neoforge.mixins.json:foundation.copycat.CopycatBlockMixin from mod copycats because it already exists in com.copycatsplus.copycats.content.copycat.ladder.CopycatLadderBlock
[29авг.2026 23:00:05.715] [modloading-worker-0/WARN] [mixin/]: Discarding @Unique public method useWithoutItem in copycats-neoforge.mixins.json:foundation.copycat.CopycatBlockMixin from mod copycats because it already exists in com.copycatsplus.copycats.content.copycat.ladder.CopycatLadderBlock
[29авг.2026 23:00:05.722] [modloading-worker-0/INFO] [com.happysg.radar.CreateRadar/]: Registering blocks!
[29авг.2026 23:00:05.730] [modloading-worker-0/WARN] [mixin/]: Discarding @Unique public method rotate in copycats-neoforge.mixins.json:foundation.copycat.CopycatBlockMixin from mod copycats because it already exists in com.copycatsplus.copycats.content.copycat.pressure_plate.CopycatPressurePlateBlock
[29авг.2026 23:00:05.730] [modloading-worker-0/WARN] [mixin/]: Discarding @Unique public method mirror in copycats-neoforge.mixins.json:foundation.copycat.CopycatBlockMixin from mod copycats because it already exists in com.copycatsplus.copycats.content.copycat.pressure_plate.CopycatPressurePlateBlock
[29авг.2026 23:00:05.730] [modloading-worker-0/WARN] [mixin/]: Discarding @Unique public method useItemOn in copycats-neoforge.mixins.json:foundation.copycat.CopycatBlockMixin from mod copycats because it already exists in com.copycatsplus.copycats.content.copycat.pressure_plate.CopycatPressurePlateBlock
[29авг.2026 23:00:05.730] [modloading-worker-0/WARN] [mixin/]: Discarding @Unique public method useWithoutItem in copycats-neoforge.mixins.json:foundation.copycat.CopycatBlockMixin from mod copycats because it already exists in com.copycatsplus.copycats.content.copycat.pressure_plate.CopycatPressurePlateBlock
[29авг.2026 23:00:05.740] [modloading-worker-0/WARN] [mixin/]: Discarding @Unique public method rotate in copycats-neoforge.mixins.json:foundation.copycat.CopycatBlockMixin from mod copycats because it already exists in com.copycatsplus.copycats.content.copycat.pressure_plate.CopycatWeightedPressurePlate
[29авг.2026 23:00:05.740] [modloading-worker-0/WARN] [mixin/]: Discarding @Unique public method mirror in copycats-neoforge.mixins.json:foundation.copycat.CopycatBlockMixin from mod copycats because it already exists in com.copycatsplus.copycats.content.copycat.pressure_plate.CopycatWeightedPressurePlate
[29авг.2026 23:00:05.740] [modloading-worker-0/WARN] [mixin/]: Discarding @Unique public method useItemOn in copycats-neoforge.mixins.json:foundation.copycat.CopycatBlockMixin from mod copycats because it already exists in com.copycatsplus.copycats.content.copycat.pressure_plate.CopycatWeightedPressurePlate
[29авг.2026 23:00:05.740] [modloading-worker-0/WARN] [mixin/]: Discarding @Unique public method useWithoutItem in copycats-neoforge.mixins.json:foundation.copycat.CopycatBlockMixin from mod copycats because it already exists in com.copycatsplus.copycats.content.copycat.pressure_plate.CopycatWeightedPressurePlate
[29авг.2026 23:00:05.757] [modloading-worker-0/INFO] [com.happysg.radar.CreateRadar/]: Registering block entity types!
[29авг.2026 23:00:05.760] [modloading-worker-0/INFO] [com.happysg.radar.CreateRadar/]: Registering CreativeTabs!
[29авг.2026 23:00:05.761] [modloading-worker-0/INFO] [com.happysg.radar.CreateRadar/]: Registering Lang!
[29авг.2026 23:00:05.762] [modloading-worker-0/WARN] [mixin/]: Discarding @Unique public method rotate in copycats-neoforge.mixins.json:foundation.copycat.CopycatBlockMixin from mod copycats because it already exists in com.copycatsplus.copycats.content.copycat.stairs.CopycatStairsBlock
[29авг.2026 23:00:05.762] [modloading-worker-0/WARN] [mixin/]: Discarding @Unique public method mirror in copycats-neoforge.mixins.json:foundation.copycat.CopycatBlockMixin from mod copycats because it already exists in com.copycatsplus.copycats.content.copycat.stairs.CopycatStairsBlock
[29авг.2026 23:00:05.762] [modloading-worker-0/WARN] [mixin/]: Discarding @Unique public method useItemOn in copycats-neoforge.mixins.json:foundation.copycat.CopycatBlockMixin from mod copycats because it already exists in com.copycatsplus.copycats.content.copycat.stairs.CopycatStairsBlock
[29авг.2026 23:00:05.762] [modloading-worker-0/WARN] [mixin/]: Discarding @Unique public method useWithoutItem in copycats-neoforge.mixins.json:foundation.copycat.CopycatBlockMixin from mod copycats because it already exists in com.copycatsplus.copycats.content.copycat.stairs.CopycatStairsBlock
[29авг.2026 23:00:05.779] [modloading-worker-0/WARN] [mixin/]: Discarding @Unique public method rotate in copycats-neoforge.mixins.json:foundation.copycat.CopycatBlockMixin from mod copycats because it already exists in com.copycatsplus.copycats.content.copycat.trapdoor.CopycatTrapdoorBlock
[29авг.2026 23:00:05.779] [modloading-worker-0/WARN] [mixin/]: Discarding @Unique public method mirror in copycats-neoforge.mixins.json:foundation.copycat.CopycatBlockMixin from mod copycats because it already exists in com.copycatsplus.copycats.content.copycat.trapdoor.CopycatTrapdoorBlock
[29авг.2026 23:00:05.779] [modloading-worker-0/WARN] [mixin/]: Discarding @Unique public method useItemOn in copycats-neoforge.mixins.json:foundation.copycat.CopycatBlockMixin from mod copycats because it already exists in com.copycatsplus.copycats.content.copycat.trapdoor.CopycatTrapdoorBlock
[29авг.2026 23:00:05.779] [modloading-worker-0/WARN] [mixin/]: Discarding @Unique public method useWithoutItem in copycats-neoforge.mixins.json:foundation.copycat.CopycatBlockMixin from mod copycats because it already exists in com.copycatsplus.copycats.content.copycat.trapdoor.CopycatTrapdoorBlock
[29авг.2026 23:00:05.779] [modloading-worker-0/INFO] [de.keksuccino.fancymenu.FancyMenu/]: [FANCYMENU] Loading v3.9.9 in client-side mode on NEOFORGE!
[29авг.2026 23:00:05.786] [modloading-worker-0/INFO] [DragonLib Networking System/]: Registering C2S network packet of type SEND with id 'update_writable_sign' in 'dragonlib:network'.
[29авг.2026 23:00:05.797] [modloading-worker-0/INFO] [com.happysg.radar.CreateRadar/]: Registering Peripherals!
[29авг.2026 23:00:05.802] [modloading-worker-0/INFO] [DragonLib Networking System/]: Registering C2S network packet of type SEND with id 'string_message' in 'dragonlib:network_test'.
[29авг.2026 23:00:05.804] [modloading-worker-0/INFO] [DragonLib Networking System/]: Registering C2S network packet of type SEND_AND_RECEIVE with id 'test_msg' in 'dragonlib:network_test'.
[29авг.2026 23:00:05.807] [modloading-worker-0/WARN] [mixin/]: Discarding @Unique public method rotate in copycats-neoforge.mixins.json:foundation.copycat.CopycatBlockMixin from mod copycats because it already exists in com.copycatsplus.copycats.content.copycat.wall.CopycatWallBlock
[29авг.2026 23:00:05.809] [modloading-worker-0/WARN] [mixin/]: Discarding @Unique public method mirror in copycats-neoforge.mixins.json:foundation.copycat.CopycatBlockMixin from mod copycats because it already exists in com.copycatsplus.copycats.content.copycat.wall.CopycatWallBlock
[29авг.2026 23:00:05.809] [modloading-worker-0/WARN] [mixin/]: Discarding @Unique public method useItemOn in copycats-neoforge.mixins.json:foundation.copycat.CopycatBlockMixin from mod copycats because it already exists in com.copycatsplus.copycats.content.copycat.wall.CopycatWallBlock
[29авг.2026 23:00:05.809] [modloading-worker-0/WARN] [mixin/]: Discarding @Unique public method useWithoutItem in copycats-neoforge.mixins.json:foundation.copycat.CopycatBlockMixin from mod copycats because it already exists in com.copycatsplus.copycats.content.copycat.wall.CopycatWallBlock
[29авг.2026 23:00:05.825] [modloading-worker-0/INFO] [coroutil/]: neo forge loader environment detected
[29авг.2026 23:00:05.828] [modloading-worker-0/INFO] [DragonLib/]: Starting the setup of DragonLib...
[29авг.2026 23:00:05.836] [Mountain Dragon/INFO] [DragonLib/]:                              +++ 🐉 +++                             
[29авг.2026 23:00:05.837] [Mountain Dragon/INFO] [DragonLib/]: ---------------------------------------------------------------------
[29авг.2026 23:00:05.837] [Mountain Dragon/INFO] [DragonLib/]:           Loaded DragonLib v1.21.1-beta-3.0.28 by MrJulsen!          
[29авг.2026 23:00:05.837] [Mountain Dragon/INFO] [DragonLib/]:               Minecraft NeoForge Client 1.21.1-21.1.248              
[29авг.2026 23:00:05.837] [Mountain Dragon/INFO] [DragonLib/]: 
[29авг.2026 23:00:05.837] [Mountain Dragon/INFO] [DragonLib/]:                 Discord: https://discord.mrjulsen.net                
[29авг.2026 23:00:05.839] [Mountain Dragon/INFO] [DragonLib/]:                        Documentation: unknown                       
[29авг.2026 23:00:05.839] [Mountain Dragon/INFO] [DragonLib/]:   Bug Reports: https://github.com/MisterJulsen/MC-DragonLib2/issues  
[29авг.2026 23:00:05.839] [Mountain Dragon/INFO] [DragonLib/]: ---------------------------------------------------------------------
[29авг.2026 23:00:05.839] [Mountain Dragon/INFO] [DragonLib/]:                              +++ 🐉 +++                             
[29авг.2026 23:00:05.846] [modloading-worker-0/WARN] [mixin/]: Discarding @Unique public method rotate in copycats-neoforge.mixins.json:foundation.copycat.CopycatBlockMixin from mod copycats because it already exists in com.copycatsplus.copycats.content.copycat.shaft.CopycatShaftBlock
[29авг.2026 23:00:05.846] [modloading-worker-0/WARN] [mixin/]: Discarding @Unique public method mirror in copycats-neoforge.mixins.json:foundation.copycat.CopycatBlockMixin from mod copycats because it already exists in com.copycatsplus.copycats.content.copycat.shaft.CopycatShaftBlock
[29авг.2026 23:00:05.846] [modloading-worker-0/WARN] [mixin/]: Discarding @Unique public method useItemOn in copycats-neoforge.mixins.json:foundation.copycat.CopycatBlockMixin from mod copycats because it already exists in com.copycatsplus.copycats.content.copycat.shaft.CopycatShaftBlock
[29авг.2026 23:00:05.846] [modloading-worker-0/WARN] [mixin/]: Discarding @Unique public method useWithoutItem in copycats-neoforge.mixins.json:foundation.copycat.CopycatBlockMixin from mod copycats because it already exists in com.copycatsplus.copycats.content.copycat.shaft.CopycatShaftBlock
[29авг.2026 23:00:05.870] [modloading-worker-0/WARN] [mixin/]: Discarding @Unique public method rotate in copycats-neoforge.mixins.json:foundation.copycat.multistate.MultiStateCopycatBlockMixin from mod copycats because it already exists in com.copycatsplus.copycats.content.copycat.cogwheel.CopycatCogWheelBlock
[29авг.2026 23:00:05.870] [modloading-worker-0/WARN] [mixin/]: Discarding @Unique public method mirror in copycats-neoforge.mixins.json:foundation.copycat.multistate.MultiStateCopycatBlockMixin from mod copycats because it already exists in com.copycatsplus.copycats.content.copycat.cogwheel.CopycatCogWheelBlock
[29авг.2026 23:00:05.870] [modloading-worker-0/WARN] [mixin/]: Discarding @Unique public method useItemOn in copycats-neoforge.mixins.json:foundation.copycat.multistate.MultiStateCopycatBlockMixin from mod copycats because it already exists in com.copycatsplus.copycats.content.copycat.cogwheel.CopycatCogWheelBlock
[29авг.2026 23:00:05.870] [modloading-worker-0/WARN] [mixin/]: Discarding @Unique public method useWithoutItem in copycats-neoforge.mixins.json:foundation.copycat.multistate.MultiStateCopycatBlockMixin from mod copycats because it already exists in com.copycatsplus.copycats.content.copycat.cogwheel.CopycatCogWheelBlock
[29авг.2026 23:00:05.900] [modloading-worker-0/WARN] [mixin/]: Discarding @Unique public method rotate in copycats-neoforge.mixins.json:foundation.copycat.CopycatBlockMixin from mod copycats because it already exists in com.copycatsplus.copycats.content.copycat.fluid_pipe.CopycatFluidPipeBlock
[29авг.2026 23:00:05.900] [modloading-worker-0/WARN] [mixin/]: Discarding @Unique public method mirror in copycats-neoforge.mixins.json:foundation.copycat.CopycatBlockMixin from mod copycats because it already exists in com.copycatsplus.copycats.content.copycat.fluid_pipe.CopycatFluidPipeBlock
[29авг.2026 23:00:05.900] [modloading-worker-0/WARN] [mixin/]: Discarding @Unique public method useItemOn in copycats-neoforge.mixins.json:foundation.copycat.CopycatBlockMixin from mod copycats because it already exists in com.copycatsplus.copycats.content.copycat.fluid_pipe.CopycatFluidPipeBlock
[29авг.2026 23:00:05.900] [modloading-worker-0/WARN] [mixin/]: Discarding @Unique public method useWithoutItem in copycats-neoforge.mixins.json:foundation.copycat.CopycatBlockMixin from mod copycats because it already exists in com.copycatsplus.copycats.content.copycat.fluid_pipe.CopycatFluidPipeBlock
[29авг.2026 23:00:05.957] [modloading-worker-0/WARN] [mixin/]: Discarding @Unique public method rotate in copycats-neoforge.mixins.json:foundation.copycat.CopycatBlockMixin from mod copycats because it already exists in com.copycatsplus.copycats.content.copycat.pane.CopycatPaneBlock
[29авг.2026 23:00:05.958] [modloading-worker-0/WARN] [mixin/]: Discarding @Unique public method mirror in copycats-neoforge.mixins.json:foundation.copycat.CopycatBlockMixin from mod copycats because it already exists in com.copycatsplus.copycats.content.copycat.pane.CopycatPaneBlock
[29авг.2026 23:00:05.958] [modloading-worker-0/WARN] [mixin/]: Discarding @Unique public method useItemOn in copycats-neoforge.mixins.json:foundation.copycat.CopycatBlockMixin from mod copycats because it already exists in com.copycatsplus.copycats.content.copycat.pane.CopycatPaneBlock
[29авг.2026 23:00:05.958] [modloading-worker-0/WARN] [mixin/]: Discarding @Unique public method useWithoutItem in copycats-neoforge.mixins.json:foundation.copycat.CopycatBlockMixin from mod copycats because it already exists in com.copycatsplus.copycats.content.copycat.pane.CopycatPaneBlock
[29авг.2026 23:00:05.997] [modloading-worker-0/WARN] [mixin/]: Discarding @Unique public method onLoad in copycats-neoforge.mixins.json:foundation.copycat.CopycatBlockEntityMixin from mod copycats because it already exists in com.copycatsplus.copycats.foundation.copycat.CCCopycatBlockEntity
[29авг.2026 23:00:06.001] [modloading-worker-0/INFO] [YetAnotherConfigLib/]: Deserializing YACLConfig from 'C:\Users\Mike\AppData\Roaming\.minecraft\versions\create new\config\yacl.json5'
[29авг.2026 23:00:06.002] [modloading-worker-0/WARN] [mixin/]: Discarding @Unique public method onLoad in copycats-neoforge.mixins.json:foundation.copycat.multistate.MultiStateCopycatBlockEntityMixin from mod copycats because it already exists in com.copycatsplus.copycats.foundation.copycat.multistate.MultiStateCopycatBlockEntity
[29авг.2026 23:00:06.013] [modloading-worker-0/WARN] [mixin/]: Discarding @Unique public method onLoad in copycats-neoforge.mixins.json:foundation.copycat.CopycatBlockEntityMixin from mod copycats because it already exists in com.copycatsplus.copycats.content.copycat.shaft.CopycatShaftBlockEntity
[29авг.2026 23:00:06.018] [modloading-worker-0/WARN] [mixin/]: Discarding @Unique public method onLoad in copycats-neoforge.mixins.json:foundation.copycat.multistate.MultiStateCopycatBlockEntityMixin from mod copycats because it already exists in com.copycatsplus.copycats.content.copycat.cogwheel.CopycatCogWheelBlockEntity
[29авг.2026 23:00:06.026] [modloading-worker-0/WARN] [mixin/]: Discarding @Unique public method onLoad in copycats-neoforge.mixins.json:foundation.copycat.CopycatBlockEntityMixin from mod copycats because it already exists in com.copycatsplus.copycats.content.copycat.fluid_pipe.CopycatFluidPipeBlockEntity
[29авг.2026 23:00:06.030] [modloading-worker-0/WARN] [mixin/]: Discarding @Unique public method onLoad in copycats-neoforge.mixins.json:foundation.copycat.CopycatBlockEntityMixin from mod copycats because it already exists in com.copycatsplus.copycats.content.copycat.fluid_pipe.CopycatStraightPipeBlockEntity
[29авг.2026 23:00:06.034] [modloading-worker-0/WARN] [mixin/]: Discarding @Unique public method onLoad in copycats-neoforge.mixins.json:foundation.copycat.CopycatBlockEntityMixin from mod copycats because it already exists in com.copycatsplus.copycats.content.copycat.sliding_door.CopycatSlidingDoorBlockEntity
[29авг.2026 23:00:06.049] [modloading-worker-0/INFO] [com.simibubi.create.Create/]: Create 6.0.10 initializing! Commit hash: ac0c444d9828da3453ae8cc65338e8de063286fb
[29авг.2026 23:00:06.100] [modloading-worker-0/WARN] [mixin/]: @ModifyConstant conflict. Skipping sable_sa_compat.mixins.json:create_sa.grapplin.GrapplinChainRendererMixin from mod sable_sa_compat->@ModifyConstant::get(D)D with priority 1000, already redirected by sable_sa_compat.mixins.json:create_sa.grapplin.GrapplinChainRendererMixin from mod sable_sa_compat->@ModifyConstant::dontGet2(D)D with priority 1000
[29авг.2026 23:00:06.100] [modloading-worker-0/WARN] [mixin/]: @ModifyConstant conflict. Skipping sable_sa_compat.mixins.json:create_sa.grapplin.GrapplinChainRendererMixin from mod sable_sa_compat->@ModifyConstant::get(D)D with priority 1000, already redirected by sable_sa_compat.mixins.json:create_sa.grapplin.GrapplinChainRendererMixin from mod sable_sa_compat->@ModifyConstant::dontGet(D)D with priority 1000
[29авг.2026 23:00:06.113] [modloading-worker-0/INFO] [org.patryk3211.powergrid.PowerGrid/]: Power grid starting, prepare to be electrocuted
[29авг.2026 23:00:06.126] [modloading-worker-0/INFO] [org.patryk3211.powergrid.PowerGrid/]: Native backend loaded successfully
[29авг.2026 23:00:06.639] [modloading-worker-0/INFO] [FTB Library/]: registered docs provider mod: patchouli
[29авг.2026 23:00:07.143] [modloading-worker-0/INFO] [net.zlt.create_vibrant_vaults.CreateVibrantVaults/]: Create addon mod [Create: Vibrant Vaults] is loading alongside Create [6.0.10]!
[29авг.2026 23:00:07.146] [modloading-worker-0/INFO] [Create: Interiors/]: Create: Interiors v0.6.1 initializing! Create version: 6.0.10 on platform: NeoForge
[29авг.2026 23:00:07.146] [modloading-worker-0/INFO] [STDOUT/]: [dev.lopyluna.gnkinetics.content.utils.GearsRegistry:register:46]: Registering Gears n' Kinetics Data Components...
[29авг.2026 23:00:07.147] [modloading-worker-0/INFO] [STDOUT/]: [dev.lopyluna.gnkinetics.content.utils.GearsRegistry:register:48]: Registering Gears n' Kinetics Creative Tabs...
[29авг.2026 23:00:07.147] [modloading-worker-0/INFO] [STDOUT/]: [dev.lopyluna.gnkinetics.content.utils.GearsRegistry:register:50]: Registering Gears n' Kinetics Damage Types...
[29авг.2026 23:00:07.148] [modloading-worker-0/INFO] [STDOUT/]: [dev.lopyluna.gnkinetics.content.utils.GearsRegistry:register:52]: Registering Gears n' Kinetics Mob Effects...
[29авг.2026 23:00:07.148] [modloading-worker-0/INFO] [STDOUT/]: [dev.lopyluna.gnkinetics.content.utils.GearsRegistry:register:54]: Registering Gears n' Kinetics Particles...
[29авг.2026 23:00:07.148] [modloading-worker-0/INFO] [STDOUT/]: [dev.lopyluna.gnkinetics.content.utils.GearsRegistry:register:56]: Registering Gears n' Kinetics Recipes Serializers...
[29авг.2026 23:00:07.149] [modloading-worker-0/INFO] [STDOUT/]: [dev.lopyluna.gnkinetics.content.utils.GearsRegistry:register:58]: Registering Gears n' Kinetics Recipes...
[29авг.2026 23:00:07.149] [modloading-worker-0/INFO] [STDOUT/]: [dev.lopyluna.gnkinetics.content.utils.GearsRegistry:register:60]: Registering Gears n' Kinetics Menus...
[29авг.2026 23:00:07.149] [modloading-worker-0/INFO] [STDOUT/]: [dev.lopyluna.gnkinetics.content.utils.GearsRegistry:register:62]: Registering Gears n' Kinetics Sounds...
[29авг.2026 23:00:07.150] [modloading-worker-0/INFO] [STDOUT/]: [dev.lopyluna.gnkinetics.content.utils.GearsRegistry:register:64]: Registering Gears n' Kinetics Dimensions...
[29авг.2026 23:00:07.150] [modloading-worker-0/INFO] [STDOUT/]: [dev.lopyluna.gnkinetics.content.utils.GearsRegistry:register:66]: Registering Gears n' Kinetics Done
[29авг.2026 23:00:07.170] [modloading-worker-0/INFO] [STDOUT/]: [dev.lopyluna.dndesires.content.utils.DnDesiresRegistry:register:45]: Registering DnDesires Data Components...
[29авг.2026 23:00:07.170] [modloading-worker-0/INFO] [STDOUT/]: [dev.lopyluna.dndesires.content.utils.DnDesiresRegistry:register:47]: Registering DnDesires Creative Tabs...
[29авг.2026 23:00:07.171] [modloading-worker-0/INFO] [STDOUT/]: [dev.lopyluna.dndesires.content.utils.DnDesiresRegistry:register:49]: Registering DnDesires Damage Types...
[29авг.2026 23:00:07.171] [modloading-worker-0/INFO] [STDOUT/]: [dev.lopyluna.dndesires.content.utils.DnDesiresRegistry:register:51]: Registering DnDesires Mob Effects...
[29авг.2026 23:00:07.171] [modloading-worker-0/INFO] [STDOUT/]: [dev.lopyluna.dndesires.content.utils.DnDesiresRegistry:register:53]: Registering DnDesires Particles...
[29авг.2026 23:00:07.172] [modloading-worker-0/INFO] [STDOUT/]: [dev.lopyluna.dndesires.content.utils.DnDesiresRegistry:register:55]: Registering DnDesires Recipes Serializers...
[29авг.2026 23:00:07.173] [modloading-worker-0/INFO] [STDOUT/]: [dev.lopyluna.dndesires.content.utils.DnDesiresRegistry:register:57]: Registering DnDesires Recipes...
[29авг.2026 23:00:07.173] [modloading-worker-0/INFO] [STDOUT/]: [dev.lopyluna.dndesires.content.utils.DnDesiresRegistry:register:59]: Registering DnDesires Menus...
[29авг.2026 23:00:07.173] [modloading-worker-0/INFO] [STDOUT/]: [dev.lopyluna.dndesires.content.utils.DnDesiresRegistry:register:61]: Registering DnDesires Sounds...
[29авг.2026 23:00:07.173] [modloading-worker-0/INFO] [STDOUT/]: [dev.lopyluna.dndesires.content.utils.DnDesiresRegistry:register:63]: Registering DnDesires Dimensions...
[29авг.2026 23:00:07.174] [modloading-worker-0/INFO] [STDOUT/]: [dev.lopyluna.dndesires.content.utils.DnDesiresRegistry:register:65]: Registering DnDesires Done
[29авг.2026 23:00:07.210] [modloading-worker-0/INFO] [creategoggles/]: CreateGoggles init
[29авг.2026 23:00:07.215] [modloading-worker-0/INFO] [creategoggles/]: cgitems
[29авг.2026 23:00:07.233] [modloading-worker-0/INFO] [creategoggles/]: cgblockentities
[29авг.2026 23:00:07.235] [modloading-worker-0/INFO] [creategoggles/]: ResourceKey[minecraft:trim_pattern / creategoggles:goggle]
[29авг.2026 23:00:07.235] [modloading-worker-0/INFO] [creategoggles/]: ResourceKey[minecraft:trim_material / creategoggles:goggle_material]
[29авг.2026 23:00:07.235] [modloading-worker-0/INFO] [creategoggles/]: ResourceKey[minecraft:root / minecraft:trim_pattern]
[29авг.2026 23:00:07.243] [modloading-worker-0/INFO] [creategoggles/]: CGItemModifiers register false
[29авг.2026 23:00:07.247] [modloading-worker-0/INFO] [dev.ryanhcode.sable.Sable/]: Sable loaded!
[29авг.2026 23:00:07.247] [modloading-worker-0/INFO] [dev.averageanime.neoforge.CreateFood/]: Create: Food - Registering Items
[29авг.2026 23:00:07.285] [modloading-worker-0/INFO] [creategoggles/]: CreateGogglesForge init
[29авг.2026 23:00:07.295] [modloading-worker-0/WARN] [dev.ryanhcode.sable.Sable/]: NOTE: Sable is loaded with Flywheel. Sable contains extensive shader overrides and a full light-storage replacement. Expect this to cause compatibility issues. If issues arise, please report them to the Sable issue tracker (https://github.com/ryanhcode/sable/issues) instead of the Flywheel issue tracker.
[29авг.2026 23:00:07.331] [modloading-worker-0/INFO] [com.sablexaeromaps.SableXaeroMaps/]: Sable Sublevels on Xaero's Maps loaded — sub-levels will be drawn onto the minimap and world map
[29авг.2026 23:00:07.331] [modloading-worker-0/INFO] [dev.mgcode.sablejade.SableJadeMod/]: Loading sablejade
[29авг.2026 23:00:07.371] [modloading-worker-0/INFO] [Rolling Tones/]: Loaded Rolling Tones tuning generation 1 from C:\Users\Mike\AppData\Roaming\.minecraft\versions\create new\config\rollingtones\tuning.json
[29авг.2026 23:00:07.533] [modloading-worker-0/INFO] [com.maxenonyme.AbyssDimension.CreateAbyss/]: Create Abyss is in development, content disabled in production
[29авг.2026 23:00:07.684] [modloading-worker-0/INFO] [create_bb/]: Registered styles/menu selections for Create: Blocks & Bogies
[29авг.2026 23:00:07.688] [modloading-worker-0/INFO] [create_bb/]: Registered bogie blocks for Create: Blocks & Bogies
[29авг.2026 23:00:07.696] [modloading-worker-0/INFO] [create_bb/]: Registered block entities for Create: Blocks & Bogies
[29авг.2026 23:00:07.708] [modloading-worker-0/INFO] [create_bb/]: Registered partial models for Create: Blocks & Bogies
[29авг.2026 23:00:07.716] [modloading-worker-0/INFO] [dev.averageanime.neoforge.CreateFood/]: Create: Food - Registering Fluids
[29авг.2026 23:00:07.721] [modloading-worker-0/INFO] [dev.averageanime.neoforge.CreateFood/]: Create: Food - Registering Blocks
[29авг.2026 23:00:07.735] [modloading-worker-0/INFO] [dev.averageanime.neoforge.CreateFood/]: Create: Food - Registering Display Blocks
[29авг.2026 23:00:07.750] [modloading-worker-0/INFO] [dev.averageanime.neoforge.CreateFood/]: Create: Food - Registering Creative Tabs (Items + Fluids)
[29авг.2026 23:00:07.752] [modloading-worker-0/INFO] [dev.averageanime.neoforge.CreateFood/]: Create: Food - Registering Creative Tabs (Display Blocks)
[29авг.2026 23:00:10.603] [modloading-sync-worker/INFO] [Moonlight/]: Initialized block sets in 30ms
[29авг.2026 23:00:10.754] [modloading-sync-worker/WARN] [mixin/]: Error loading class: dev/propulsionteam/propulsionsimulated/content/thruster/liquid_vector_thruster/LiquidVectorThrusterBlockEntity (java.lang.ClassNotFoundException: dev.propulsionteam.propulsionsimulated.content.thruster.liquid_vector_thruster.LiquidVectorThrusterBlockEntity)
[29авг.2026 23:00:11.280] [modloading-sync-worker/INFO] [Create: Trading Floor/]: Registering Advancements for: Create: Trading Floor
[29авг.2026 23:00:12.150] [modloading-sync-worker/INFO] [com.bisecthosting.mods.bhmenu.ModRoot/]: Reloading Configs
[29авг.2026 23:00:12.201] [modloading-sync-worker/INFO] [com.tom.createores.CreateOreExcavation/]: Loaded Create Ore Excavation config file createoreexcavation-common.toml
[29авг.2026 23:00:12.613] [Render thread/INFO] [Moonlight/]: Merging 3 images using mode MIN_AREA_NO_UPSCALE
[29авг.2026 23:00:12.781] [Render thread/WARN] [net.minecraft.client.Options/]: Removed resource pack file/Stay_True_1.21.zip from options because it doesn't seem to exist anymore
[29авг.2026 23:00:13.095] [Render thread/INFO] [Veil/]: GL Debug supported
[29авг.2026 23:00:13.132] [Render thread/INFO] [Sodium/]: Block minecraft:water_cauldron had its color provider replaced with net.mehvahdjukaar.amendments.AmendmentsClient$$Lambda/0x0000000803ee0858@245d3133 and will not use per-vertex coloring
[29авг.2026 23:00:13.579] [Render thread/INFO] [Iris/]: Hardware information:
[29авг.2026 23:00:13.579] [Render thread/INFO] [Iris/]: CPU: 12x Intel(R) Core(TM) i5-10400F CPU @ 2.90GHz
[29авг.2026 23:00:13.579] [Render thread/INFO] [Iris/]: GPU: NVIDIA GeForce GTX 1660 SUPER/PCIe/SSE2 (Supports OpenGL 4.6.0 NVIDIA 610.62)
[29авг.2026 23:00:13.579] [Render thread/INFO] [Iris/]: OS: Windows 10 (10.0)
[29авг.2026 23:00:13.996] [Render thread/INFO] [de.keksuccino.fancymenu.FancyMenuNeoForgeClientEvents/]: [FANCYMENU] Registered FancyMenu's resource reload listener via NeoForge API.
[29авг.2026 23:00:14.059] [Render thread/INFO] [quark/]: Registering model layer quark:foxhound_armor#main
[29авг.2026 23:00:14.059] [Render thread/INFO] [quark/]: Registering model layer quark:crab#main
[29авг.2026 23:00:14.059] [Render thread/INFO] [quark/]: Registering model layer quark:shiba#main
[29авг.2026 23:00:14.059] [Render thread/INFO] [quark/]: Registering model layer quark:quark_boat_chest#main
[29авг.2026 23:00:14.059] [Render thread/INFO] [quark/]: Registering model layer quark:wraith#main
[29авг.2026 23:00:14.059] [Render thread/INFO] [quark/]: Registering model layer quark:forgotten_hat#main
[29авг.2026 23:00:14.059] [Render thread/INFO] [quark/]: Registering model layer quark:stoneling#main
[29авг.2026 23:00:14.059] [Render thread/INFO] [quark/]: Registering model layer quark:toretoise#main
[29авг.2026 23:00:14.059] [Render thread/INFO] [quark/]: Registering model layer quark:quark_boat#main
[29авг.2026 23:00:14.059] [Render thread/INFO] [quark/]: Registering model layer quark:foxhound#main
[29авг.2026 23:00:14.059] [Render thread/INFO] [quark/]: Registering model layer quark:shiba_armor#main
[29авг.2026 23:00:14.059] [Render thread/INFO] [quark/]: Registering model layer quark:backpack#main
[29авг.2026 23:00:14.791] [Render thread/INFO] [mixin/]: fancymenu.mixins.json:client.IMixinRealmsNotificationsScreen from mod fancymenu->@Accessor[FIELD_GETTER]::get_trialAvailable_FancyMenu()Z should be static as its target is
[29авг.2026 23:00:14.791] [Render thread/INFO] [mixin/]: fancymenu.mixins.json:client.IMixinRealmsNotificationsScreen from mod fancymenu->@Accessor[FIELD_GETTER]::get_hasUnreadNews_FancyMenu()Z should be static as its target is
[29авг.2026 23:00:14.791] [Render thread/INFO] [mixin/]: fancymenu.mixins.json:client.IMixinRealmsNotificationsScreen from mod fancymenu->@Accessor[FIELD_GETTER]::get_hasUnseenNotifications()Z should be static as its target is
[29авг.2026 23:00:14.919] [Render thread/INFO] [net.minecraft.server.packs.resources.ReloadableResourceManager/]: Reloading ResourceManager: vanilla, serilum_mod_translations, fabric, mod_resources, mod/sodium, mod/easyanvils, mod/creategarnished, mod/sodium_extra, mod/openpartiesandclaims, mod/cccbridge, mod/playeranimator, mod/fabric_rendering_fluids_v1, mod/aeronautics_bundled, mod/create_jetpack, mod/fabric_convention_tags_v1, mod/neoforge, mod/modernfix, mod/fabric_block_view_api_v2, mod/fabric_convention_tags_v2, mod/fabric_command_api_v2, mod/yungsapi, mod/iris, mod/clientcrafting, mod/veil, mod/resourcepackoverrides, mod/biolith, mod/createdieselgenerators, mod/pickupnotifier, mod/create_new_age, mod/balm, mod/fabric_screen_api_v1, mod/prickle, mod/createbetterfps, mod/jeresources, mod/chat_heads, mod/cloth_config, mod/crash_assistant, mod/reliable_remover, mod/leavesbegone, mod/supplementaries, mod/lmft, mod/corpse, mod/handcrafted, mod/bcc, mod/fabric_game_rule_api_v1, mod/torqueapi, mod/curios, mod/create_factory, mod/trading_floor, mod/searchables, mod/createornithopterglider, mod/fabric_entity_events_v1, mod/createrailwaysnavigator, mod/e4mc, mod/conditional_mixin, mod/transition, mod/fabric_rendering_data_attachment_v1, mod/flightlib, mod/jadeaddons, mod/infiniverse, mod/compactgearbox, mod/cmpackagecouriers, mod/create_factory_abstractions, mod/despawntweaks, mod/fabric_client_tags_api_v1, mod/createnuclear, mod/create_tweaked_controllers, mod/bellsandwhistles, mod/createbigcannons, mod/compat_manager, mod/createtransmission, mod/create_chocolate_fountain, mod/bits_n_bobs, mod/create_optical, mod/fabric_model_loading_api_v1, mod/jei, mod/lithostitched, mod/visualworkbench, mod/lithium, mod/aeronautics, mod/fabric_screen_handler_api_v1, mod/caelus, mod/paxi, mod/fabric_rendering_v1, mod/fabric_renderer_indigo, mod/integrated_api, mod/integrated_villages, mod/smarterfarmers, mod/neruina, mod/craterlib, mod/create_trimmed, mod/fusion, mod/fabric_particles_v1, mod/mechanical_botany, mod/sophisticatedbackpackscreateintegration, mod/snassets, mod/createschematicchecker, mod/offroad, mod/idas, mod/drippyloadingscreen, mod/smoothchunk, mod/create_deep_dark, mod/create_wrapped, mod/createmechanicalconfection, mod/terrablender, mod/fabric_api_base, mod/mousetweaks, mod/createoreexcavation, mod/nochatreports, mod/justenoughbreeding, mod/does_it_tick, mod/alltheleaks, mod/fabric_block_api_v1, mod/fabric_resource_conditions_api_v1, mod/create_blaze_burner_fuels, mod/forgeconfigapiport, mod/create_aquatic_ambitions, mod/kotlinforforge, mod/notenoughanimations, mod/sablecompanion, mod/xaerominimap, mod/integrated_stronghold, mod/fabric_item_group_api_v1, mod/polymorph, mod/justenoughprofessions, mod/zeta, mod/backpacked, mod/fabric_registry_sync_v0, mod/immediatelyfast, mod/continuity, mod/lambdynlights_api, mod/create_mob_spawners, mod/usefulluck, mod/appleskin, mod/fabric_recipe_api_v1, mod/fabric_object_builder_api_v1, mod/cbc_at, mod/biomemusic, mod/create_copper_splashing, mod/puzzleslib, mod/fabric_sound_api_v1, mod/fabric_message_api_v1, mod/chunksending, mod/euphoria_patcher, mod/colorwheel_patcher, mod/configurable, mod/atmosphere, mod/kuma_api, mod/create_things_and_misc, mod/fabric_renderer_api_v1, mod/netherportalfix, mod/codecui, mod/geckolib, mod/ars_nouveau, mod/recipeessentials, mod/fabric_item_api_v1, mod/create_mobile_packages, mod/connectivity, mod/immersive_aircraft, mod/sophisticatedcore, mod/gpumemleakfix, mod/structureessentials, mod/ritchiesprojectilelib, mod/xaeroworldmap, mod/controlling, mod/placebo, mod/lootintegrations, mod/fabric_data_attachment_api_v1, mod/createfastschematiccannon, mod/redirected, mod/bookshelf, mod/sophisticatedbackpacks, mod/simulated, mod/createmetalwork, mod/nuggets, mod/extra_create_recipes, mod/melody, mod/connector, mod/create_jetpack_curios, mod/fabric_api,forgified_fabric_api, mod/fabric_content_registries_v0, mod/konkrete, mod/createcafe, mod/create_connected, mod/farmersdelight, mod/entity_model_features, mod/entity_texture_features, mod/createframed, mod/fabric_api_lookup_api_v1, mod/dimensional_for_respawn, mod/leaky, mod/patchouli, mod/stockmarket, mod/collective, mod/potionsmear, mod/ftbultimine, mod/resourcefullib, mod/create_hypertube, mod/computercraft, mod/fabric_loot_api_v2, mod/serverbrowser, mod/epherolib, mod/cupboard, mod/cherishedworlds, mod/fabric_loot_api_v3, mod/reliable_recipes, mod/iris_search, mod/fabric_networking_api_v1, mod/framework, mod/bwncr, mod/cinaps_decor, mod/fabric_lifecycle_events_v1, mod/tradingpost, mod/fabric_key_binding_api_v1, mod/esl, mod/fabric_transfer_api_v1, mod/bhmenu, mod/petrochem, mod/amendments, mod/copycats, mod/easymagic, mod/xaerolib, mod/simplerpc, mod/fabric_resource_loader_v0, mod/trender, mod/create_winery, mod/clumps, mod/alternate_current, mod/aeroclaims, mod/create_confectionery, mod/escalated, mod/distanthorizons, mod/toastcontrol, mod/blueprint, mod/boatload, mod/personality, mod/gallery, mod/txnilib, mod/skinlayers3d, mod/cutthrough, mod/fabric_transitive_access_wideners_v1, mod/dragonlib, mod/architectury, mod/ftblibrary, mod/ftbfiltersystem, mod/ftbteams, mod/ftbquests, mod/ftbxmodcompat, mod/powergrid, mod/create_fantasizing, mod/enchdesc, mod/moonlight, mod/fabric_blockrenderlayer_v1, mod/jade, mod/i_architecture, mod/chunkactivitytracker, mod/iceberg, mod/highlighter, mod/quark, mod/create_sa, mod/fabric_gametest_api_v1, mod/create_radar, mod/fabric_biome_api_v1, mod/fancymenu, mod/coroutil, mod/watut, mod/electroenergetics, mod/create_pattern_schematics, mod/ferritecore, mod/yet_another_config_lib_v3, mod/create_generators, mod/colorwheel, mod/flywheel, mod/ponder, mod/create, mod/create_aeronautics_throwable_rope_connector, mod/create_integrated_farming, mod/createcasing, mod/rubberworks, mod/creategoggles, mod/createprism, mod/dndecor, mod/sliceanddice, mod/dndesires, mod/sable, mod/aeronautics_utility_objects, mod/aeroworks, mod/climbable_ropes, mod/pipeorgans, mod/rollingtones, mod/sablejade, mod/createthrusters, mod/createfood, mod/createpropulsion, mod/interiors, mod/gnkinetics, mod/tradeworks, mod/someassemblyrequired, mod/sablexaeromaps, mod/create_dragons_plus, mod/create_central_kitchen, mod/aeronautics_curios_compat, mod/create_bb, mod/sable_sa_compat, mod/dynamicvillage, mod/create_vibrant_vaults, mod/create_submarine,create_abyss,create_high_seas, mod/aoc, mod/packetfixer, mod/create_enchantment_industry, mod/create_train_parts, mod/fabric_data_generation_api_v1, mod/fabric_tag_api_v1, mod/fabric_events_interaction_v0, mod/createaddition, file/createadvancementplague.zip, file/Create_Addons_Fix_v1.zip, file/Create_FTBQuests.zip, file/guiretextures-1.11.zip, file/Create_UI_1.21.zip, moonlight:merged_pack, file/AOC Resources.zip, file/NoBushyLeaves.zip, file/Create Touch-Ups v1.0.zip, file/Create_Style_Hopper_24_5_29.zip, easymagic:default_block_models, visualworkbench:default_block_models, easyanvils:default_block_models, quark-emote-pack
[29авг.2026 23:00:14.923] [Render thread/WARN] [net.minecraft.server.packs.PathPackResources/]: Non [a-z0-9_.-] character in namespace LICENSE in pack , ignoring
[29авг.2026 23:00:14.991] [Render thread/INFO] [Puzzles Lib/]: Data generation for dynamic pack resources provided by 'easymagic' took 66ms
[29авг.2026 23:00:15.000] [Render thread/INFO] [Puzzles Lib/]: Data generation for dynamic pack resources provided by 'visualworkbench' took 7ms
[29авг.2026 23:00:15.006] [Render thread/INFO] [Puzzles Lib/]: Data generation for dynamic pack resources provided by 'easyanvils' took 6ms
[29авг.2026 23:00:15.022] [Render thread/WARN] [net.minecraft.server.packs.PathPackResources/]: Non [a-z0-9_.-] character in namespace LICENSE in pack , ignoring
[29авг.2026 23:00:15.050] [Render thread/INFO] [com.teamabnormals.blueprint.core.Blueprint/]: Successfully loaded 0 assets remolders!
[29авг.2026 23:00:15.060] [Render thread/INFO] [de.keksuccino.fancymenu.customization.ScreenCustomization/]: [FANCYMENU] Initializing screen customization engine! Addons should NOT REGISTER TO REGISTRIES anymore now!
[29авг.2026 23:00:15.066] [Worker-ResourceReload-0/INFO] [Moonlight/]: Resource cache state for CLIENT_RESOURCES: needs regeneration
[29авг.2026 23:00:15.067] [Worker-ResourceReload-0/INFO] [Moonlight/]: Deleting directory: C:\Users\Mike\AppData\Roaming\.minecraft\versions\create new\dynamic-resource-pack-cache\supplementaries-generated_pack
[29авг.2026 23:00:15.072] [Worker-ResourceReload-0/INFO] [Moonlight/]: Cleared cache pack resources at C:\Users\Mike\AppData\Roaming\.minecraft\versions\create new\dynamic-resource-pack-cache\supplementaries-generated_pack in 4.711 ms
[29авг.2026 23:00:15.072] [Worker-ResourceReload-0/INFO] [Moonlight/]: Deleting directory: C:\Users\Mike\AppData\Roaming\.minecraft\versions\create new\dynamic-resource-pack-cache\amendments-generated_pack
[29авг.2026 23:00:15.074] [Worker-ResourceReload-0/INFO] [Moonlight/]: Cleared cache pack resources at C:\Users\Mike\AppData\Roaming\.minecraft\versions\create new\dynamic-resource-pack-cache\amendments-generated_pack in 2.340 ms
[29авг.2026 23:00:15.074] [Worker-ResourceReload-0/INFO] [Moonlight/]: Starting runtime resource generation for pack type CLIENT_RESOURCES with generators [supplementaries:generated_pack, moonlight:dynamic_resources, amendments:generated_pack]
[29авг.2026 23:00:15.077] [Worker-ResourceReload-0/WARN] [net.minecraft.server.packs.PathPackResources/]: Non [a-z0-9_.-] character in namespace LICENSE in pack , ignoring
[29авг.2026 23:00:15.094] [Worker-ResourceReload-0/WARN] [net.minecraft.server.packs.PathPackResources/]: Non [a-z0-9_.-] character in namespace LICENSE in pack , ignoring
[29авг.2026 23:00:15.100] [Worker-ResourceReload-0/INFO] [Moonlight/]: Regenerating Dynamic CLIENT_RESOURCES Resources Provider [supplementaries:generated_pack], requested by strategy CACHED_FOLDER
[29авг.2026 23:00:15.225] [Worker-ResourceReload-0/INFO] [Moonlight/]: Generated runtime CLIENT_RESOURCES for pack supplementaries:generated_pack in 125.6 ms
[29авг.2026 23:00:15.232] [Worker-ResourceReload-0/INFO] [Moonlight/]: Populated search tree for pack at C:\Users\Mike\AppData\Roaming\.minecraft\versions\create new\dynamic-resource-pack-cache\supplementaries-generated_pack in 4.716 ms
[29авг.2026 23:00:15.243] [Worker-ResourceReload-0/INFO] [Moonlight/]: Regenerating Dynamic CLIENT_RESOURCES Resources Provider [moonlight:dynamic_resources], requested by strategy REGEN_ON_EVERY_RELOAD
[29авг.2026 23:00:15.244] [Worker-ResourceReload-0/INFO] [Moonlight/]: Generated runtime CLIENT_RESOURCES for pack moonlight:dynamic_resources in 450.0 μs
[29авг.2026 23:00:15.244] [Worker-ResourceReload-0/INFO] [Moonlight/]: Regenerating Dynamic CLIENT_RESOURCES Resources Provider [amendments:generated_pack], requested by strategy CACHED_FOLDER
[29авг.2026 23:00:15.497] [Worker-ResourceReload-0/INFO] [Moonlight/]: Generated runtime CLIENT_RESOURCES for pack amendments:generated_pack in 253.0 ms
[29авг.2026 23:00:15.509] [Worker-ResourceReload-0/INFO] [Moonlight/]: Populated search tree for pack at C:\Users\Mike\AppData\Roaming\.minecraft\versions\create new\dynamic-resource-pack-cache\amendments-generated_pack in 11.47 ms
[29авг.2026 23:00:15.509] [Worker-ResourceReload-0/INFO] [Moonlight/]: Finished runtime resources generation for 3 packs in a total of 434.0 ms 
[29авг.2026 23:00:16.099] [Render thread/INFO] [net.minecraft.client.gui.screens.LoadingOverlay/]: [DRIPPY LOADING SCREEN] Initializing fonts for text rendering..
[29авг.2026 23:00:16.104] [Render thread/INFO] [de.keksuccino.fancymenu.customization.layer.ScreenCustomizationLayerHandler/]: [FANCYMENU] ScreenCustomizationLayer registered: drippy_loading_overlay
[29авг.2026 23:00:16.263] [Render thread/INFO] [de.keksuccino.fancymenu.FancyMenu/]: [FANCYMENU] Starting late client initialization phase..
[29авг.2026 23:00:16.362] [Render thread/INFO] [de.keksuccino.fancymenu.util.window.WindowHandler/]: [FANCYMENU] Custom window icon successfully updated!
[29авг.2026 23:00:16.396] [Render thread/INFO] [de.keksuccino.konkrete.Konkrete/]: [KONKRETE] Client-side modules initialized and ready to use!
[29авг.2026 23:00:16.456] [Worker-ResourceReload-9/INFO] [xaero.pac.OpenPartiesAndClaims/]: Loading Open Parties and Claims!
[29авг.2026 23:00:16.463] [NeoForge Version Check/INFO] [net.neoforged.fml.VersionChecker/]: [easyanvils] Starting version check at https://raw.githubusercontent.com/Fuzss/modresources/main/update/easyanvils.json
[29авг.2026 23:00:16.466] [Worker-ResourceReload-8/INFO] [quark/]: added [block.quark.ancient_sapling] to CompostManager with chance 0.3
[29авг.2026 23:00:16.467] [Worker-ResourceReload-8/INFO] [quark/]: added [block.quark.ancient_leaves] to CompostManager with chance 0.3
[29авг.2026 23:00:16.467] [Worker-ResourceReload-8/INFO] [quark/]: added [item.quark.ancient_fruit] to CompostManager with chance 0.65
[29авг.2026 23:00:16.473] [Worker-ResourceReload-8/INFO] [quark/]: added [block.quark.blue_blossom_leaves] to CompostManager with chance 0.3
[29авг.2026 23:00:16.473] [Worker-ResourceReload-8/INFO] [quark/]: added [block.quark.blue_blossom_sapling] to CompostManager with chance 0.3
[29авг.2026 23:00:16.474] [Worker-ResourceReload-8/INFO] [quark/]: added [block.quark.lavender_blossom_leaves] to CompostManager with chance 0.3
[29авг.2026 23:00:16.474] [Worker-ResourceReload-8/INFO] [quark/]: added [block.quark.lavender_blossom_sapling] to CompostManager with chance 0.3
[29авг.2026 23:00:16.474] [Worker-ResourceReload-8/INFO] [quark/]: added [block.quark.orange_blossom_leaves] to CompostManager with chance 0.3
[29авг.2026 23:00:16.474] [Worker-ResourceReload-8/INFO] [quark/]: added [block.quark.orange_blossom_sapling] to CompostManager with chance 0.3
[29авг.2026 23:00:16.474] [Worker-ResourceReload-8/INFO] [quark/]: added [block.quark.yellow_blossom_leaves] to CompostManager with chance 0.3
[29авг.2026 23:00:16.474] [Worker-ResourceReload-8/INFO] [quark/]: added [block.quark.yellow_blossom_sapling] to CompostManager with chance 0.3
[29авг.2026 23:00:16.474] [Worker-ResourceReload-8/INFO] [quark/]: added [block.quark.red_blossom_leaves] to CompostManager with chance 0.3
[29авг.2026 23:00:16.474] [Worker-ResourceReload-8/INFO] [quark/]: added [block.quark.red_blossom_sapling] to CompostManager with chance 0.3
[29авг.2026 23:00:16.475] [Worker-ResourceReload-8/INFO] [quark/]: added [block.quark.apple_crate] to CompostManager with chance 1.0
[29авг.2026 23:00:16.475] [Worker-ResourceReload-8/INFO] [quark/]: added [block.quark.potato_crate] to CompostManager with chance 1.0
[29авг.2026 23:00:16.475] [Worker-ResourceReload-8/INFO] [quark/]: added [block.quark.carrot_crate] to CompostManager with chance 1.0
[29авг.2026 23:00:16.475] [Worker-ResourceReload-8/INFO] [quark/]: added [block.quark.beetroot_crate] to CompostManager with chance 1.0
[29авг.2026 23:00:16.475] [Worker-ResourceReload-8/INFO] [quark/]: added [block.quark.cocoa_beans_sack] to CompostManager with chance 1.0
[29авг.2026 23:00:16.475] [Worker-ResourceReload-8/INFO] [quark/]: added [block.quark.nether_wart_sack] to CompostManager with chance 1.0
[29авг.2026 23:00:16.476] [Worker-ResourceReload-8/INFO] [quark/]: added [block.quark.berry_sack] to CompostManager with chance 1.0
[29авг.2026 23:00:16.476] [Worker-ResourceReload-8/INFO] [quark/]: added [block.quark.glowberry_sack] to CompostManager with chance 1.0
[29авг.2026 23:00:16.478] [Worker-ResourceReload-8/INFO] [quark/]: added [block.quark.glow_shroom] to CompostManager with chance 0.65
[29авг.2026 23:00:16.478] [Worker-ResourceReload-8/INFO] [quark/]: added [block.quark.glow_shroom_block] to CompostManager with chance 0.65
[29авг.2026 23:00:16.478] [Worker-ResourceReload-8/INFO] [quark/]: added [block.quark.glow_shroom_stem] to CompostManager with chance 0.65
[29авг.2026 23:00:16.480] [Worker-ResourceReload-8/INFO] [quark/]: added [block.quark.glow_shroom_ring] to CompostManager with chance 0.65
[29авг.2026 23:00:16.480] [Worker-ResourceReload-8/INFO] [quark/]: added [block.quark.glow_lichen_growth] to CompostManager with chance 0.5
[29авг.2026 23:00:16.480] [Worker-ResourceReload-8/INFO] [quark/]: added [block.quark.oak_leaf_carpet] to CompostManager with chance 0.2
[29авг.2026 23:00:16.480] [Worker-ResourceReload-8/INFO] [quark/]: added [block.quark.spruce_leaf_carpet] to CompostManager with chance 0.2
[29авг.2026 23:00:16.481] [Worker-ResourceReload-8/INFO] [quark/]: added [block.quark.birch_leaf_carpet] to CompostManager with chance 0.2
[29авг.2026 23:00:16.481] [Worker-ResourceReload-8/INFO] [quark/]: added [block.quark.jungle_leaf_carpet] to CompostManager with chance 0.2
[29авг.2026 23:00:16.481] [Worker-ResourceReload-8/INFO] [quark/]: added [block.quark.acacia_leaf_carpet] to CompostManager with chance 0.2
[29авг.2026 23:00:16.481] [Worker-ResourceReload-8/INFO] [quark/]: added [block.quark.dark_oak_leaf_carpet] to CompostManager with chance 0.2
[29авг.2026 23:00:16.481] [Worker-ResourceReload-8/INFO] [quark/]: added [block.quark.mangrove_leaf_carpet] to CompostManager with chance 0.2
[29авг.2026 23:00:16.481] [Worker-ResourceReload-8/INFO] [quark/]: added [block.quark.cherry_leaf_carpet] to CompostManager with chance 0.2
[29авг.2026 23:00:16.481] [Worker-ResourceReload-8/INFO] [quark/]: added [block.quark.azalea_leaf_carpet] to CompostManager with chance 0.2
[29авг.2026 23:00:16.481] [Worker-ResourceReload-8/INFO] [quark/]: added [block.quark.flowering_azalea_leaf_carpet] to CompostManager with chance 0.2
[29авг.2026 23:00:16.481] [Worker-ResourceReload-8/INFO] [quark/]: added [block.quark.blue_blossom_leaf_carpet] to CompostManager with chance 0.2
[29авг.2026 23:00:16.482] [Worker-ResourceReload-8/INFO] [quark/]: added [block.quark.lavender_blossom_leaf_carpet] to CompostManager with chance 0.2
[29авг.2026 23:00:16.482] [Worker-ResourceReload-5/WARN] [GeckoLib/]: Found animation file with improper file name format; animation files should end in .animation.json: 'ars_nouveau:animations/agronomic_sourcelink_animation.json'
[29авг.2026 23:00:16.482] [Worker-ResourceReload-8/INFO] [quark/]: added [block.quark.orange_blossom_leaf_carpet] to CompostManager with chance 0.2
[29авг.2026 23:00:16.482] [Worker-ResourceReload-8/INFO] [quark/]: added [block.quark.yellow_blossom_leaf_carpet] to CompostManager with chance 0.2
[29авг.2026 23:00:16.482] [Worker-ResourceReload-8/INFO] [quark/]: added [block.quark.red_blossom_leaf_carpet] to CompostManager with chance 0.2
[29авг.2026 23:00:16.482] [Worker-ResourceReload-8/INFO] [quark/]: added [block.quark.ancient_leaf_carpet] to CompostManager with chance 0.2
[29авг.2026 23:00:16.486] [Worker-ResourceReload-10/INFO] [Reliable Remover/]: Created example config at config/reliable_remover/removal_example.json.disabled
[29авг.2026 23:00:16.488] [Worker-ResourceReload-8/INFO] [quark/]: added [block.quark.thatch] to CompostManager with chance 0.65
[29авг.2026 23:00:16.489] [Worker-ResourceReload-8/INFO] [quark/]: added [Poisonous Potato] to CompostManager with chance 0.85
[29авг.2026 23:00:16.489] [Worker-ResourceReload-8/INFO] [quark/]: added [Rotten Flesh] to CompostManager with chance 0.3
[29авг.2026 23:00:16.497] [Worker-ResourceReload-8/INFO] [dev.wuffs.bcc.BetterCompatibilityChecker/]: Better Compatibility Checker setup
[29авг.2026 23:00:16.499] [Worker-ResourceReload-10/INFO] [Reliable Remover/]: Loaded 7 reliable remover rules.
[29авг.2026 23:00:16.500] [Worker-ResourceReload-8/INFO] [dev.wuffs.bcc.neoforge.BetterCompatibilityCheckerNeoForge/]: Loaded BetterCompatibilityChecker - Modpack: All of Create 1.21 | Version: v2.3
[29авг.2026 23:00:16.547] [Worker-ResourceReload-8/INFO] [de.mrjulsen.crn.CreateRailwaysNavigator/]: Welcome to the CREATE RAILWAYS NAVIGATOR mod by MRJULSEN.
[29авг.2026 23:00:16.579] [Worker-ResourceReload-5/WARN] [GeckoLib/]: Found animation file with improper file name format; animation files should end in .animation.json: 'ars_nouveau:animations/alchemical_sourcelink_animation.json'
[29авг.2026 23:00:16.579] [Worker-ResourceReload-5/WARN] [GeckoLib/]: Found animation file with improper file name format; animation files should end in .animation.json: 'ars_nouveau:animations/alteration_apparatus_animations.json'
[29авг.2026 23:00:16.579] [Worker-ResourceReload-8/INFO] [FTB XMod Compat/]: Chose [Entity Tags] as the active game stages implementation
[29авг.2026 23:00:16.582] [Worker-ResourceReload-8/INFO] [FTB XMod Compat/]: Chose [FALLBACK] as the active permissions implementation
[29авг.2026 23:00:16.585] [Worker-ResourceReload-8/INFO] [FTB Library/]: Setting permissions currency implementation to: <NONE>
[29авг.2026 23:00:16.585] [Worker-ResourceReload-8/INFO] [FTB XMod Compat/]: Chose [<NONE>] as the active currency implementation
[29авг.2026 23:00:16.589] [Worker-ResourceReload-8/INFO] [FTB XMod Compat/]: [FTB Quests] recipe helper provider is [JEI]
[29авг.2026 23:00:16.594] [Worker-ResourceReload-8/INFO] [FTB XMod Compat/]: [FTB Quests] Enabled FTB Filter System integration
[29авг.2026 23:00:16.597] [Worker-ResourceReload-10/INFO] [com.tom.createores.CreateOreExcavation/]: Create Ore Excavation starting
[29авг.2026 23:00:16.609] [Worker-ResourceReload-5/WARN] [GeckoLib/]: Found animation file with improper file name format; animation files should end in .animation.json: 'ars_nouveau:animations/amethyst_golem_animations.json'
[29авг.2026 23:00:16.612] [Worker-ResourceReload-5/WARN] [GeckoLib/]: Found animation file with improper file name format; animation files should end in .animation.json: 'ars_nouveau:animations/animated_block_animations.json'
[29авг.2026 23:00:16.613] [Worker-ResourceReload-5/WARN] [GeckoLib/]: Found animation file with improper file name format; animation files should end in .animation.json: 'ars_nouveau:animations/arcane_core_animations.json'
[29авг.2026 23:00:16.613] [Worker-ResourceReload-5/WARN] [GeckoLib/]: Found animation file with improper file name format; animation files should end in .animation.json: 'ars_nouveau:animations/arcane_pedestal_animations.json'
[29авг.2026 23:00:16.613] [Worker-ResourceReload-5/WARN] [GeckoLib/]: Found animation file with improper file name format; animation files should end in .animation.json: 'ars_nouveau:animations/basic_spell_turret_animations.json'
[29авг.2026 23:00:16.614] [Worker-ResourceReload-5/WARN] [GeckoLib/]: Found animation file with improper file name format; animation files should end in .animation.json: 'ars_nouveau:animations/book_wyrm_animation.json'
[29авг.2026 23:00:16.614] [Worker-ResourceReload-2/WARN] [GeckoLib/]: Found animation file with improper file name format; animation files should end in .animation.json: 'ars_nouveau:animations/book_wyrm_lectern_animations.json'
[29авг.2026 23:00:16.614] [Worker-ResourceReload-5/WARN] [GeckoLib/]: Found animation file with improper file name format; animation files should end in .animation.json: 'ars_nouveau:animations/decor_blossom_animations.json'
[29авг.2026 23:00:16.614] [Worker-ResourceReload-2/WARN] [GeckoLib/]: Found animation file with improper file name format; animation files should end in .animation.json: 'ars_nouveau:animations/drygmy_animations.json'
[29авг.2026 23:00:16.615] [Worker-ResourceReload-5/WARN] [GeckoLib/]: Found animation file with improper file name format; animation files should end in .animation.json: 'ars_nouveau:animations/empty.json'
[29авг.2026 23:00:16.615] [Worker-ResourceReload-5/WARN] [GeckoLib/]: Found animation file with improper file name format; animation files should end in .animation.json: 'ars_nouveau:animations/enchanting_apparatus_animations.json'
[29авг.2026 23:00:16.615] [Worker-ResourceReload-2/WARN] [GeckoLib/]: Found animation file with improper file name format; animation files should end in .animation.json: 'ars_nouveau:animations/imbuement_chamber_animations.json'
[29авг.2026 23:00:16.615] [Worker-ResourceReload-5/WARN] [GeckoLib/]: Found animation file with improper file name format; animation files should end in .animation.json: 'ars_nouveau:animations/lily_animations.json'
[29авг.2026 23:00:16.616] [Worker-ResourceReload-2/WARN] [GeckoLib/]: Found animation file with improper file name format; animation files should end in .animation.json: 'ars_nouveau:animations/mana_relay_animation.json'
[29авг.2026 23:00:16.616] [Worker-ResourceReload-2/WARN] [GeckoLib/]: Found animation file with improper file name format; animation files should end in .animation.json: 'ars_nouveau:animations/mana_splitter_animation.json'
[29авг.2026 23:00:16.616] [Worker-ResourceReload-2/WARN] [GeckoLib/]: Found animation file with improper file name format; animation files should end in .animation.json: 'ars_nouveau:animations/nook_animation.json'
[29авг.2026 23:00:16.618] [Worker-ResourceReload-5/WARN] [GeckoLib/]: Found animation file with improper file name format; animation files should end in .animation.json: 'ars_nouveau:animations/potion_melder_animation.json'
[29авг.2026 23:00:16.618] [Worker-ResourceReload-5/WARN] [GeckoLib/]: Found animation file with improper file name format; animation files should end in .animation.json: 'ars_nouveau:animations/press_animations.json'
[29авг.2026 23:00:16.618] [Worker-ResourceReload-5/WARN] [GeckoLib/]: Found animation file with improper file name format; animation files should end in .animation.json: 'ars_nouveau:animations/redstone_relay_animations.json'
[29авг.2026 23:00:16.619] [Worker-ResourceReload-2/WARN] [GeckoLib/]: Found animation file with improper file name format; animation files should end in .animation.json: 'ars_nouveau:animations/ritual.json'
[29авг.2026 23:00:16.619] [Worker-ResourceReload-5/WARN] [GeckoLib/]: Found animation file with improper file name format; animation files should end in .animation.json: 'ars_nouveau:animations/rune.json'
[29авг.2026 23:00:16.619] [Worker-ResourceReload-2/WARN] [GeckoLib/]: Found animation file with improper file name format; animation files should end in .animation.json: 'ars_nouveau:animations/scribes_table_animations.json'
[29авг.2026 23:00:16.619] [Worker-ResourceReload-5/WARN] [GeckoLib/]: Found animation file with improper file name format; animation files should end in .animation.json: 'ars_nouveau:animations/scryers_eye_animation.json'
[29авг.2026 23:00:16.619] [Worker-ResourceReload-5/WARN] [GeckoLib/]: Found animation file with improper file name format; animation files should end in .animation.json: 'ars_nouveau:animations/source_collector_animations.json'
[29авг.2026 23:00:16.620] [Worker-ResourceReload-5/WARN] [GeckoLib/]: Found animation file with improper file name format; animation files should end in .animation.json: 'ars_nouveau:animations/source_deposit_animations.json'
[29авг.2026 23:00:16.621] [Worker-ResourceReload-5/WARN] [GeckoLib/]: Found animation file with improper file name format; animation files should end in .animation.json: 'ars_nouveau:animations/source_relay_animations.json'
[29авг.2026 23:00:16.621] [Worker-ResourceReload-5/WARN] [GeckoLib/]: Found animation file with improper file name format; animation files should end in .animation.json: 'ars_nouveau:animations/source_splitter_animations.json'
[29авг.2026 23:00:16.621] [Worker-ResourceReload-5/WARN] [GeckoLib/]: Found animation file with improper file name format; animation files should end in .animation.json: 'ars_nouveau:animations/source_warp_animations.json'
[29авг.2026 23:00:16.623] [Worker-ResourceReload-5/WARN] [GeckoLib/]: Found animation file with improper file name format; animation files should end in .animation.json: 'ars_nouveau:animations/spell_turret_animations.json'
[29авг.2026 23:00:16.623] [Worker-ResourceReload-2/WARN] [GeckoLib/]: Found animation file with improper file name format; animation files should end in .animation.json: 'ars_nouveau:animations/spell_turret_timer_animations.json'
[29авг.2026 23:00:16.623] [Worker-ResourceReload-5/WARN] [GeckoLib/]: Found animation file with improper file name format; animation files should end in .animation.json: 'ars_nouveau:animations/spike_animations.json'
[29авг.2026 23:00:16.623] [Worker-ResourceReload-5/WARN] [GeckoLib/]: Found animation file with improper file name format; animation files should end in .animation.json: 'ars_nouveau:animations/starbuncle_animations.json'
[29авг.2026 23:00:16.623] [Worker-ResourceReload-2/WARN] [GeckoLib/]: Found animation file with improper file name format; animation files should end in .animation.json: 'ars_nouveau:animations/storage_catalog_animations.json'
[29авг.2026 23:00:16.624] [Worker-ResourceReload-2/WARN] [GeckoLib/]: Found animation file with improper file name format; animation files should end in .animation.json: 'ars_nouveau:animations/vitalic_sourcelink_animation.json'
[29авг.2026 23:00:16.624] [Worker-ResourceReload-2/WARN] [GeckoLib/]: Found animation file with improper file name format; animation files should end in .animation.json: 'ars_nouveau:animations/volcanic_sourcelink_animations.json'
[29авг.2026 23:00:16.624] [Worker-ResourceReload-2/WARN] [GeckoLib/]: Found animation file with improper file name format; animation files should end in .animation.json: 'ars_nouveau:animations/wand_animation.json'
[29авг.2026 23:00:16.624] [Worker-ResourceReload-2/WARN] [GeckoLib/]: Found animation file with improper file name format; animation files should end in .animation.json: 'ars_nouveau:animations/weald_waddler_animations.json'
[29авг.2026 23:00:16.625] [Worker-ResourceReload-2/WARN] [GeckoLib/]: Found animation file with improper file name format; animation files should end in .animation.json: 'ars_nouveau:animations/weald_walker_animations.json'
[29авг.2026 23:00:16.625] [Worker-ResourceReload-2/WARN] [GeckoLib/]: Found animation file with improper file name format; animation files should end in .animation.json: 'ars_nouveau:animations/whirlisprig_animations.json'
[29авг.2026 23:00:16.626] [Worker-ResourceReload-2/WARN] [GeckoLib/]: Found animation file with improper file name format; animation files should end in .animation.json: 'ars_nouveau:animations/whirlisprig_blossom_animations.json'
[29авг.2026 23:00:16.626] [Worker-ResourceReload-5/WARN] [GeckoLib/]: Found animation file with improper file name format; animation files should end in .animation.json: 'ars_nouveau:animations/wilden_chimera_animations.json'
[29авг.2026 23:00:16.627] [Worker-ResourceReload-2/WARN] [GeckoLib/]: Found animation file with improper file name format; animation files should end in .animation.json: 'ars_nouveau:animations/wilden_defender_animations.json'
[29авг.2026 23:00:16.629] [Worker-ResourceReload-2/WARN] [GeckoLib/]: Found animation file with improper file name format; animation files should end in .animation.json: 'ars_nouveau:animations/wilden_hunter_animations.json'
[29авг.2026 23:00:16.631] [Worker-ResourceReload-2/WARN] [GeckoLib/]: Found animation file with improper file name format; animation files should end in .animation.json: 'ars_nouveau:animations/wilden_stalker_animations.json'
[29авг.2026 23:00:16.635] [Worker-ResourceReload-2/WARN] [GeckoLib/]: Found animation file with improper file name format; animation files should end in .animation.json: 'ars_nouveau:animations/wixie_animations.json'
[29авг.2026 23:00:16.643] [Worker-ResourceReload-4/INFO] [com.chunksending.ChunkSending/]: chunksending mod initialized
[29авг.2026 23:00:16.644] [Worker-ResourceReload-3/WARN] [net.minecraft.server.packs.PathPackResources/]: Non [a-z0-9_.-] character in namespace LICENSE in pack , ignoring
[29авг.2026 23:00:16.647] [Worker-ResourceReload-0/ERROR] [net.minecraft.Util/]: Invalid path in pack: pipeorgans:sounds/prestant/090-f#.wav, ignoring
[29авг.2026 23:00:16.647] [Worker-ResourceReload-8/INFO] [com.connectivity.Connectivity/]: Connectivity initialized
[29авг.2026 23:00:16.648] [Worker-ResourceReload-8/INFO] [com.gpumemleakfix.Gpumemleakfix/]: gpumemleakfix mod initialized
[29авг.2026 23:00:16.648] [Worker-ResourceReload-8/INFO] [com.structureessentials.StructureEssentials/]: structureessentials mod initialized
[29авг.2026 23:00:16.651] [Worker-ResourceReload-4/INFO] [colorwheel_patcher/]: No user config.json found
[29авг.2026 23:00:16.654] [Worker-ResourceReload-4/INFO] [colorwheel_patcher/]: Available patches: 6
[29авг.2026 23:00:16.654] [Worker-ResourceReload-4/INFO] [colorwheel_patcher/]:  - EuphoriaPatches [1.6.3, 1.6.4, 1.6.5, 1.6.6, 1.6.7, 1.6.8] (jar)
[29авг.2026 23:00:16.654] [Worker-ResourceReload-4/INFO] [colorwheel_patcher/]:  - Complementary [5.6, 5.6.1] (jar)
[29авг.2026 23:00:16.654] [Worker-ResourceReload-4/INFO] [colorwheel_patcher/]:  - rethinking-voxels [0.1-beta9] (jar)
[29авг.2026 23:00:16.654] [Worker-ResourceReload-4/INFO] [colorwheel_patcher/]:  - BSL [10.1] (jar)
[29авг.2026 23:00:16.654] [Worker-ResourceReload-4/INFO] [colorwheel_patcher/]:  - Bliss [2.1.1, 2.1.2] (jar)
[29авг.2026 23:00:16.654] [Worker-ResourceReload-4/INFO] [colorwheel_patcher/]:  - photon [1.3a] (jar)
[29авг.2026 23:00:16.656] [Worker-ResourceReload-3/INFO] [com.lootintegrations.LootintegrationsMod/]: lootintegrations mod initialized
[29авг.2026 23:00:16.656] [Worker-ResourceReload-3/INFO] [com.Pink_Cats.createfastschematiccannon.Createfastschematiccannon/]: Create:FasterSchematicCannon: SpeedMultiply:20
[29авг.2026 23:00:16.656] [Worker-ResourceReload-4/INFO] [colorwheel_patcher/]: Existing base shaders: 4
[29авг.2026 23:00:16.656] [Worker-ResourceReload-4/INFO] [colorwheel_patcher/]:  - ComplementaryReimagined_r5.8.1.zip []
[29авг.2026 23:00:16.656] [Worker-ResourceReload-4/INFO] [colorwheel_patcher/]:  - ComplementaryUnbound_r5.8.1.zip []
[29авг.2026 23:00:16.656] [Worker-ResourceReload-4/INFO] [colorwheel_patcher/]:  - ComplementaryReimagined_r5.8.1 + EuphoriaPatches_1.9.3 []
[29авг.2026 23:00:16.656] [Worker-ResourceReload-4/INFO] [colorwheel_patcher/]:  - ComplementaryUnbound_r5.8.1 + EuphoriaPatches_1.9.3 []
[29авг.2026 23:00:16.658] [Worker-ResourceReload-4/INFO] [colorwheel_patcher/]: Found patch 'Complementary' for ComplementaryReimagined_r5.8.1.zip
[29авг.2026 23:00:16.658] [Worker-ResourceReload-4/INFO] [colorwheel_patcher/]: 'ComplementaryReimagined_r5.8.1.zip' version is unknown or unsupported
[29авг.2026 23:00:16.658] [Worker-ResourceReload-4/INFO] [colorwheel_patcher/]: Found patch 'Complementary' for ComplementaryUnbound_r5.8.1.zip
[29авг.2026 23:00:16.658] [Worker-ResourceReload-4/INFO] [colorwheel_patcher/]: 'ComplementaryUnbound_r5.8.1.zip' version is unknown or unsupported
[29авг.2026 23:00:16.658] [Worker-ResourceReload-4/INFO] [colorwheel_patcher/]: Found patch 'EuphoriaPatches' for ComplementaryReimagined_r5.8.1 + EuphoriaPatches_1.9.3
[29авг.2026 23:00:16.658] [Worker-ResourceReload-4/INFO] [colorwheel_patcher/]: 'ComplementaryReimagined_r5.8.1 + EuphoriaPatches_1.9.3' version is unknown or unsupported
[29авг.2026 23:00:16.658] [Worker-ResourceReload-4/INFO] [colorwheel_patcher/]: Found patch 'EuphoriaPatches' for ComplementaryUnbound_r5.8.1 + EuphoriaPatches_1.9.3
[29авг.2026 23:00:16.659] [Worker-ResourceReload-4/INFO] [colorwheel_patcher/]: 'ComplementaryUnbound_r5.8.1 + EuphoriaPatches_1.9.3' version is unknown or unsupported
[29авг.2026 23:00:16.659] [Worker-ResourceReload-4/INFO] [com.cupboard.Cupboard/]: Loaded config for: leaky.json
[29авг.2026 23:00:16.659] [Worker-ResourceReload-4/INFO] [com.leaky.Leaky/]: leaky mod initialized
[29авг.2026 23:00:16.665] [Worker-ResourceReload-6/INFO] [xaero.lib.XaeroLib/]: Loading XaeroLib common 1/2!
[29авг.2026 23:00:16.671] [Worker-ResourceReload-10/INFO] [STDOUT/]: [toni.lib.TxniLib:onInitialize:75]: TxniLib onInitialize!
[29авг.2026 23:00:16.677] [Worker-ResourceReload-0/WARN] [net.minecraft.client.sounds.SoundManager/]: File design_decor:sounds/large_chain/break1.ogg does not exist, cannot add it to event dndecor:large_chain_break
[29авг.2026 23:00:16.678] [Worker-ResourceReload-0/WARN] [net.minecraft.client.sounds.SoundManager/]: File design_decor:sounds/large_chain/break2.ogg does not exist, cannot add it to event dndecor:large_chain_break
[29авг.2026 23:00:16.678] [Worker-ResourceReload-0/WARN] [net.minecraft.client.sounds.SoundManager/]: File design_decor:sounds/large_chain/break3.ogg does not exist, cannot add it to event dndecor:large_chain_break
[29авг.2026 23:00:16.678] [Worker-ResourceReload-0/WARN] [net.minecraft.client.sounds.SoundManager/]: File design_decor:sounds/large_chain/break4.ogg does not exist, cannot add it to event dndecor:large_chain_break
[29авг.2026 23:00:16.678] [Worker-ResourceReload-0/WARN] [net.minecraft.client.sounds.SoundManager/]: File design_decor:sounds/large_chain/place1.ogg does not exist, cannot add it to event dndecor:large_chain_step
[29авг.2026 23:00:16.678] [Worker-ResourceReload-0/WARN] [net.minecraft.client.sounds.SoundManager/]: File design_decor:sounds/large_chain/place2.ogg does not exist, cannot add it to event dndecor:large_chain_step
[29авг.2026 23:00:16.679] [Worker-ResourceReload-0/WARN] [net.minecraft.client.sounds.SoundManager/]: File design_decor:sounds/large_chain/place3.ogg does not exist, cannot add it to event dndecor:large_chain_step
[29авг.2026 23:00:16.679] [Worker-ResourceReload-0/WARN] [net.minecraft.client.sounds.SoundManager/]: File design_decor:sounds/large_chain/place4.ogg does not exist, cannot add it to event dndecor:large_chain_step
[29авг.2026 23:00:16.679] [Worker-ResourceReload-0/WARN] [net.minecraft.client.sounds.SoundManager/]: File design_decor:sounds/large_chain/place5.ogg does not exist, cannot add it to event dndecor:large_chain_step
[29авг.2026 23:00:16.679] [Worker-ResourceReload-0/WARN] [net.minecraft.client.sounds.SoundManager/]: File design_decor:sounds/large_chain/place6.ogg does not exist, cannot add it to event dndecor:large_chain_step
[29авг.2026 23:00:16.679] [Worker-ResourceReload-0/WARN] [net.minecraft.client.sounds.SoundManager/]: File design_decor:sounds/large_chain/break1.ogg does not exist, cannot add it to event dndecor:large_chain_place
[29авг.2026 23:00:16.679] [Worker-ResourceReload-0/WARN] [net.minecraft.client.sounds.SoundManager/]: File design_decor:sounds/large_chain/break2.ogg does not exist, cannot add it to event dndecor:large_chain_place
[29авг.2026 23:00:16.679] [Worker-ResourceReload-0/WARN] [net.minecraft.client.sounds.SoundManager/]: File design_decor:sounds/large_chain/break3.ogg does not exist, cannot add it to event dndecor:large_chain_place
[29авг.2026 23:00:16.679] [Worker-ResourceReload-0/WARN] [net.minecraft.client.sounds.SoundManager/]: File design_decor:sounds/large_chain/break4.ogg does not exist, cannot add it to event dndecor:large_chain_place
[29авг.2026 23:00:16.679] [Worker-ResourceReload-0/WARN] [net.minecraft.client.sounds.SoundManager/]: File design_decor:sounds/large_chain/place1.ogg does not exist, cannot add it to event dndecor:large_chain_hit
[29авг.2026 23:00:16.679] [Worker-ResourceReload-0/WARN] [net.minecraft.client.sounds.SoundManager/]: File design_decor:sounds/large_chain/place2.ogg does not exist, cannot add it to event dndecor:large_chain_hit
[29авг.2026 23:00:16.679] [Worker-ResourceReload-0/WARN] [net.minecraft.client.sounds.SoundManager/]: File design_decor:sounds/large_chain/place3.ogg does not exist, cannot add it to event dndecor:large_chain_hit
[29авг.2026 23:00:16.679] [Worker-ResourceReload-0/WARN] [net.minecraft.client.sounds.SoundManager/]: File design_decor:sounds/large_chain/place4.ogg does not exist, cannot add it to event dndecor:large_chain_hit
[29авг.2026 23:00:16.679] [Worker-ResourceReload-0/WARN] [net.minecraft.client.sounds.SoundManager/]: File design_decor:sounds/large_chain/place5.ogg does not exist, cannot add it to event dndecor:large_chain_hit
[29авг.2026 23:00:16.679] [Worker-ResourceReload-0/WARN] [net.minecraft.client.sounds.SoundManager/]: File design_decor:sounds/large_chain/place6.ogg does not exist, cannot add it to event dndecor:large_chain_hit
[29авг.2026 23:00:16.679] [Worker-ResourceReload-0/WARN] [net.minecraft.client.sounds.SoundManager/]: File design_decor:sounds/large_chain/place1.ogg does not exist, cannot add it to event dndecor:large_chain_fall
[29авг.2026 23:00:16.679] [Worker-ResourceReload-0/WARN] [net.minecraft.client.sounds.SoundManager/]: File design_decor:sounds/large_chain/place2.ogg does not exist, cannot add it to event dndecor:large_chain_fall
[29авг.2026 23:00:16.679] [Worker-ResourceReload-0/WARN] [net.minecraft.client.sounds.SoundManager/]: File design_decor:sounds/large_chain/place3.ogg does not exist, cannot add it to event dndecor:large_chain_fall
[29авг.2026 23:00:16.679] [Worker-ResourceReload-0/WARN] [net.minecraft.client.sounds.SoundManager/]: File design_decor:sounds/large_chain/place4.ogg does not exist, cannot add it to event dndecor:large_chain_fall
[29авг.2026 23:00:16.679] [Worker-ResourceReload-0/WARN] [net.minecraft.client.sounds.SoundManager/]: File design_decor:sounds/large_chain/place5.ogg does not exist, cannot add it to event dndecor:large_chain_fall
[29авг.2026 23:00:16.679] [Worker-ResourceReload-0/WARN] [net.minecraft.client.sounds.SoundManager/]: File design_decor:sounds/large_chain/place6.ogg does not exist, cannot add it to event dndecor:large_chain_fall
[29авг.2026 23:00:16.684] [Worker-ResourceReload-1/INFO] [net.minecraft.client.gui.font.providers.UnihexProvider/]: Found unifont_all_no_pua-15.1.05.hex, loading
[29авг.2026 23:00:16.695] [Worker-ResourceReload-10/INFO] [create_bb/]: Create: Blocks & Bogies initializing...
[29авг.2026 23:00:16.698] [Worker-ResourceReload-8/INFO] [dev.averageanime.neoforge.CreateFood/]: Create: Food - Startup
[29авг.2026 23:00:16.747] [Worker-ResourceReload-0/WARN] [net.minecraft.client.sounds.SoundManager/]: File electroenergetics:sounds/train/gto/p7.ogg does not exist, cannot add it to event electroenergetics:train/gto/p7
[29авг.2026 23:00:16.747] [Worker-ResourceReload-0/WARN] [net.minecraft.client.sounds.SoundManager/]: File electroenergetics:sounds/train/gto/p11.ogg does not exist, cannot add it to event electroenergetics:train/gto/p11
[29авг.2026 23:00:16.779] [NeoForge Version Check/INFO] [net.neoforged.fml.VersionChecker/]: [easyanvils] Found status: UP_TO_DATE Current: 21.1.0 Target: null
[29авг.2026 23:00:16.779] [NeoForge Version Check/INFO] [net.neoforged.fml.VersionChecker/]: [cccbridge] Starting version check at https://api.modrinth.com/updates/cccbridge/forge_updates.json
[29авг.2026 23:00:16.895] [Render thread/ERROR] [net.minecraft.Util/]: Invalid path in pack: createcafe:textures/item/demon's_dream_fruit_milk_tea.png, ignoring
[29авг.2026 23:00:16.915] [Render thread/ERROR] [net.minecraft.Util/]: Invalid path in pack: create_submarine:textures/entity/mooring hook.png, ignoring
[29авг.2026 23:00:16.955] [Render thread/ERROR] [net.minecraft.Util/]: Invalid path in pack: create_things_and_misc:textures/item/vibration_mechanism2 copie.png, ignoring
[29авг.2026 23:00:17.028] [Worker-ResourceReload-3/INFO] [net.minecraft.client.gui.font.providers.UnihexProvider/]: Found unifont_jp_patch-15.1.05.hex, loading
[29авг.2026 23:00:17.029] [Render thread/INFO] [Sodium/]: Block minecraft:large_fern had its color provider replaced with org.violetmoon.quark.content.client.module.GreenerGrassModule$Client$$Lambda/0x00000008044caa30@7a322651 and will not use per-vertex coloring
[29авг.2026 23:00:17.029] [Render thread/INFO] [Sodium/]: Block minecraft:tall_grass had its color provider replaced with org.violetmoon.quark.content.client.module.GreenerGrassModule$Client$$Lambda/0x00000008044caa30@163ea703 and will not use per-vertex coloring
[29авг.2026 23:00:17.029] [Render thread/INFO] [Sodium/]: Block minecraft:grass_block had its color provider replaced with org.violetmoon.quark.content.client.module.GreenerGrassModule$Client$$Lambda/0x00000008044caa30@1b743055 and will not use per-vertex coloring
[29авг.2026 23:00:17.029] [Render thread/INFO] [Sodium/]: Block minecraft:fern had its color provider replaced with org.violetmoon.quark.content.client.module.GreenerGrassModule$Client$$Lambda/0x00000008044caa30@6541877 and will not use per-vertex coloring
[29авг.2026 23:00:17.029] [Render thread/INFO] [Sodium/]: Block minecraft:short_grass had its color provider replaced with org.violetmoon.quark.content.client.module.GreenerGrassModule$Client$$Lambda/0x00000008044caa30@6d3fa642 and will not use per-vertex coloring
[29авг.2026 23:00:17.029] [Render thread/INFO] [Sodium/]: Block minecraft:potted_fern had its color provider replaced with org.violetmoon.quark.content.client.module.GreenerGrassModule$Client$$Lambda/0x00000008044caa30@e5a0259 and will not use per-vertex coloring
[29авг.2026 23:00:17.029] [Render thread/INFO] [Sodium/]: Block minecraft:sugar_cane had its color provider replaced with org.violetmoon.quark.content.client.module.GreenerGrassModule$Client$$Lambda/0x00000008044caa30@34967d5f and will not use per-vertex coloring
[29авг.2026 23:00:17.029] [Render thread/INFO] [Sodium/]: Block minecraft:spruce_leaves had its color provider replaced with org.violetmoon.quark.content.client.module.GreenerGrassModule$Client$$Lambda/0x00000008044caa30@23af5aa and will not use per-vertex coloring
[29авг.2026 23:00:17.029] [Render thread/INFO] [Sodium/]: Block minecraft:birch_leaves had its color provider replaced with org.violetmoon.quark.content.client.module.GreenerGrassModule$Client$$Lambda/0x00000008044caa30@5c2c677e and will not use per-vertex coloring
[29авг.2026 23:00:17.029] [Render thread/INFO] [Sodium/]: Block minecraft:oak_leaves had its color provider replaced with org.violetmoon.quark.content.client.module.GreenerGrassModule$Client$$Lambda/0x00000008044caa30@5b578521 and will not use per-vertex coloring
[29авг.2026 23:00:17.029] [Render thread/INFO] [Sodium/]: Block minecraft:jungle_leaves had its color provider replaced with org.violetmoon.quark.content.client.module.GreenerGrassModule$Client$$Lambda/0x00000008044caa30@7338d5dd and will not use per-vertex coloring
[29авг.2026 23:00:17.029] [Render thread/INFO] [Sodium/]: Block minecraft:acacia_leaves had its color provider replaced with org.violetmoon.quark.content.client.module.GreenerGrassModule$Client$$Lambda/0x00000008044caa30@26fae9b5 and will not use per-vertex coloring
[29авг.2026 23:00:17.029] [Render thread/INFO] [Sodium/]: Block minecraft:dark_oak_leaves had its color provider replaced with org.violetmoon.quark.content.client.module.GreenerGrassModule$Client$$Lambda/0x00000008044caa30@19526d83 and will not use per-vertex coloring
[29авг.2026 23:00:17.030] [Render thread/INFO] [Sodium/]: Block minecraft:vine had its color provider replaced with org.violetmoon.quark.content.client.module.GreenerGrassModule$Client$$Lambda/0x00000008044caa30@7e4b8d05 and will not use per-vertex coloring
[29авг.2026 23:00:17.207] [NeoForge Version Check/INFO] [net.neoforged.fml.VersionChecker/]: [cccbridge] Found status: BETA Current: 1.7.2 Target: null
[29авг.2026 23:00:17.209] [NeoForge Version Check/INFO] [net.neoforged.fml.VersionChecker/]: [create_jetpack] Starting version check at https://api.modrinth.com/updates/create-jetpack/forge_updates.json?neoforge=only
[29авг.2026 23:00:17.214] [Worker-ResourceReload-0/ERROR] [net.minecraft.Util/]: Invalid path in pack: createcafe:textures/item/demon's_dream_fruit_milk_tea.png, ignoring
[29авг.2026 23:00:17.244] [Worker-Main-6/INFO] [net.minecraft.client.gui.font.providers.UnihexProvider/]: Found unifont_all_no_pua-15.1.05.hex, loading
[29авг.2026 23:00:17.284] [Worker-ResourceReload-0/ERROR] [net.minecraft.Util/]: Invalid path in pack: create_things_and_misc:textures/item/vibration_mechanism2 copie.png, ignoring
[29авг.2026 23:00:17.399] [Worker-Main-8/INFO] [net.minecraft.client.gui.font.providers.UnihexProvider/]: Found unifont_jp_patch-15.1.05.hex, loading
[29авг.2026 23:00:17.471] [NeoForge Version Check/INFO] [net.neoforged.fml.VersionChecker/]: [create_jetpack] Found status: UP_TO_DATE Current: 5.2.1 Target: null
[29авг.2026 23:00:17.471] [NeoForge Version Check/INFO] [net.neoforged.fml.VersionChecker/]: [resourcepackoverrides] Starting version check at https://raw.githubusercontent.com/Fuzss/modresources/main/update/resourcepackoverrides.json
[29авг.2026 23:00:17.474] [Worker-ResourceReload-0/WARN] [net.minecraft.client.renderer.texture.atlas.sources.SingleFile/]: Missing sprite: bits_n_bobs:textures/blocks/nixie_board/text_atlas.png
[29авг.2026 23:00:17.514] [Worker-ResourceReload-0/WARN] [net.minecraft.client.renderer.texture.atlas.sources.SingleFile/]: Missing sprite: untitledduckmod:textures/entity/duck.png
[29авг.2026 23:00:17.514] [Worker-ResourceReload-0/WARN] [net.minecraft.client.renderer.texture.atlas.sources.SingleFile/]: Missing sprite: untitledduckmod:textures/entity/duck_female.png
[29авг.2026 23:00:17.514] [Worker-ResourceReload-0/WARN] [net.minecraft.client.renderer.texture.atlas.sources.SingleFile/]: Missing sprite: untitledduckmod:textures/entity/duck_campbell.png
[29авг.2026 23:00:17.514] [Worker-ResourceReload-0/WARN] [net.minecraft.client.renderer.texture.atlas.sources.SingleFile/]: Missing sprite: untitledduckmod:textures/entity/duck_pekin.png
[29авг.2026 23:00:17.514] [Worker-ResourceReload-0/WARN] [net.minecraft.client.renderer.texture.atlas.sources.SingleFile/]: Missing sprite: untitledduckmod:textures/entity/goose.png
[29авг.2026 23:00:17.514] [Worker-ResourceReload-0/WARN] [net.minecraft.client.renderer.texture.atlas.sources.SingleFile/]: Missing sprite: untitledduckmod:textures/entity/canadian_goose.png
[29авг.2026 23:00:17.515] [Worker-ResourceReload-0/WARN] [net.minecraft.client.renderer.texture.atlas.sources.SingleFile/]: Missing sprite: untitledduckmod:textures/entity/greylag_goose.png
[29авг.2026 23:00:17.515] [Worker-ResourceReload-0/WARN] [net.minecraft.client.renderer.texture.atlas.sources.SingleFile/]: Missing sprite: untitledduckmod:textures/entity/sus_goose.png
[29авг.2026 23:00:17.515] [Worker-ResourceReload-0/WARN] [net.minecraft.client.renderer.texture.atlas.sources.SingleFile/]: Missing sprite: untitledduckmod:textures/entity/ping_goose.png
[29авг.2026 23:00:17.515] [Worker-ResourceReload-0/WARN] [net.minecraft.client.renderer.texture.atlas.sources.SingleFile/]: Missing sprite: untitledduckmod:textures/entity/untitled_goose.png
[29авг.2026 23:00:17.546] [NeoForge Version Check/INFO] [net.neoforged.fml.VersionChecker/]: [resourcepackoverrides] Found status: UP_TO_DATE Current: 21.1.0 Target: null
[29авг.2026 23:00:17.547] [NeoForge Version Check/INFO] [net.neoforged.fml.VersionChecker/]: [pickupnotifier] Starting version check at https://raw.githubusercontent.com/Fuzss/modresources/main/update/pickupnotifier.json
[29авг.2026 23:00:17.603] [Worker-ResourceReload-5/WARN] [net.minecraft.client.resources.model.ModelBakery/]: Unable to load model: 'createthrusters:block/advanced_controller/clock' referenced from: createthrusters:block/advanced_controller/clock: java.io.FileNotFoundException: createthrusters:models/block/advanced_controller/clock.json
[29авг.2026 23:00:17.618] [NeoForge Version Check/INFO] [net.neoforged.fml.VersionChecker/]: [pickupnotifier] Found status: UP_TO_DATE Current: 21.1.1 Target: null
[29авг.2026 23:00:17.619] [NeoForge Version Check/INFO] [net.neoforged.fml.VersionChecker/]: [prickle] Starting version check at https://updates.blamejared.com/get?n=prickle&gv=1.21.1&ml=neoforge
[29авг.2026 23:00:17.653] [Worker-ResourceReload-4/ERROR] [net.minecraft.Util/]: Invalid path in pack: create_things_and_misc:textures/item/vibration_mechanism2 copie.png, ignoring
[29авг.2026 23:00:17.680] [Worker-ResourceReload-4/ERROR] [net.minecraft.Util/]: Invalid path in pack: createcafe:textures/item/demon's_dream_fruit_milk_tea.png, ignoring
[29авг.2026 23:00:17.707] [Worker-ResourceReload-5/WARN] [net.minecraft.client.resources.model.ModelBakery/]: Unable to load model: 'minecraft:compass_11' referenced from: minecraft:compass_11: java.io.FileNotFoundException: minecraft:models/compass_11.json
[29авг.2026 23:00:17.723] [Worker-ResourceReload-5/WARN] [net.minecraft.client.resources.model.ModelBakery/]: Unable to load model: 'minecraft:compass_10' referenced from: minecraft:compass_10: java.io.FileNotFoundException: minecraft:models/compass_10.json
[29авг.2026 23:00:17.828] [Worker-ResourceReload-4/WARN] [net.minecraft.server.packs.PathPackResources/]: Non [a-z0-9_.-] character in namespace LICENSE in pack , ignoring
[29авг.2026 23:00:17.830] [Worker-ResourceReload-4/ERROR] [net.minecraft.Util/]: Invalid path in pack: pipeorgans:sounds/prestant/090-f#.wav, ignoring
[29авг.2026 23:00:17.866] [Worker-ResourceReload-5/WARN] [net.minecraft.client.resources.model.ModelBakery/]: Unable to load model: 'minecraft:compass_09' referenced from: minecraft:compass_09: java.io.FileNotFoundException: minecraft:models/compass_09.json
[29авг.2026 23:00:17.891] [Worker-ResourceReload-5/WARN] [net.minecraft.client.resources.model.ModelBakery/]: Unable to load model: 'minecraft:compass' referenced from: minecraft:compass: java.io.FileNotFoundException: minecraft:models/compass.json
[29авг.2026 23:00:17.896] [Worker-ResourceReload-4/ERROR] [net.minecraft.Util/]: Invalid path in pack: create_submarine:textures/entity/mooring hook.png, ignoring
[29авг.2026 23:00:17.908] [Worker-ResourceReload-0/ERROR] [net.minecraft.server.packs.PathPackResources/]: Invalid path createmechanicalconfection:textures/block/tray/Donut_e.png: Invalid segment 'Donut_e.png' in path 'textures/block/tray/Donut_e.png'
[29авг.2026 23:00:17.953] [Worker-ResourceReload-5/WARN] [net.minecraft.client.resources.model.ModelBakery/]: Unable to load model: 'gnkinetics:block/shaftless_large_andesite_cogwheel' referenced from: gnkinetics:block/shaftless_large_andesite_cogwheel: java.io.FileNotFoundException: gnkinetics:models/block/shaftless_large_andesite_cogwheel.json
[29авг.2026 23:00:17.967] [Worker-ResourceReload-5/WARN] [net.minecraft.client.resources.model.ModelBakery/]: Unable to load model: 'cbc_at:block/heavy_autocannon/bronze_recoil_spring' referenced from: cbc_at:block/heavy_autocannon/bronze_recoil_spring: java.io.FileNotFoundException: cbc_at:models/block/heavy_autocannon/bronze_recoil_spring.json
[29авг.2026 23:00:17.969] [Worker-ResourceReload-5/WARN] [net.minecraft.client.resources.model.ModelBakery/]: Unable to load model: 'minecraft:compass_01' referenced from: minecraft:compass_01: java.io.FileNotFoundException: minecraft:models/compass_01.json
[29авг.2026 23:00:17.975] [Worker-ResourceReload-5/WARN] [net.minecraft.client.resources.model.ModelBakery/]: Unable to load model: 'minecraft:compass_00' referenced from: minecraft:compass_00: java.io.FileNotFoundException: minecraft:models/compass_00.json
[29авг.2026 23:00:17.978] [Worker-ResourceReload-5/WARN] [net.minecraft.client.resources.model.ModelBakery/]: Unable to load model: 'createthrusters:block/analogue_controller/joystick' referenced from: createthrusters:block/analogue_controller/joystick: java.io.FileNotFoundException: createthrusters:models/block/analogue_controller/joystick.json
[29авг.2026 23:00:17.980] [Worker-ResourceReload-5/WARN] [net.minecraft.client.resources.model.ModelBakery/]: Unable to load model: 'minecraft:compass_03' referenced from: minecraft:compass_03: java.io.FileNotFoundException: minecraft:models/compass_03.json
[29авг.2026 23:00:17.992] [Worker-ResourceReload-5/WARN] [net.minecraft.client.resources.model.ModelBakery/]: Unable to load model: 'minecraft:compass_02' referenced from: minecraft:compass_02: java.io.FileNotFoundException: minecraft:models/compass_02.json
[29авг.2026 23:00:18.001] [Worker-ResourceReload-5/WARN] [net.minecraft.client.resources.model.ModelBakery/]: Unable to load model: 'minecraft:compass_05' referenced from: minecraft:compass_05: java.io.FileNotFoundException: minecraft:models/compass_05.json
[29авг.2026 23:00:18.001] [Worker-ResourceReload-5/WARN] [net.minecraft.client.resources.model.ModelBakery/]: Unable to load model: 'minecraft:compass_06' referenced from: minecraft:compass_06: java.io.FileNotFoundException: minecraft:models/compass_06.json
[29авг.2026 23:00:18.006] [Worker-ResourceReload-5/WARN] [net.minecraft.client.resources.model.ModelBakery/]: Unable to load model: 'minecraft:compass_04' referenced from: minecraft:compass_04: java.io.FileNotFoundException: minecraft:models/compass_04.json
[29авг.2026 23:00:18.006] [Worker-ResourceReload-5/WARN] [net.minecraft.client.resources.model.ModelBakery/]: Unable to load model: 'createcasing:block/shaft/andesite' referenced from: createcasing:block/shaft/andesite: java.io.FileNotFoundException: createcasing:models/block/shaft/andesite.json
[29авг.2026 23:00:18.021] [Worker-ResourceReload-5/WARN] [net.minecraft.client.resources.model.ModelBakery/]: Unable to load model: 'minecraft:compass_08' referenced from: minecraft:compass_08: java.io.FileNotFoundException: minecraft:models/compass_08.json
[29авг.2026 23:00:18.036] [Worker-ResourceReload-5/WARN] [net.minecraft.client.resources.model.ModelBakery/]: Unable to load model: 'minecraft:compass_07' referenced from: minecraft:compass_07: java.io.FileNotFoundException: minecraft:models/compass_07.json
[29авг.2026 23:00:18.072] [Worker-ResourceReload-5/WARN] [net.minecraft.client.resources.model.ModelBakery/]: Unable to load model: 'minecraft:compass_21' referenced from: minecraft:compass_21: java.io.FileNotFoundException: minecraft:models/compass_21.json
[29авг.2026 23:00:18.073] [Worker-ResourceReload-5/WARN] [net.minecraft.client.resources.model.ModelBakery/]: Unable to load model: 'petrochem:block/centrifuge/cogwheel' referenced from: petrochem:block/centrifuge/cogwheel: java.io.FileNotFoundException: petrochem:models/block/centrifuge/cogwheel.json
[29авг.2026 23:00:18.073] [Worker-ResourceReload-5/WARN] [net.minecraft.client.resources.model.ModelBakery/]: Unable to load model: 'createthrusters:block/advanced_controller/throttle_lever' referenced from: createthrusters:block/advanced_controller/throttle_lever: java.io.FileNotFoundException: createthrusters:models/block/advanced_controller/throttle_lever.json
[29авг.2026 23:00:18.074] [Worker-ResourceReload-5/WARN] [net.minecraft.client.resources.model.ModelBakery/]: Unable to load model: 'minecraft:compass_20' referenced from: minecraft:compass_20: java.io.FileNotFoundException: minecraft:models/compass_20.json
[29авг.2026 23:00:18.080] [Worker-ResourceReload-5/WARN] [net.minecraft.client.resources.model.ModelBakery/]: Unable to load model: 'minecraft:compass_23' referenced from: minecraft:compass_23: java.io.FileNotFoundException: minecraft:models/compass_23.json
[29авг.2026 23:00:18.082] [Render thread/INFO] [de.keksuccino.fancymenu.customization.layer.ScreenCustomizationLayerHandler/]: [FANCYMENU] ScreenCustomizationLayer registered: generic_dirt_message_screen
[29авг.2026 23:00:18.090] [Worker-ResourceReload-5/WARN] [net.minecraft.client.resources.model.ModelBakery/]: Unable to load model: 'minecraft:compass_22' referenced from: minecraft:compass_22: java.io.FileNotFoundException: minecraft:models/compass_22.json
[29авг.2026 23:00:18.149] [NeoForge Version Check/INFO] [net.neoforged.fml.VersionChecker/]: [prickle] Found status: BETA Current: 21.1.11 Target: 21.1.11
[29авг.2026 23:00:18.149] [NeoForge Version Check/INFO] [net.neoforged.fml.VersionChecker/]: [leavesbegone] Starting version check at https://raw.githubusercontent.com/Fuzss/modresources/main/update/leavesbegone.json
[29авг.2026 23:00:18.156] [Render thread/INFO] [zeta/]: Common setup: Performing initial refresh of zeta's config on thread 'Render thread'
[29авг.2026 23:00:18.157] [Render thread/INFO] [zeta/]: 'zeta' is enabling Zeta's piston structure resolver.
[29авг.2026 23:00:18.159] [Render thread/INFO] [zeta/]: zeta's config is now ready to accept filewatcher changes
[29авг.2026 23:00:18.160] [Render thread/INFO] [quark-zeta/]: Common setup: Performing initial refresh of quark's config on thread 'Render thread'
[29авг.2026 23:00:18.228] [NeoForge Version Check/INFO] [net.neoforged.fml.VersionChecker/]: [leavesbegone] Found status: UP_TO_DATE Current: 21.1.1 Target: null
[29авг.2026 23:00:18.228] [NeoForge Version Check/INFO] [net.neoforged.fml.VersionChecker/]: [corpse] Starting version check at https://update.maxhenkel.de/neoforge/corpse
[29авг.2026 23:00:18.255] [Render thread/INFO] [quark-zeta/]: quark's config is now ready to accept filewatcher changes
[29авг.2026 23:00:18.341] [Worker-ResourceReload-5/WARN] [net.minecraft.client.resources.model.ModelBakery/]: Unable to load model: 'cbc_at:block/heavy_autocannon/steel_recoil_spring' referenced from: cbc_at:block/heavy_autocannon/steel_recoil_spring: java.io.FileNotFoundException: cbc_at:models/block/heavy_autocannon/steel_recoil_spring.json
[29авг.2026 23:00:18.360] [Worker-ResourceReload-5/WARN] [net.minecraft.client.resources.model.ModelBakery/]: Unable to load model: 'createthrusters:block/advanced_controller/joystick' referenced from: createthrusters:block/advanced_controller/joystick: java.io.FileNotFoundException: createthrusters:models/block/advanced_controller/joystick.json
[29авг.2026 23:00:18.373] [Render thread/INFO] [Supplementaries/]: Finished mod setup in: [16, 1, 7, 0, 1, 2] ms
[29авг.2026 23:00:18.380] [Render thread/INFO] [Create: Trading Floor/]: Registering Advancements for: Create: Trading Floor
[29авг.2026 23:00:18.384] [Worker-ResourceReload-5/WARN] [net.minecraft.client.resources.model.ModelBakery/]: Unable to load model: 'minecraft:compass_13' referenced from: minecraft:compass_13: java.io.FileNotFoundException: minecraft:models/compass_13.json
[29авг.2026 23:00:18.404] [Worker-ResourceReload-5/WARN] [net.minecraft.client.resources.model.ModelBakery/]: Unable to load model: 'minecraft:compass_12' referenced from: minecraft:compass_12: java.io.FileNotFoundException: minecraft:models/compass_12.json
[29авг.2026 23:00:18.421] [Worker-ResourceReload-5/WARN] [net.minecraft.client.resources.model.ModelBakery/]: Unable to load model: 'minecraft:compass_15' referenced from: minecraft:compass_15: java.io.FileNotFoundException: minecraft:models/compass_15.json
[29авг.2026 23:00:18.431] [Worker-ResourceReload-5/WARN] [net.minecraft.client.resources.model.ModelBakery/]: Unable to load model: 'minecraft:compass_14' referenced from: minecraft:compass_14: java.io.FileNotFoundException: minecraft:models/compass_14.json
[29авг.2026 23:00:18.443] [Worker-ResourceReload-5/WARN] [net.minecraft.client.resources.model.ModelBakery/]: Unable to load model: 'minecraft:compass_18' referenced from: minecraft:compass_18: java.io.FileNotFoundException: minecraft:models/compass_18.json
[29авг.2026 23:00:18.446] [Worker-ResourceReload-10/WARN] [net.minecraft.client.renderer.texture.SpriteLoader/]: Texture create_things_and_misc:block/red7 with size 12x12 limits mip level from 4 to 2
[29авг.2026 23:00:18.447] [Worker-ResourceReload-10/WARN] [net.minecraft.client.renderer.texture.SpriteLoader/]: Texture create_radar:block/spotlight_light with size 10x10 limits mip level from 2 to 1
[29авг.2026 23:00:18.448] [Worker-ResourceReload-5/WARN] [net.minecraft.client.resources.model.ModelBakery/]: Unable to load model: 'minecraft:compass_17' referenced from: minecraft:compass_17: java.io.FileNotFoundException: minecraft:models/compass_17.json
[29авг.2026 23:00:18.451] [Worker-ResourceReload-10/WARN] [net.minecraft.client.renderer.texture.SpriteLoader/]: Texture createmechanicalconfection:item/cog_cake_slice1_icon with size 415x415 limits mip level from 1 to 0
[29авг.2026 23:00:18.459] [Render thread/INFO] [Framework/SYNCED_ENTITY_DATA]: Registered synced data key backpacked:unlock_tracker for minecraft:player
[29авг.2026 23:00:18.459] [Render thread/INFO] [Framework/SYNCED_ENTITY_DATA]: Registered synced data key backpacked:trader_pickpocketing for minecraft:wandering_trader
[29авг.2026 23:00:18.459] [Render thread/INFO] [Framework/SYNCED_ENTITY_DATA]: Registered synced data key backpacked:backpack for minecraft:player
[29авг.2026 23:00:18.459] [Render thread/INFO] [Framework/SYNCED_ENTITY_DATA]: Registered synced data key backpacked:backpacks for minecraft:player
[29авг.2026 23:00:18.459] [Render thread/INFO] [Framework/SYNCED_ENTITY_DATA]: Registered synced data key backpacked:cosmetic_backpack for minecraft:player
[29авг.2026 23:00:18.459] [Render thread/INFO] [Framework/SYNCED_ENTITY_DATA]: Registered synced data key backpacked:selected_backpack for minecraft:player
[29авг.2026 23:00:18.459] [Render thread/INFO] [Framework/SYNCED_ENTITY_DATA]: Registered synced data key backpacked:unlockable_backpack_slots for minecraft:player
[29авг.2026 23:00:18.459] [Render thread/INFO] [Framework/SYNCED_ENTITY_DATA]: Registered synced data key backpacked:immortal_cooldown for minecraft:player
[29авг.2026 23:00:18.459] [Render thread/INFO] [Framework/SYNCED_ENTITY_DATA]: Registered synced data key backpacked:backpack_scale for minecraft:player
[29авг.2026 23:00:18.460] [Worker-ResourceReload-5/WARN] [net.minecraft.client.resources.model.ModelBakery/]: Unable to load model: 'createpropulsion:partial/lodestone_tracker_overlay' referenced from: createpropulsion:partial/lodestone_tracker_overlay: java.io.FileNotFoundException: createpropulsion:models/partial/lodestone_tracker_overlay.json
[29авг.2026 23:00:18.463] [Worker-ResourceReload-5/WARN] [net.minecraft.client.resources.model.ModelBakery/]: Unable to load model: 'minecraft:compass_19' referenced from: minecraft:compass_19: java.io.FileNotFoundException: minecraft:models/compass_19.json
[29авг.2026 23:00:18.477] [Worker-ResourceReload-5/WARN] [net.minecraft.client.resources.model.ModelBakery/]: Unable to load model: 'minecraft:compass_31' referenced from: minecraft:compass_31: java.io.FileNotFoundException: minecraft:models/compass_31.json
[29авг.2026 23:00:18.484] [Worker-ResourceReload-5/WARN] [net.minecraft.client.resources.model.ModelBakery/]: Unable to load model: 'minecraft:compass_30' referenced from: minecraft:compass_30: java.io.FileNotFoundException: minecraft:models/compass_30.json
[29авг.2026 23:00:18.501] [Worker-ResourceReload-5/WARN] [net.minecraft.client.resources.model.ModelBakery/]: Unable to load model: 'bits_n_bobs:block/chain_pulley/chain_rope_half_magnet' referenced from: bits_n_bobs:block/chain_pulley/chain_rope_half_magnet: java.io.FileNotFoundException: bits_n_bobs:models/block/chain_pulley/chain_rope_half_magnet.json
[29авг.2026 23:00:18.526] [Worker-ResourceReload-5/WARN] [net.minecraft.client.resources.model.ModelBakery/]: Unable to load model: 'createthrusters:block/analogue_controller/button_1' referenced from: createthrusters:block/analogue_controller/button_1: java.io.FileNotFoundException: createthrusters:models/block/analogue_controller/button_1.json
[29авг.2026 23:00:18.541] [Worker-ResourceReload-5/WARN] [net.minecraft.client.resources.model.ModelBakery/]: Unable to load model: 'createthrusters:block/analogue_controller/button_2' referenced from: createthrusters:block/analogue_controller/button_2: java.io.FileNotFoundException: createthrusters:models/block/analogue_controller/button_2.json
[29авг.2026 23:00:18.549] [Worker-ResourceReload-5/WARN] [net.minecraft.client.resources.model.ModelBakery/]: Unable to load model: 'createthrusters:block/analogue_controller/button_3' referenced from: createthrusters:block/analogue_controller/button_3: java.io.FileNotFoundException: createthrusters:models/block/analogue_controller/button_3.json
[29авг.2026 23:00:18.553] [Render thread/INFO] [terrablender/]: Registered region minecraft:overworld to index 0 for type OVERWORLD
[29авг.2026 23:00:18.554] [Render thread/INFO] [terrablender/]: Registered region minecraft:nether to index 0 for type NETHER
[29авг.2026 23:00:18.554] [Render thread/INFO] [terrablender/]: Registered region ars_nouveau:overworld to index 1 for type OVERWORLD
[29авг.2026 23:00:18.561] [Worker-ResourceReload-5/WARN] [net.minecraft.client.resources.model.ModelBakery/]: Unable to load model: 'createthrusters:block/analogue_controller/button_4' referenced from: createthrusters:block/analogue_controller/button_4: java.io.FileNotFoundException: createthrusters:models/block/analogue_controller/button_4.json
[29авг.2026 23:00:18.565] [Worker-ResourceReload-5/WARN] [net.minecraft.client.resources.model.ModelBakery/]: Unable to load model: 'createthrusters:block/analogue_controller/button_5' referenced from: createthrusters:block/analogue_controller/button_5: java.io.FileNotFoundException: createthrusters:models/block/analogue_controller/button_5.json
[29авг.2026 23:00:18.578] [Render thread/INFO] [com.happysg.radar.CreateRadar/]: Registering Display Sources!
[29авг.2026 23:00:18.584] [Worker-ResourceReload-5/WARN] [net.minecraft.client.resources.model.ModelBakery/]: Unable to load model: 'createthrusters:block/analogue_controller/button_6' referenced from: createthrusters:block/analogue_controller/button_6: java.io.FileNotFoundException: createthrusters:models/block/analogue_controller/button_6.json
[29авг.2026 23:00:18.588] [Worker-ResourceReload-5/WARN] [net.minecraft.client.resources.model.ModelBakery/]: Unable to load model: 'createthrusters:block/analogue_controller/button_7' referenced from: createthrusters:block/analogue_controller/button_7: java.io.FileNotFoundException: createthrusters:models/block/analogue_controller/button_7.json
[29авг.2026 23:00:18.590] [Worker-ResourceReload-5/WARN] [net.minecraft.client.resources.model.ModelBakery/]: Unable to load model: 'createthrusters:block/analogue_controller/clock' referenced from: createthrusters:block/analogue_controller/clock: java.io.FileNotFoundException: createthrusters:models/block/analogue_controller/clock.json
[29авг.2026 23:00:18.590] [Worker-ResourceReload-5/WARN] [net.minecraft.client.resources.model.ModelBakery/]: Unable to load model: 'createthrusters:block/analogue_controller/button_8' referenced from: createthrusters:block/analogue_controller/button_8: java.io.FileNotFoundException: createthrusters:models/block/analogue_controller/button_8.json
[29авг.2026 23:00:18.597] [Worker-ResourceReload-5/WARN] [net.minecraft.client.resources.model.ModelBakery/]: Unable to load model: 'createthrusters:block/analogue_controller/button_9' referenced from: createthrusters:block/analogue_controller/button_9: java.io.FileNotFoundException: createthrusters:models/block/analogue_controller/button_9.json
[29авг.2026 23:00:18.680] [Worker-ResourceReload-5/WARN] [net.minecraft.client.resources.model.ModelBakery/]: Unable to load model: 'minecraft:compass_25' referenced from: minecraft:compass_25: java.io.FileNotFoundException: minecraft:models/compass_25.json
[29авг.2026 23:00:18.681] [Render thread/INFO] [Moonlight/]: Initialized color sets in 98ms
[29авг.2026 23:00:18.686] [Worker-ResourceReload-5/WARN] [net.minecraft.client.resources.model.ModelBakery/]: Unable to load model: 'minecraft:compass_24' referenced from: minecraft:compass_24: java.io.FileNotFoundException: minecraft:models/compass_24.json
[29авг.2026 23:00:18.687] [Render thread/ERROR] [Moonlight/]: Fabric API detected! This is not a Fabric mod, so please don't report related issues to MoonlightLib or its dependent(s). This can usually happen when using Connector, or when using a mod that does NOT have a native Neoforge implementation. This can easily lead to poor compatibility and other bizarre issues. Proceed at your own risk. 
 Mods that bundle Fabric API: [forgified-fabric-api-0.116.15%2B2.3.1%2B1.21.1.jar]
[29авг.2026 23:00:18.703] [Worker-ResourceReload-5/WARN] [net.minecraft.client.resources.model.ModelBakery/]: Unable to load model: 'minecraft:compass_27' referenced from: minecraft:compass_27: java.io.FileNotFoundException: minecraft:models/compass_27.json
[29авг.2026 23:00:18.703] [Worker-ResourceReload-5/WARN] [net.minecraft.client.resources.model.ModelBakery/]: Unable to load model: 'minecraft:compass_28' referenced from: minecraft:compass_28: java.io.FileNotFoundException: minecraft:models/compass_28.json
[29авг.2026 23:00:18.717] [Worker-ResourceReload-5/WARN] [net.minecraft.client.resources.model.ModelBakery/]: Unable to load model: 'minecraft:compass_26' referenced from: minecraft:compass_26: java.io.FileNotFoundException: minecraft:models/compass_26.json
[29авг.2026 23:00:18.728] [Worker-ResourceReload-5/WARN] [net.minecraft.client.resources.model.ModelBakery/]: Unable to load model: 'gnkinetics:block/shaftless_large_cogstone' referenced from: gnkinetics:block/shaftless_large_cogstone: java.io.FileNotFoundException: gnkinetics:models/block/shaftless_large_cogstone.json
[29авг.2026 23:00:18.731] [Worker-ResourceReload-5/WARN] [net.minecraft.client.resources.model.ModelBakery/]: Unable to load model: 'minecraft:compass_29' referenced from: minecraft:compass_29: java.io.FileNotFoundException: minecraft:models/compass_29.json
[29авг.2026 23:00:18.791] [NeoForge Version Check/INFO] [net.neoforged.fml.VersionChecker/]: [corpse] Found status: BETA Current: 1.21.1-1.1.13 Target: 1.21.1-1.1.13
[29авг.2026 23:00:18.803] [NeoForge Version Check/INFO] [net.neoforged.fml.VersionChecker/]: [searchables] Starting version check at https://updates.blamejared.com/get?n=searchables&gv=1.21.1&ml=neoforge
[29авг.2026 23:00:18.801] [Worker-ResourceReload-2/WARN] [dev.architectury.registry.client.keymappings.forge.KeyMappingRegistryImpl/]: Key mapping key.createrailwaysnavigator.route_overlay_options registered after event
java.lang.RuntimeException: null
	at TRANSFORMER/architectury@13.0.11/dev.architectury.registry.client.keymappings.forge.KeyMappingRegistryImpl.register(KeyMappingRegistryImpl.java:50) ~[architectury-13.0.11-neoforge.jar%23452!/:?]
	at TRANSFORMER/architectury@13.0.11/dev.architectury.registry.client.keymappings.KeyMappingRegistry.register(KeyMappingRegistry.java) ~[architectury-13.0.11-neoforge.jar%23452!/:?]
	at TRANSFORMER/createrailwaysnavigator@1.21.1-beta-0.9.1-C6/de.mrjulsen.crn.client.input.ModKeys.init(ModKeys.java:24) ~[createrailwaysnavigator-neoforge-1.21.1-beta-0.9.1-C6.jar%23551!/:1.21.1-beta-0.9.1-C6]
	at TRANSFORMER/createrailwaysnavigator@1.21.1-beta-0.9.1-C6/de.mrjulsen.crn.event.ModClientEvents.lambda$init$0(ModClientEvents.java:28) ~[createrailwaysnavigator-neoforge-1.21.1-beta-0.9.1-C6.jar%23551!/:1.21.1-beta-0.9.1-C6]
	at java.base/java.lang.invoke.MethodHandle.invokeWithArguments(MethodHandle.java:733) ~[?:?]
	at TRANSFORMER/architectury@13.0.11/dev.architectury.event.EventFactory.invokeMethod(EventFactory.java:53) ~[architectury-13.0.11-neoforge.jar%23452!/:?]
	at TRANSFORMER/architectury@13.0.11/dev.architectury.event.EventFactory$1.handleInvocation(EventFactory.java:62) ~[architectury-13.0.11-neoforge.jar%23452!/:?]
	at MC-BOOTSTRAP/com.google.common@32.1.2-jre/com.google.common.reflect.AbstractInvocationHandler.invoke(AbstractInvocationHandler.java:87) ~[guava-32.1.2-jre.jar%23135!/:?]
	at TRANSFORMER/jdk.proxy4/jdk.proxy4.$Proxy87.stateChanged(Unknown Source) ~[?:?]
	at TRANSFORMER/architectury@13.0.11/dev.architectury.event.forge.EventHandlerImplClient$ModBasedEventHandler.event(EventHandlerImplClient.java:345) ~[architectury-13.0.11-neoforge.jar%23452!/:?]
	at MC-BOOTSTRAP/net.neoforged.bus/net.neoforged.bus.EventBus.post(EventBus.java:360) ~[bus-8.0.5.jar%23110!/:?]
	at MC-BOOTSTRAP/net.neoforged.bus/net.neoforged.bus.EventBus.post(EventBus.java:328) ~[bus-8.0.5.jar%23110!/:?]
	at MC-BOOTSTRAP/fml_loader@4.0.43/net.neoforged.fml.ModContainer.acceptEvent(ModContainer.java:158) ~[loader-4.0.43.jar%23107!/:4.0]
	at MC-BOOTSTRAP/fml_loader@4.0.43/net.neoforged.fml.ModLoader.lambda$dispatchParallelEvent$4(ModLoader.java:172) ~[loader-4.0.43.jar%23107!/:4.0]
	at MC-BOOTSTRAP/fml_loader@4.0.43/net.neoforged.fml.ModLoader.lambda$dispatchParallelTask$7(ModLoader.java:231) ~[loader-4.0.43.jar%23107!/:4.0]
	at java.base/java.util.concurrent.CompletableFuture.uniHandle(CompletableFuture.java:934) [?:?]
	at java.base/java.util.concurrent.CompletableFuture$UniHandle.tryFire(CompletableFuture.java:911) [?:?]
	at java.base/java.util.concurrent.CompletableFuture$Completion.exec(CompletableFuture.java:483) [?:?]
	at java.base/java.util.concurrent.ForkJoinTask.doExec(ForkJoinTask.java:387) [?:?]
	at java.base/java.util.concurrent.ForkJoinPool$WorkQueue.topLevelExec(ForkJoinPool.java:1312) [?:?]
	at java.base/java.util.concurrent.ForkJoinPool.scan(ForkJoinPool.java:1843) [?:?]
	at java.base/java.util.concurrent.ForkJoinPool.runWorker(ForkJoinPool.java:1808) [?:?]
	at java.base/java.util.concurrent.ForkJoinWorkerThread.run(ForkJoinWorkerThread.java:188) [?:?]
[29авг.2026 23:00:18.821] [Worker-ResourceReload-0/INFO] [CraterLoader/]: Loading Early Init Plugins
[29авг.2026 23:00:18.834] [Worker-ResourceReload-5/WARN] [net.minecraft.client.resources.model.ModelBakery/]: Unable to load model: 'createthrusters:block/advanced_controller/button_3' referenced from: createthrusters:block/advanced_controller/button_3: java.io.FileNotFoundException: createthrusters:models/block/advanced_controller/button_3.json
[29авг.2026 23:00:18.843] [Worker-ResourceReload-10/INFO] [xaero.minimap.XaeroMinimap/]: Loading Xaero's Minimap - Stage 1/2
[29авг.2026 23:00:18.856] [Worker-ResourceReload-5/WARN] [net.minecraft.client.resources.model.ModelBakery/]: Unable to load model: 'createthrusters:block/advanced_controller/button_2' referenced from: createthrusters:block/advanced_controller/button_2: java.io.FileNotFoundException: createthrusters:models/block/advanced_controller/button_2.json
[29авг.2026 23:00:18.858] [Worker-ResourceReload-5/WARN] [net.minecraft.client.resources.model.ModelBakery/]: Unable to load model: 'minecraft:block' referenced from: create_submarine:block/steel_cable/connector_steel_knot: java.io.FileNotFoundException: minecraft:models/block.json
[29авг.2026 23:00:18.864] [Worker-ResourceReload-5/WARN] [net.minecraft.client.resources.model.ModelBakery/]: Unable to load model: 'createthrusters:block/advanced_controller/button_1' referenced from: createthrusters:block/advanced_controller/button_1: java.io.FileNotFoundException: createthrusters:models/block/advanced_controller/button_1.json
[29авг.2026 23:00:18.868] [Worker-ResourceReload-6/INFO] [xaero.map.WorldMap/]: Loading Xaero's World Map - Stage 1/2
[29авг.2026 23:00:18.879] [Placebo Patreon Trail Loader/INFO] [placebo/]: Loading patreon trails data...
[29авг.2026 23:00:18.885] [Placebo Patreon Wing Loader/INFO] [placebo/]: Loading patreon wing data...
[29авг.2026 23:00:18.893] [Worker-ResourceReload-5/WARN] [net.minecraft.client.resources.model.ModelBakery/]: Unable to load model: 'cbc_at:block/heavy_autocannon/cast_iron_recoil_spring' referenced from: cbc_at:block/heavy_autocannon/cast_iron_recoil_spring: java.io.FileNotFoundException: cbc_at:models/block/heavy_autocannon/cast_iron_recoil_spring.json
[29авг.2026 23:00:18.902] [NeoForge Version Check/INFO] [net.neoforged.fml.VersionChecker/]: [searchables] Found status: BETA Current: 1.0.2 Target: 1.0.2
[29авг.2026 23:00:18.902] [NeoForge Version Check/INFO] [net.neoforged.fml.VersionChecker/]: [visualworkbench] Starting version check at https://raw.githubusercontent.com/Fuzss/modresources/main/update/visualworkbench.json
[29авг.2026 23:00:18.966] [Worker-ResourceReload-5/WARN] [net.minecraft.client.resources.model.ModelBakery/]: Unable to load model: 'createthrusters:block/analogue_controller/throttle_lever' referenced from: createthrusters:block/analogue_controller/throttle_lever: java.io.FileNotFoundException: createthrusters:models/block/analogue_controller/throttle_lever.json
[29авг.2026 23:00:18.973] [NeoForge Version Check/INFO] [net.neoforged.fml.VersionChecker/]: [visualworkbench] Found status: UP_TO_DATE Current: 21.1.1 Target: null
[29авг.2026 23:00:18.973] [NeoForge Version Check/INFO] [net.neoforged.fml.VersionChecker/]: [createoreexcavation] Starting version check at https://raw.githubusercontent.com/tom5454/Create-Ore-Excavation/main/version-check.json
[29авг.2026 23:00:19.034] [Placebo Patreon Trail Loader/INFO] [placebo/]: Loaded 51 patreon trails.
[29авг.2026 23:00:19.043] [Worker-ResourceReload-5/WARN] [net.minecraft.client.resources.model.ModelBakery/]: Unable to load model: 'electroenergetics:block/duplex_wire_segment' referenced from: electroenergetics:block/duplex_wire_segment: java.io.FileNotFoundException: electroenergetics:models/block/duplex_wire_segment.json
[29авг.2026 23:00:19.063] [Worker-ResourceReload-6/INFO] [xaero.lib.XaeroLib/]: Loading XaeroLib client 1/2!
[29авг.2026 23:00:19.093] [Worker-ResourceReload-5/WARN] [net.minecraft.client.resources.model.ModelBakery/]: Unable to load model: 'createthrusters:block/advanced_controller/button_7' referenced from: createthrusters:block/advanced_controller/button_7: java.io.FileNotFoundException: createthrusters:models/block/advanced_controller/button_7.json
[29авг.2026 23:00:19.097] [Worker-ResourceReload-5/WARN] [net.minecraft.client.resources.model.ModelBakery/]: Unable to load model: 'createthrusters:block/advanced_controller/button_6' referenced from: createthrusters:block/advanced_controller/button_6: java.io.FileNotFoundException: createthrusters:models/block/advanced_controller/button_6.json
[29авг.2026 23:00:19.112] [Worker-ResourceReload-5/WARN] [net.minecraft.client.resources.model.ModelBakery/]: Unable to load model: 'createthrusters:block/advanced_controller/button_5' referenced from: createthrusters:block/advanced_controller/button_5: java.io.FileNotFoundException: createthrusters:models/block/advanced_controller/button_5.json
[29авг.2026 23:00:19.113] [Worker-ResourceReload-5/WARN] [net.minecraft.client.resources.model.ModelBakery/]: Unable to load model: 'createthrusters:block/advanced_controller/button_4' referenced from: createthrusters:block/advanced_controller/button_4: java.io.FileNotFoundException: createthrusters:models/block/advanced_controller/button_4.json
[29авг.2026 23:00:19.115] [NeoForge Version Check/INFO] [net.neoforged.fml.VersionChecker/]: [createoreexcavation] Found status: BETA Current: 1.6.8 Target: 1.6.8
[29авг.2026 23:00:19.115] [NeoForge Version Check/INFO] [net.neoforged.fml.VersionChecker/]: [forgeconfigapiport] Starting version check at https://raw.githubusercontent.com/Fuzss/modresources/main/update/forgeconfigapiport.json
[29авг.2026 23:00:19.119] [Placebo Patreon Wing Loader/INFO] [placebo/]: Loaded 44 patreon wings.
[29авг.2026 23:00:19.126] [Worker-ResourceReload-0/INFO] [Simple RPC/]: Loading config file from C:\Users\Mike\AppData\Roaming\.minecraft\versions\create new\config\simple-rpc\simple-rpc.toml
[29авг.2026 23:00:19.139] [Worker-ResourceReload-8/INFO] [DistantHorizons-DistantHorizons-com.seibel.distanthorizons.common.AbstractModInitializer_neoforge/]: Initializing Distant Horizons client, firing DhApiBeforeDhInitEvent...
[29авг.2026 23:00:19.139] [Worker-ResourceReload-9/INFO] [STDOUT/]: [com.tiestoettoet.create_train_parts.CreateTrainPartsClient:clientInit:48]: Create Train Parts Client Init
[29авг.2026 23:00:19.140] [Worker-ResourceReload-0/INFO] [CraterLib/]: Registered simple-rpc.toml successfully!
[29авг.2026 23:00:19.140] [Worker-ResourceReload-5/WARN] [net.minecraft.client.resources.model.ModelBakery/]: Unable to load model: 'createthrusters:block/advanced_controller/button_9' referenced from: createthrusters:block/advanced_controller/button_9: java.io.FileNotFoundException: createthrusters:models/block/advanced_controller/button_9.json
[29авг.2026 23:00:19.158] [Worker-ResourceReload-5/WARN] [net.minecraft.client.resources.model.ModelBakery/]: Unable to load model: 'createthrusters:block/advanced_controller/button_8' referenced from: createthrusters:block/advanced_controller/button_8: java.io.FileNotFoundException: createthrusters:models/block/advanced_controller/button_8.json
[29авг.2026 23:00:19.166] [Worker-ResourceReload-9/INFO] [com.tiestoettoet.create_train_parts.CreateTrainParts/]: create_train_parts is starting up on the client side!
[29авг.2026 23:00:19.166] [Worker-ResourceReload-9/INFO] [com.tiestoettoet.create_train_parts.CreateTrainParts/]: MINECRAFT NAME >> quon7
[29авг.2026 23:00:19.168] [Worker-ResourceReload-5/INFO] [ModernFix/]: Dynamic model bakery loading finished, with 2786 permanent top level models
[29авг.2026 23:00:19.175] [Worker-ResourceReload-8/INFO] [DistantHorizons-DistantHorizons-com.seibel.distanthorizons.core.Initializer/]: Running library validation...
[29авг.2026 23:00:19.186] [NeoForge Version Check/INFO] [net.neoforged.fml.VersionChecker/]: [forgeconfigapiport] Found status: OUTDATED Current: 21.1.1 Target: 21.1.6
[29авг.2026 23:00:19.187] [NeoForge Version Check/INFO] [net.neoforged.fml.VersionChecker/]: [puzzleslib] Starting version check at https://raw.githubusercontent.com/Fuzss/modresources/main/update/puzzleslib.json
[29авг.2026 23:00:19.236] [Worker-ResourceReload-4/WARN] [com.epherical.epherolib.config.CommonConfig/]: Could not find an internal config file for serverbrowser.conf
[29авг.2026 23:00:19.247] [Worker-ResourceReload-0/INFO] [Simple RPC/]: Loading config file from C:\Users\Mike\AppData\Roaming\.minecraft\versions\create new\config\simple-rpc\server-entries.toml
[29авг.2026 23:00:19.247] [Worker-ResourceReload-0/INFO] [CraterLib/]: Registered server-entries.toml successfully!
[29авг.2026 23:00:19.269] [NeoForge Version Check/INFO] [net.neoforged.fml.VersionChecker/]: [puzzleslib] Found status: UP_TO_DATE Current: 21.1.52 Target: null
[29авг.2026 23:00:19.269] [NeoForge Version Check/INFO] [net.neoforged.fml.VersionChecker/]: [controlling] Starting version check at https://updates.blamejared.com/get?n=controlling&gv=1.21.1&ml=neoforge
[29авг.2026 23:00:19.279] [Worker-ResourceReload-0/INFO] [Simple RPC/]: Connected to Discord API
[29авг.2026 23:00:19.290] [Worker-ResourceReload-0/INFO] [Simple RPC/]: Loading config file from C:\Users\Mike\AppData\Roaming\.minecraft\versions\create new\config\simple-rpc\simple-rpc.toml
[29авг.2026 23:00:19.291] [Worker-ResourceReload-0/ERROR] [CraterLib/]: Failed to register simple-rpc.toml. Config already registered
[29авг.2026 23:00:19.341] [Worker-ResourceReload-4/INFO] [com.epherical.epherolib.config.CommonConfig/]: Upgrading professions config from 1 to 1
[29авг.2026 23:00:19.368] [NeoForge Version Check/INFO] [net.neoforged.fml.VersionChecker/]: [controlling] Found status: BETA Current: 19.0.5 Target: 19.0.5
[29авг.2026 23:00:19.368] [NeoForge Version Check/INFO] [net.neoforged.fml.VersionChecker/]: [bookshelf] Starting version check at https://updates.blamejared.com/get?n=bookshelf&gv=1.21.1&ml=neoforge
[29авг.2026 23:00:19.413] [Worker-ResourceReload-0/INFO] [Simple RPC/]: Connected to Discord API
[29авг.2026 23:00:19.469] [NeoForge Version Check/INFO] [net.neoforged.fml.VersionChecker/]: [bookshelf] Found status: BETA Current: 21.1.81 Target: 21.1.81
[29авг.2026 23:00:19.469] [NeoForge Version Check/INFO] [net.neoforged.fml.VersionChecker/]: [create_connected] Starting version check at https://raw.githubusercontent.com/hlysine/create_connected/main/update.json
[29авг.2026 23:00:19.540] [NeoForge Version Check/INFO] [net.neoforged.fml.VersionChecker/]: [create_connected] Found status: UP_TO_DATE Current: 1.3.2-mc1.21.1 Target: null
[29авг.2026 23:00:19.540] [NeoForge Version Check/INFO] [net.neoforged.fml.VersionChecker/]: [computercraft] Starting version check at https://api.modrinth.com/updates/cc-tweaked/forge_updates.json
[29авг.2026 23:00:19.696] [Worker-ResourceReload-8/INFO] [DistantHorizons-DistantHorizons-com.seibel.distanthorizons.common.AbstractModInitializer_neoforge/]: Distant Horizons, Version: 3.1.2-b
[29авг.2026 23:00:19.709] [Worker-ResourceReload-8/INFO] [DistantHorizons-DistantHorizons-com.seibel.distanthorizons.common.AbstractModInitializer_neoforge/]: Skipping mod compatibility accessor for: [optifine]
[29авг.2026 23:00:19.710] [Worker-ResourceReload-8/INFO] [DistantHorizons-DistantHorizons-com.seibel.distanthorizons.common.AbstractModInitializer_neoforge/]: Skipping mod compatibility accessor for: [c2me]
[29авг.2026 23:00:19.711] [Worker-ResourceReload-8/INFO] [DistantHorizons-DistantHorizons-com.seibel.distanthorizons.common.AbstractModInitializer_neoforge/]: Skipping mod compatibility accessor for: [immersive_portals_core]
[29авг.2026 23:00:19.711] [Worker-ResourceReload-8/INFO] [DistantHorizons-DistantHorizons-com.seibel.distanthorizons.core.dependencyInjection.ModAccessorInjector/]: Registered mod compatibility accessor for: [iris].
[29авг.2026 23:00:19.737] [Worker-ResourceReload-8/INFO] [DistantHorizons-DistantHorizons-com.seibel.distanthorizons.core.config.ConfigHandler/]: Initialising config for [DistantHorizons]
[29авг.2026 23:00:19.807] [Worker-ResourceReload-8/WARN] [DistantHorizons-DistantHorizons-com.seibel.distanthorizons.core.config.file.ConfigFileHandler/]: BlockBiomeWrapperPair [client.advanced.debugging.exampleConfigScreen.mapTest] had an invalid value when loading the config. Using default value.
[29авг.2026 23:00:19.818] [Worker-ResourceReload-8/INFO] [DistantHorizons-DistantHorizons-com.seibel.distanthorizons.core.config.ConfigHandler/]: [DistantHorizons] Config initialised
[29авг.2026 23:00:19.830] [Worker-ResourceReload-8/INFO] [DistantHorizons-DistantHorizons-com.seibel.distanthorizons.core.config.eventHandlers.IgnoredDimensionCsvHandler/]: Dimension ignoring disabled, DH will render all dimensions.
[29авг.2026 23:00:19.830] [Worker-ResourceReload-8/INFO] [com.seibel.distanthorizons.core.logging.DhLogger/]: Applying config to loggers
[29авг.2026 23:00:19.831] [Worker-ResourceReload-8/INFO] [DistantHorizons-DistantHorizons-com.seibel.distanthorizons.core.Initializer/]: Garbage collectors: [G1 Young Generation, G1 Concurrent GC, G1 Old Generation]
[29авг.2026 23:00:19.832] [Worker-ResourceReload-8/WARN] [DistantHorizons-DistantHorizons-com.seibel.distanthorizons.core.Initializer/]: Distant Horizons: G1 Garbage collector detected.
This can cause FPS stuttering. 
It's recommended to use a concurrent garbage collector 
like ZGC (Java 21+) or Shenandoah (Java 8 through 17) 
for a smoother experience.
[29авг.2026 23:00:19.837] [Worker-ResourceReload-8/INFO] [DistantHorizons-DistantHorizons-com.seibel.distanthorizons.common.AbstractModInitializer_neoforge/]: Distant Horizons client Initialized.
[29авг.2026 23:00:19.837] [Worker-ResourceReload-8/INFO] [DistantHorizons-DistantHorizons-com.seibel.distanthorizons.common.AbstractModInitializer_neoforge/]: Running Delayed setup...
[29авг.2026 23:00:19.837] [Worker-ResourceReload-8/INFO] [DistantHorizons-DistantHorizons-com.seibel.distanthorizons.common.AbstractModInitializer_neoforge/]: Delayed setup complete, firing DhApiAfterDhInitEvent event...
[29авг.2026 23:00:19.837] [Worker-ResourceReload-8/INFO] [Iris/]: DH Ready, binding Iris event handlers...
[29авг.2026 23:00:19.845] [Worker-ResourceReload-8/INFO] [Iris/]: DH Iris events bound.
[29авг.2026 23:00:19.846] [DH-PostClientInit Thread/INFO] [DistantHorizons-DistantHorizons-com.seibel.distanthorizons.common.wrappers.DependencySetup_neoforge/]: Setting DH Rendering API to: [OPEN_GL]...
[29авг.2026 23:00:19.854] [DH-PostClientInit Thread/INFO] [DistantHorizons-DistantHorizons-com.seibel.distanthorizons.common.wrappers.DependencySetup_neoforge/]: DH Rendering successfully bound to: [OpenGL]...
[29авг.2026 23:00:19.855] [Render thread/INFO] [Iris/]: Shaders are disabled because no valid shaderpack is selected
[29авг.2026 23:00:19.890] [NeoForge Version Check/INFO] [net.neoforged.fml.VersionChecker/]: [computercraft] Found status: BETA Current: 1.116.2 Target: null
[29авг.2026 23:00:19.890] [NeoForge Version Check/INFO] [net.neoforged.fml.VersionChecker/]: [tradingpost] Starting version check at https://raw.githubusercontent.com/Fuzss/modresources/main/update/tradingpost.json
[29авг.2026 23:00:19.925] [Thread-27/INFO] [com.hypherionmc.simplerpc.rpcsdk.DiscordRpc/]: Connecting to Discord (Attempt 0/10)
[29авг.2026 23:00:19.925] [Thread-27/INFO] [Simple RPC/]: Successfully connected to discord as hello7724
[29авг.2026 23:00:19.957] [NeoForge Version Check/INFO] [net.neoforged.fml.VersionChecker/]: [tradingpost] Found status: UP_TO_DATE Current: 21.1.1 Target: null
[29авг.2026 23:00:19.957] [NeoForge Version Check/INFO] [net.neoforged.fml.VersionChecker/]: [copycats] Starting version check at https://raw.githubusercontent.com/copycats-plus/copycats/multiloader/update.json
[29авг.2026 23:00:20.023] [NeoForge Version Check/INFO] [net.neoforged.fml.VersionChecker/]: [copycats] Found status: AHEAD Current: 3.0.4+mc.1.21.1-neoforge Target: null
[29авг.2026 23:00:20.023] [NeoForge Version Check/INFO] [net.neoforged.fml.VersionChecker/]: [easymagic] Starting version check at https://raw.githubusercontent.com/Fuzss/modresources/main/update/easymagic.json
[29авг.2026 23:00:20.090] [NeoForge Version Check/INFO] [net.neoforged.fml.VersionChecker/]: [easymagic] Found status: UP_TO_DATE Current: 21.1.4 Target: null
[29авг.2026 23:00:20.090] [NeoForge Version Check/INFO] [net.neoforged.fml.VersionChecker/]: [clumps] Starting version check at https://updates.blamejared.com/get?n=clumps&gv=1.21.1&ml=neoforge
[29авг.2026 23:00:20.189] [NeoForge Version Check/INFO] [net.neoforged.fml.VersionChecker/]: [clumps] Found status: BETA Current: 19.0.0.1 Target: 19.0.0.1
[29авг.2026 23:00:20.190] [NeoForge Version Check/INFO] [net.neoforged.fml.VersionChecker/]: [cutthrough] Starting version check at https://raw.githubusercontent.com/Fuzss/modresources/main/update/cutthrough.json
[29авг.2026 23:00:20.262] [NeoForge Version Check/INFO] [net.neoforged.fml.VersionChecker/]: [cutthrough] Found status: UP_TO_DATE Current: 21.1.0 Target: null
[29авг.2026 23:00:20.262] [NeoForge Version Check/INFO] [net.neoforged.fml.VersionChecker/]: [enchdesc] Starting version check at https://updates.blamejared.com/get?n=enchdesc&gv=1.21.1&ml=neoforge
[29авг.2026 23:00:20.355] [Worker-ResourceReload-5/INFO] [ModernFix/]: Dynamic model bakery initial baking finished, with 2786 permanent top level baked models
[29авг.2026 23:00:20.356] [Worker-ResourceReload-5/WARN] [net.minecraft.client.resources.model.ModelManager/]: Missing textures in model supplementaries:special_models/plants/root#standalone:
    minecraft:textures/atlas/blocks.png:quark:block/root
[29авг.2026 23:00:20.356] [Worker-ResourceReload-5/WARN] [net.minecraft.client.resources.model.ModelManager/]: Missing textures in model cbc_at:block/twin_autocannon/cast_iron_vert_recoil_spring#standalone:
    minecraft:textures/atlas/blocks.png:minecraft:0
[29авг.2026 23:00:20.356] [Worker-ResourceReload-5/WARN] [net.minecraft.client.resources.model.ModelManager/]: Missing textures in model cmpackagecouriers:item/cardboard_plane#standalone:
    minecraft:textures/atlas/blocks.png:create:entity/cardboard_entity
[29авг.2026 23:00:20.356] [Worker-ResourceReload-5/WARN] [net.minecraft.client.resources.model.ModelManager/]: Missing textures in model cbc_at:block/twin_autocannon/bronze_recoil_spring#standalone:
    minecraft:textures/atlas/blocks.png:minecraft:0
[29авг.2026 23:00:20.356] [Worker-ResourceReload-5/WARN] [net.minecraft.client.resources.model.ModelManager/]: Missing textures in model cbc_at:block/twin_autocannon/cast_iron_recoil_spring#standalone:
    minecraft:textures/atlas/blocks.png:minecraft:0
[29авг.2026 23:00:20.356] [Worker-ResourceReload-5/WARN] [net.minecraft.client.resources.model.ModelManager/]: Missing textures in model cbc_at:block/twin_autocannon/bronze_vert_recoil_spring#standalone:
    minecraft:textures/atlas/blocks.png:minecraft:0
[29авг.2026 23:00:20.363] [NeoForge Version Check/INFO] [net.neoforged.fml.VersionChecker/]: [enchdesc] Found status: BETA Current: 21.1.10 Target: 21.1.10
[29авг.2026 23:00:20.363] [NeoForge Version Check/INFO] [net.neoforged.fml.VersionChecker/]: [iceberg] Starting version check at https://mc-update-check.anthonyhilyard.com/520110
[29авг.2026 23:00:20.873] [Worker-ResourceReload-6/WARN] [xaero.lib.XaeroLib/]: io exception while checking patreon: Online mod data expired! Date: Mon Aug 24 18:29:54 NOVT 2026
[29авг.2026 23:00:20.929] [Render thread/INFO] [xaero.map.WorldMap/]: Loading Xaero's World Map - Stage 2/2
[29авг.2026 23:00:20.939] [Render thread/INFO] [xaero.map.WorldMap/]: New world map region cache hash code: -1812405151
[29авг.2026 23:00:22.349] [Worker-ResourceReload-5/INFO] [Puzzles Lib/]: Modifying unbaked models took 1142ms
[29авг.2026 23:00:22.681] [Render thread/ERROR] [xaero.map.WorldMap/]: io exception while checking versions: Online mod data expired! Date: Mon Aug 24 18:29:54 NOVT 2026
[29авг.2026 23:00:22.683] [Render thread/INFO] [xaero.map.WorldMap/]: Registered player tracker system: map_synced
[29авг.2026 23:00:22.687] [Render thread/INFO] [xaero.map.WorldMap/]: Xaero's WorldMap Mod: Xaero's minimap found!
[29авг.2026 23:00:22.690] [Render thread/INFO] [xaero.map.WorldMap/]: Registered player tracker system: minimap_synced
[29авг.2026 23:00:22.695] [Render thread/INFO] [xaero.map.WorldMap/]: Registered player tracker system: openpartiesandclaims
[29авг.2026 23:00:22.695] [Render thread/INFO] [xaero.map.WorldMap/]: Xaero's WorldMap Mod: Open Parties And Claims found!
[29авг.2026 23:00:22.695] [Render thread/INFO] [xaero.map.WorldMap/]: No Optifine!
[29авг.2026 23:00:22.696] [Render thread/INFO] [xaero.map.WorldMap/]: Xaero's World Map: No Vivecraft!
[29авг.2026 23:00:22.696] [Render thread/INFO] [xaero.map.WorldMap/]: Xaero's World Map: Iris found!
[29авг.2026 23:00:22.723] [Render thread/WARN] [net.neoforged.fml.DeferredWorkQueue/LOADING]: Mod 'xaeroworldmap' took 1.794 s to run a deferred task.
[29авг.2026 23:00:22.727] [Render thread/INFO] [xaero.minimap.XaeroMinimap/]: Loading Xaero's Minimap - Stage 2/2
[29авг.2026 23:00:23.122] [Worker-ResourceReload-5/INFO] [Puzzles Lib/]: Modifying unbaked models took 772ms
[29авг.2026 23:00:23.822] [Worker-ResourceReload-5/INFO] [Puzzles Lib/]: Modifying unbaked models took 700ms
[29авг.2026 23:00:23.830] [Worker-ResourceReload-5/WARN] [ModernFix/]: Mod 'createthrusters' is calling replaceAll on the model registry. Some hacks will be used to keep this fast, but they may not be 100% compatible.
[29авг.2026 23:00:24.511] [Render thread/WARN] [xaero.hud.minimap.MinimapLogs/]: io exception while checking versions: Online mod data expired! Date: Mon Aug 24 18:29:54 NOVT 2026
[29авг.2026 23:00:24.512] [Render thread/INFO] [xaero.hud.minimap.MinimapLogs/]: Registered player tracker system: minimap_synced
[29авг.2026 23:00:24.514] [Render thread/INFO] [xaero.hud.minimap.MinimapLogs/]: Registered player tracker system: openpartiesandclaims
[29авг.2026 23:00:24.514] [Render thread/INFO] [xaero.hud.minimap.MinimapLogs/]: Xaero's Minimap: Open Parties And Claims found!
[29авг.2026 23:00:24.514] [Render thread/WARN] [net.neoforged.fml.DeferredWorkQueue/LOADING]: Mod 'xaerominimap' took 1.787 s to run a deferred task.
[29авг.2026 23:00:24.521] [Render thread/INFO] [Rolling Tones/]: Verified the Offroad 1.3.0 wheel contact integration
[29авг.2026 23:00:24.522] [Render thread/INFO] [xaero.lib.XaeroLib/]: Loading XaeroLib common 2/2!
[29авг.2026 23:00:24.522] [Render thread/INFO] [xaero.lib.XaeroLib/]: Loading XaeroLib client 2/2!
[29авг.2026 23:00:24.617] [Render thread/WARN] [mixin/]: @Redirect conflict. Skipping mixins.redirected_neoforge_1.21.1.json:net.minecraft.world.level.block.state.CacheMixin from mod redirected->@Redirect::redirectSupportTypes()[Lnet/minecraft/world/level/block/SupportType; with priority 10, already redirected by modernfix-modernfix.mixins.json:perf.cache_blockstate_cache_arrays.AbstractBlockStateCacheMixin from mod modernfix->@Redirect::getVoxelShapeValues()[Lnet/minecraft/world/level/block/SupportType; with priority 1000
[29авг.2026 23:00:24.667] [Render thread/INFO] [dev.lopyluna.gnkinetics.Gears/]: GnKinetics CAPABILITIES SETUP
[29авг.2026 23:00:26.356] [Worker-ResourceReload-5/WARN] [net.minecraft.client.resources.model.BlockStateModelLoader/]: Exception loading blockstate definition: 'ars_nouveau:blockstates/particle_block.json' missing model for variant: 'ars_nouveau:particle_block#waterlogged=true'
[29авг.2026 23:00:26.356] [Worker-ResourceReload-5/WARN] [net.minecraft.client.resources.model.BlockStateModelLoader/]: Exception loading blockstate definition: 'ars_nouveau:blockstates/particle_block.json' missing model for variant: 'ars_nouveau:particle_block#waterlogged=false'
[29авг.2026 23:00:26.483] [Worker-ResourceReload-5/WARN] [net.minecraft.client.resources.model.BlockStateModelLoader/]: Exception loading blockstate definition: 'createcafe:blockstates/cassava_crop.json' missing model for variant: 'createcafe:cassava_crop#age=5'
[29авг.2026 23:00:26.483] [Worker-ResourceReload-5/WARN] [net.minecraft.client.resources.model.BlockStateModelLoader/]: Exception loading blockstate definition: 'createcafe:blockstates/cassava_crop.json' missing model for variant: 'createcafe:cassava_crop#age=4'
[29авг.2026 23:00:26.483] [Worker-ResourceReload-5/WARN] [net.minecraft.client.resources.model.BlockStateModelLoader/]: Exception loading blockstate definition: 'createcafe:blockstates/cassava_crop.json' missing model for variant: 'createcafe:cassava_crop#age=7'
[29авг.2026 23:00:26.483] [Worker-ResourceReload-5/WARN] [net.minecraft.client.resources.model.BlockStateModelLoader/]: Exception loading blockstate definition: 'createcafe:blockstates/cassava_crop.json' missing model for variant: 'createcafe:cassava_crop#age=6'
[29авг.2026 23:00:26.893] [Worker-ResourceReload-5/WARN] [net.minecraft.client.resources.model.ModelBakery/]: Unable to load model: 'cbc_at:block/autocannon/unbored_cast_iron_assembled_autocannon_silencer' referenced from: cbc_at:block/autocannon/unbored_cast_iron_assembled_autocannon_silencer: java.io.FileNotFoundException: cbc_at:models/block/autocannon/unbored_cast_iron_assembled_autocannon_silencer.json
[29авг.2026 23:00:27.123] [Render thread/INFO] [com.cupboard.Cupboard/]: Loaded config for: connectivity.json
[29авг.2026 23:00:27.512] [Worker-ResourceReload-5/WARN] [net.minecraft.client.resources.model.BlockStateModelLoader/]: Exception loading blockstate definition: 'createcafe:blockstates/coffee_crop.json' missing model for variant: 'createcafe:coffee_crop#age=6'
[29авг.2026 23:00:27.513] [Worker-ResourceReload-5/WARN] [net.minecraft.client.resources.model.BlockStateModelLoader/]: Exception loading blockstate definition: 'createcafe:blockstates/coffee_crop.json' missing model for variant: 'createcafe:coffee_crop#age=7'
[29авг.2026 23:00:27.513] [Worker-ResourceReload-5/WARN] [net.minecraft.client.resources.model.BlockStateModelLoader/]: Exception loading blockstate definition: 'createcafe:blockstates/coffee_crop.json' missing model for variant: 'createcafe:coffee_crop#age=4'
[29авг.2026 23:00:27.513] [Worker-ResourceReload-5/WARN] [net.minecraft.client.resources.model.BlockStateModelLoader/]: Exception loading blockstate definition: 'createcafe:blockstates/coffee_crop.json' missing model for variant: 'createcafe:coffee_crop#age=5'
[29авг.2026 23:00:27.617] [Worker-ResourceReload-5/WARN] [net.minecraft.client.resources.model.BlockStateModelLoader/]: Exception loading blockstate definition: 'dndecor:blockstates/text_plate.json' missing model for variant: 'dndecor:text_plate#extended=true,face=wall,facing=north,waterlogged=false'
[29авг.2026 23:00:27.618] [Worker-ResourceReload-5/WARN] [net.minecraft.client.resources.model.BlockStateModelLoader/]: Exception loading blockstate definition: 'dndecor:blockstates/text_plate.json' missing model for variant: 'dndecor:text_plate#extended=false,face=floor,facing=south,waterlogged=false'
[29авг.2026 23:00:27.618] [Worker-ResourceReload-5/WARN] [net.minecraft.client.resources.model.BlockStateModelLoader/]: Exception loading blockstate definition: 'dndecor:blockstates/text_plate.json' missing model for variant: 'dndecor:text_plate#extended=true,face=floor,facing=south,waterlogged=false'
[29авг.2026 23:00:27.618] [Worker-ResourceReload-5/WARN] [net.minecraft.client.resources.model.BlockStateModelLoader/]: Exception loading blockstate definition: 'dndecor:blockstates/text_plate.json' missing model for variant: 'dndecor:text_plate#extended=false,face=wall,facing=south,waterlogged=true'
[29авг.2026 23:00:27.618] [Worker-ResourceReload-5/WARN] [net.minecraft.client.resources.model.BlockStateModelLoader/]: Exception loading blockstate definition: 'dndecor:blockstates/text_plate.json' missing model for variant: 'dndecor:text_plate#extended=false,face=wall,facing=west,waterlogged=false'
[29авг.2026 23:00:27.618] [Worker-ResourceReload-5/WARN] [net.minecraft.client.resources.model.BlockStateModelLoader/]: Exception loading blockstate definition: 'dndecor:blockstates/text_plate.json' missing model for variant: 'dndecor:text_plate#extended=true,face=wall,facing=west,waterlogged=false'
[29авг.2026 23:00:27.618] [Worker-ResourceReload-5/WARN] [net.minecraft.client.resources.model.BlockStateModelLoader/]: Exception loading blockstate definition: 'dndecor:blockstates/text_plate.json' missing model for variant: 'dndecor:text_plate#extended=false,face=floor,facing=east,waterlogged=false'
[29авг.2026 23:00:27.618] [Worker-ResourceReload-5/WARN] [net.minecraft.client.resources.model.BlockStateModelLoader/]: Exception loading blockstate definition: 'dndecor:blockstates/text_plate.json' missing model for variant: 'dndecor:text_plate#extended=true,face=wall,facing=east,waterlogged=true'
[29авг.2026 23:00:27.618] [Worker-ResourceReload-5/WARN] [net.minecraft.client.resources.model.BlockStateModelLoader/]: Exception loading blockstate definition: 'dndecor:blockstates/text_plate.json' missing model for variant: 'dndecor:text_plate#extended=true,face=wall,facing=east,waterlogged=false'
[29авг.2026 23:00:27.618] [Worker-ResourceReload-5/WARN] [net.minecraft.client.resources.model.BlockStateModelLoader/]: Exception loading blockstate definition: 'dndecor:blockstates/text_plate.json' missing model for variant: 'dndecor:text_plate#extended=true,face=ceiling,facing=east,waterlogged=false'
[29авг.2026 23:00:27.618] [Worker-ResourceReload-5/WARN] [net.minecraft.client.resources.model.BlockStateModelLoader/]: Exception loading blockstate definition: 'dndecor:blockstates/text_plate.json' missing model for variant: 'dndecor:text_plate#extended=true,face=wall,facing=north,waterlogged=true'
[29авг.2026 23:00:27.618] [Worker-ResourceReload-5/WARN] [net.minecraft.client.resources.model.BlockStateModelLoader/]: Exception loading blockstate definition: 'dndecor:blockstates/text_plate.json' missing model for variant: 'dndecor:text_plate#extended=true,face=floor,facing=east,waterlogged=false'
[29авг.2026 23:00:27.618] [Worker-ResourceReload-5/WARN] [net.minecraft.client.resources.model.BlockStateModelLoader/]: Exception loading blockstate definition: 'dndecor:blockstates/text_plate.json' missing model for variant: 'dndecor:text_plate#extended=true,face=floor,facing=west,waterlogged=false'
[29авг.2026 23:00:27.618] [Worker-ResourceReload-5/WARN] [net.minecraft.client.resources.model.BlockStateModelLoader/]: Exception loading blockstate definition: 'dndecor:blockstates/text_plate.json' missing model for variant: 'dndecor:text_plate#extended=false,face=floor,facing=north,waterlogged=true'
[29авг.2026 23:00:27.618] [Worker-ResourceReload-5/WARN] [net.minecraft.client.resources.model.BlockStateModelLoader/]: Exception loading blockstate definition: 'dndecor:blockstates/text_plate.json' missing model for variant: 'dndecor:text_plate#extended=true,face=wall,facing=south,waterlogged=true'
[29авг.2026 23:00:27.618] [Worker-ResourceReload-5/WARN] [net.minecraft.client.resources.model.BlockStateModelLoader/]: Exception loading blockstate definition: 'dndecor:blockstates/text_plate.json' missing model for variant: 'dndecor:text_plate#extended=false,face=wall,facing=north,waterlogged=false'
[29авг.2026 23:00:27.618] [Worker-ResourceReload-5/WARN] [net.minecraft.client.resources.model.BlockStateModelLoader/]: Exception loading blockstate definition: 'dndecor:blockstates/text_plate.json' missing model for variant: 'dndecor:text_plate#extended=true,face=wall,facing=south,waterlogged=false'
[29авг.2026 23:00:27.618] [Worker-ResourceReload-5/WARN] [net.minecraft.client.resources.model.BlockStateModelLoader/]: Exception loading blockstate definition: 'dndecor:blockstates/text_plate.json' missing model for variant: 'dndecor:text_plate#extended=false,face=ceiling,facing=west,waterlogged=false'
[29авг.2026 23:00:27.618] [Worker-ResourceReload-5/WARN] [net.minecraft.client.resources.model.BlockStateModelLoader/]: Exception loading blockstate definition: 'dndecor:blockstates/text_plate.json' missing model for variant: 'dndecor:text_plate#extended=false,face=ceiling,facing=east,waterlogged=false'
[29авг.2026 23:00:27.618] [Worker-ResourceReload-5/WARN] [net.minecraft.client.resources.model.BlockStateModelLoader/]: Exception loading blockstate definition: 'dndecor:blockstates/text_plate.json' missing model for variant: 'dndecor:text_plate#extended=true,face=floor,facing=north,waterlogged=false'
[29авг.2026 23:00:27.618] [Worker-ResourceReload-5/WARN] [net.minecraft.client.resources.model.BlockStateModelLoader/]: Exception loading blockstate definition: 'dndecor:blockstates/text_plate.json' missing model for variant: 'dndecor:text_plate#extended=true,face=ceiling,facing=north,waterlogged=false'
[29авг.2026 23:00:27.618] [Worker-ResourceReload-5/WARN] [net.minecraft.client.resources.model.BlockStateModelLoader/]: Exception loading blockstate definition: 'dndecor:blockstates/text_plate.json' missing model for variant: 'dndecor:text_plate#extended=false,face=floor,facing=east,waterlogged=true'
[29авг.2026 23:00:27.618] [Worker-ResourceReload-5/WARN] [net.minecraft.client.resources.model.BlockStateModelLoader/]: Exception loading blockstate definition: 'dndecor:blockstates/text_plate.json' missing model for variant: 'dndecor:text_plate#extended=true,face=floor,facing=east,waterlogged=true'
[29авг.2026 23:00:27.618] [Worker-ResourceReload-5/WARN] [net.minecraft.client.resources.model.BlockStateModelLoader/]: Exception loading blockstate definition: 'dndecor:blockstates/text_plate.json' missing model for variant: 'dndecor:text_plate#extended=false,face=ceiling,facing=east,waterlogged=true'
[29авг.2026 23:00:27.618] [Worker-ResourceReload-5/WARN] [net.minecraft.client.resources.model.BlockStateModelLoader/]: Exception loading blockstate definition: 'dndecor:blockstates/text_plate.json' missing model for variant: 'dndecor:text_plate#extended=true,face=ceiling,facing=west,waterlogged=false'
[29авг.2026 23:00:27.618] [Worker-ResourceReload-5/WARN] [net.minecraft.client.resources.model.BlockStateModelLoader/]: Exception loading blockstate definition: 'dndecor:blockstates/text_plate.json' missing model for variant: 'dndecor:text_plate#extended=false,face=ceiling,facing=north,waterlogged=false'
[29авг.2026 23:00:27.618] [Worker-ResourceReload-5/WARN] [net.minecraft.client.resources.model.BlockStateModelLoader/]: Exception loading blockstate definition: 'dndecor:blockstates/text_plate.json' missing model for variant: 'dndecor:text_plate#extended=true,face=floor,facing=north,waterlogged=true'
[29авг.2026 23:00:27.618] [Worker-ResourceReload-5/WARN] [net.minecraft.client.resources.model.BlockStateModelLoader/]: Exception loading blockstate definition: 'dndecor:blockstates/text_plate.json' missing model for variant: 'dndecor:text_plate#extended=true,face=ceiling,facing=south,waterlogged=true'
[29авг.2026 23:00:27.618] [Worker-ResourceReload-5/WARN] [net.minecraft.client.resources.model.BlockStateModelLoader/]: Exception loading blockstate definition: 'dndecor:blockstates/text_plate.json' missing model for variant: 'dndecor:text_plate#extended=false,face=wall,facing=west,waterlogged=true'
[29авг.2026 23:00:27.618] [Worker-ResourceReload-5/WARN] [net.minecraft.client.resources.model.BlockStateModelLoader/]: Exception loading blockstate definition: 'dndecor:blockstates/text_plate.json' missing model for variant: 'dndecor:text_plate#extended=false,face=ceiling,facing=south,waterlogged=false'
[29авг.2026 23:00:27.618] [Worker-ResourceReload-5/WARN] [net.minecraft.client.resources.model.BlockStateModelLoader/]: Exception loading blockstate definition: 'dndecor:blockstates/text_plate.json' missing model for variant: 'dndecor:text_plate#extended=false,face=ceiling,facing=west,waterlogged=true'
[29авг.2026 23:00:27.618] [Worker-ResourceReload-5/WARN] [net.minecraft.client.resources.model.BlockStateModelLoader/]: Exception loading blockstate definition: 'dndecor:blockstates/text_plate.json' missing model for variant: 'dndecor:text_plate#extended=false,face=wall,facing=east,waterlogged=false'
[29авг.2026 23:00:27.618] [Worker-ResourceReload-5/WARN] [net.minecraft.client.resources.model.BlockStateModelLoader/]: Exception loading blockstate definition: 'dndecor:blockstates/text_plate.json' missing model for variant: 'dndecor:text_plate#extended=true,face=ceiling,facing=east,waterlogged=true'
[29авг.2026 23:00:27.618] [Worker-ResourceReload-5/WARN] [net.minecraft.client.resources.model.BlockStateModelLoader/]: Exception loading blockstate definition: 'dndecor:blockstates/text_plate.json' missing model for variant: 'dndecor:text_plate#extended=true,face=ceiling,facing=south,waterlogged=false'
[29авг.2026 23:00:27.619] [Worker-ResourceReload-5/WARN] [net.minecraft.client.resources.model.BlockStateModelLoader/]: Exception loading blockstate definition: 'dndecor:blockstates/text_plate.json' missing model for variant: 'dndecor:text_plate#extended=false,face=wall,facing=east,waterlogged=true'
[29авг.2026 23:00:27.619] [Worker-ResourceReload-5/WARN] [net.minecraft.client.resources.model.BlockStateModelLoader/]: Exception loading blockstate definition: 'dndecor:blockstates/text_plate.json' missing model for variant: 'dndecor:text_plate#extended=true,face=ceiling,facing=north,waterlogged=true'
[29авг.2026 23:00:27.619] [Worker-ResourceReload-5/WARN] [net.minecraft.client.resources.model.BlockStateModelLoader/]: Exception loading blockstate definition: 'dndecor:blockstates/text_plate.json' missing model for variant: 'dndecor:text_plate#extended=false,face=wall,facing=south,waterlogged=false'
[29авг.2026 23:00:27.619] [Worker-ResourceReload-5/WARN] [net.minecraft.client.resources.model.BlockStateModelLoader/]: Exception loading blockstate definition: 'dndecor:blockstates/text_plate.json' missing model for variant: 'dndecor:text_plate#extended=true,face=floor,facing=west,waterlogged=true'
[29авг.2026 23:00:27.619] [Worker-ResourceReload-5/WARN] [net.minecraft.client.resources.model.BlockStateModelLoader/]: Exception loading blockstate definition: 'dndecor:blockstates/text_plate.json' missing model for variant: 'dndecor:text_plate#extended=false,face=floor,facing=south,waterlogged=true'
[29авг.2026 23:00:27.619] [Worker-ResourceReload-5/WARN] [net.minecraft.client.resources.model.BlockStateModelLoader/]: Exception loading blockstate definition: 'dndecor:blockstates/text_plate.json' missing model for variant: 'dndecor:text_plate#extended=false,face=floor,facing=west,waterlogged=false'
[29авг.2026 23:00:27.619] [Worker-ResourceReload-5/WARN] [net.minecraft.client.resources.model.BlockStateModelLoader/]: Exception loading blockstate definition: 'dndecor:blockstates/text_plate.json' missing model for variant: 'dndecor:text_plate#extended=false,face=wall,facing=north,waterlogged=true'
[29авг.2026 23:00:27.619] [Worker-ResourceReload-5/WARN] [net.minecraft.client.resources.model.BlockStateModelLoader/]: Exception loading blockstate definition: 'dndecor:blockstates/text_plate.json' missing model for variant: 'dndecor:text_plate#extended=true,face=ceiling,facing=west,waterlogged=true'
[29авг.2026 23:00:27.619] [Worker-ResourceReload-5/WARN] [net.minecraft.client.resources.model.BlockStateModelLoader/]: Exception loading blockstate definition: 'dndecor:blockstates/text_plate.json' missing model for variant: 'dndecor:text_plate#extended=true,face=floor,facing=south,waterlogged=true'
[29авг.2026 23:00:27.619] [Worker-ResourceReload-5/WARN] [net.minecraft.client.resources.model.BlockStateModelLoader/]: Exception loading blockstate definition: 'dndecor:blockstates/text_plate.json' missing model for variant: 'dndecor:text_plate#extended=false,face=floor,facing=west,waterlogged=true'
[29авг.2026 23:00:27.619] [Worker-ResourceReload-5/WARN] [net.minecraft.client.resources.model.BlockStateModelLoader/]: Exception loading blockstate definition: 'dndecor:blockstates/text_plate.json' missing model for variant: 'dndecor:text_plate#extended=false,face=ceiling,facing=south,waterlogged=true'
[29авг.2026 23:00:27.619] [Worker-ResourceReload-5/WARN] [net.minecraft.client.resources.model.BlockStateModelLoader/]: Exception loading blockstate definition: 'dndecor:blockstates/text_plate.json' missing model for variant: 'dndecor:text_plate#extended=true,face=wall,facing=west,waterlogged=true'
[29авг.2026 23:00:27.619] [Worker-ResourceReload-5/WARN] [net.minecraft.client.resources.model.BlockStateModelLoader/]: Exception loading blockstate definition: 'dndecor:blockstates/text_plate.json' missing model for variant: 'dndecor:text_plate#extended=false,face=floor,facing=north,waterlogged=false'
[29авг.2026 23:00:27.619] [Worker-ResourceReload-5/WARN] [net.minecraft.client.resources.model.BlockStateModelLoader/]: Exception loading blockstate definition: 'dndecor:blockstates/text_plate.json' missing model for variant: 'dndecor:text_plate#extended=false,face=ceiling,facing=north,waterlogged=true'
[29авг.2026 23:00:27.872] [Worker-ResourceReload-5/WARN] [net.minecraft.client.resources.model.BlockStateModelLoader/]: Exception loading blockstate definition: 'createthrusters:blockstates/virtual_orientation_source.json' missing model for variant: 'createthrusters:virtual_orientation_source#facing=west'
[29авг.2026 23:00:27.872] [Worker-ResourceReload-5/WARN] [net.minecraft.client.resources.model.BlockStateModelLoader/]: Exception loading blockstate definition: 'createthrusters:blockstates/virtual_orientation_source.json' missing model for variant: 'createthrusters:virtual_orientation_source#facing=down'
[29авг.2026 23:00:27.872] [Worker-ResourceReload-5/WARN] [net.minecraft.client.resources.model.BlockStateModelLoader/]: Exception loading blockstate definition: 'createthrusters:blockstates/virtual_orientation_source.json' missing model for variant: 'createthrusters:virtual_orientation_source#facing=north'
[29авг.2026 23:00:27.872] [Worker-ResourceReload-5/WARN] [net.minecraft.client.resources.model.BlockStateModelLoader/]: Exception loading blockstate definition: 'createthrusters:blockstates/virtual_orientation_source.json' missing model for variant: 'createthrusters:virtual_orientation_source#facing=up'
[29авг.2026 23:00:27.872] [Worker-ResourceReload-5/WARN] [net.minecraft.client.resources.model.BlockStateModelLoader/]: Exception loading blockstate definition: 'createthrusters:blockstates/virtual_orientation_source.json' missing model for variant: 'createthrusters:virtual_orientation_source#facing=east'
[29авг.2026 23:00:27.873] [Worker-ResourceReload-5/WARN] [net.minecraft.client.resources.model.BlockStateModelLoader/]: Exception loading blockstate definition: 'createthrusters:blockstates/virtual_orientation_source.json' missing model for variant: 'createthrusters:virtual_orientation_source#facing=south'
[29авг.2026 23:00:28.419] [Worker-ResourceReload-5/WARN] [net.minecraft.client.resources.model.BlockStateModelLoader/]: Exception loading blockstate definition: 'createpropulsion:blockstates/advanced_tilt_adapter.json' missing model for variant: 'createpropulsion:advanced_tilt_adapter#aligned_x=false,axis=y,axis_along_first=true,facing=east,positive=false'
[29авг.2026 23:00:28.419] [Worker-ResourceReload-5/WARN] [net.minecraft.client.resources.model.BlockStateModelLoader/]: Exception loading blockstate definition: 'createpropulsion:blockstates/advanced_tilt_adapter.json' missing model for variant: 'createpropulsion:advanced_tilt_adapter#aligned_x=false,axis=z,axis_along_first=false,facing=east,positive=true'
[29авг.2026 23:00:28.419] [Worker-ResourceReload-5/WARN] [net.minecraft.client.resources.model.BlockStateModelLoader/]: Exception loading blockstate definition: 'createpropulsion:blockstates/advanced_tilt_adapter.json' missing model for variant: 'createpropulsion:advanced_tilt_adapter#aligned_x=true,axis=x,axis_along_first=false,facing=north,positive=false'
[29авг.2026 23:00:28.419] [Worker-ResourceReload-5/WARN] [net.minecraft.client.resources.model.BlockStateModelLoader/]: Exception loading blockstate definition: 'createpropulsion:blockstates/advanced_tilt_adapter.json' missing model for variant: 'createpropulsion:advanced_tilt_adapter#aligned_x=true,axis=x,axis_along_first=false,facing=down,positive=true'
[29авг.2026 23:00:28.419] [Worker-ResourceReload-5/WARN] [net.minecraft.client.resources.model.BlockStateModelLoader/]: Exception loading blockstate definition: 'createpropulsion:blockstates/advanced_tilt_adapter.json' missing model for variant: 'createpropulsion:advanced_tilt_adapter#aligned_x=false,axis=z,axis_along_first=true,facing=east,positive=true'
[29авг.2026 23:00:28.419] [Worker-ResourceReload-5/WARN] [net.minecraft.client.resources.model.BlockStateModelLoader/]: Exception loading blockstate definition: 'createpropulsion:blockstates/advanced_tilt_adapter.json' missing model for variant: 'createpropulsion:advanced_tilt_adapter#aligned_x=false,axis=z,axis_along_first=true,facing=down,positive=true'
[29авг.2026 23:00:28.419] [Worker-ResourceReload-5/WARN] [net.minecraft.client.resources.model.BlockStateModelLoader/]: Exception loading blockstate definition: 'createpropulsion:blockstates/advanced_tilt_adapter.json' missing model for variant: 'createpropulsion:advanced_tilt_adapter#aligned_x=false,axis=x,axis_along_first=true,facing=down,positive=true'
[29авг.2026 23:00:28.420] [Worker-ResourceReload-5/WARN] [net.minecraft.client.resources.model.BlockStateModelLoader/]: Exception loading blockstate definition: 'createpropulsion:blockstates/advanced_tilt_adapter.json' missing model for variant: 'createpropulsion:advanced_tilt_adapter#aligned_x=true,axis=z,axis_along_first=false,facing=up,positive=true'
[29авг.2026 23:00:28.420] [Worker-ResourceReload-5/WARN] [net.minecraft.client.resources.model.BlockStateModelLoader/]: Exception loading blockstate definition: 'createpropulsion:blockstates/advanced_tilt_adapter.json' missing model for variant: 'createpropulsion:advanced_tilt_adapter#aligned_x=true,axis=y,axis_along_first=false,facing=west,positive=false'
[29авг.2026 23:00:28.420] [Worker-ResourceReload-5/WARN] [net.minecraft.client.resources.model.BlockStateModelLoader/]: Exception loading blockstate definition: 'createpropulsion:blockstates/advanced_tilt_adapter.json' missing model for variant: 'createpropulsion:advanced_tilt_adapter#aligned_x=false,axis=z,axis_along_first=false,facing=down,positive=true'
[29авг.2026 23:00:28.420] [Worker-ResourceReload-5/WARN] [net.minecraft.client.resources.model.BlockStateModelLoader/]: Exception loading blockstate definition: 'createpropulsion:blockstates/advanced_tilt_adapter.json' missing model for variant: 'createpropulsion:advanced_tilt_adapter#aligned_x=true,axis=x,axis_along_first=false,facing=up,positive=true'
[29авг.2026 23:00:28.420] [Worker-ResourceReload-5/WARN] [net.minecraft.client.resources.model.BlockStateModelLoader/]: Exception loading blockstate definition: 'createpropulsion:blockstates/advanced_tilt_adapter.json' missing model for variant: 'createpropulsion:advanced_tilt_adapter#aligned_x=false,axis=z,axis_along_first=false,facing=west,positive=false'
[29авг.2026 23:00:28.420] [Worker-ResourceReload-5/WARN] [net.minecraft.client.resources.model.BlockStateModelLoader/]: Exception loading blockstate definition: 'createpropulsion:blockstates/advanced_tilt_adapter.json' missing model for variant: 'createpropulsion:advanced_tilt_adapter#aligned_x=true,axis=x,axis_along_first=true,facing=north,positive=true'
[29авг.2026 23:00:28.420] [Worker-ResourceReload-5/WARN] [net.minecraft.client.resources.model.BlockStateModelLoader/]: Exception loading blockstate definition: 'createpropulsion:blockstates/advanced_tilt_adapter.json' missing model for variant: 'createpropulsion:advanced_tilt_adapter#aligned_x=true,axis=z,axis_along_first=true,facing=west,positive=false'
[29авг.2026 23:00:28.420] [Worker-ResourceReload-5/WARN] [net.minecraft.client.resources.model.BlockStateModelLoader/]: Exception loading blockstate definition: 'createpropulsion:blockstates/advanced_tilt_adapter.json' missing model for variant: 'createpropulsion:advanced_tilt_adapter#aligned_x=true,axis=z,axis_along_first=false,facing=down,positive=true'
[29авг.2026 23:00:28.420] [Worker-ResourceReload-5/WARN] [net.minecraft.client.resources.model.BlockStateModelLoader/]: Exception loading blockstate definition: 'createpropulsion:blockstates/advanced_tilt_adapter.json' missing model for variant: 'createpropulsion:advanced_tilt_adapter#aligned_x=false,axis=x,axis_along_first=false,facing=down,positive=false'
[29авг.2026 23:00:28.420] [Worker-ResourceReload-5/WARN] [net.minecraft.client.resources.model.BlockStateModelLoader/]: Exception loading blockstate definition: 'createpropulsion:blockstates/advanced_tilt_adapter.json' missing model for variant: 'createpropulsion:advanced_tilt_adapter#aligned_x=false,axis=y,axis_along_first=true,facing=south,positive=true'
[29авг.2026 23:00:28.420] [Worker-ResourceReload-5/WARN] [net.minecraft.client.resources.model.BlockStateModelLoader/]: Exception loading blockstate definition: 'createpropulsion:blockstates/advanced_tilt_adapter.json' missing model for variant: 'createpropulsion:advanced_tilt_adapter#aligned_x=true,axis=z,axis_along_first=false,facing=up,positive=false'
[29авг.2026 23:00:28.420] [Worker-ResourceReload-5/WARN] [net.minecraft.client.resources.model.BlockStateModelLoader/]: Exception loading blockstate definition: 'createpropulsion:blockstates/advanced_tilt_adapter.json' missing model for variant: 'createpropulsion:advanced_tilt_adapter#aligned_x=false,axis=y,axis_along_first=false,facing=east,positive=false'
[29авг.2026 23:00:28.420] [Worker-ResourceReload-5/WARN] [net.minecraft.client.resources.model.BlockStateModelLoader/]: Exception loading blockstate definition: 'createpropulsion:blockstates/advanced_tilt_adapter.json' missing model for variant: 'createpropulsion:advanced_tilt_adapter#aligned_x=true,axis=y,axis_along_first=true,facing=east,positive=false'
[29авг.2026 23:00:28.420] [Worker-ResourceReload-5/WARN] [net.minecraft.client.resources.model.BlockStateModelLoader/]: Exception loading blockstate definition: 'createpropulsion:blockstates/advanced_tilt_adapter.json' missing model for variant: 'createpropulsion:advanced_tilt_adapter#aligned_x=true,axis=y,axis_along_first=false,facing=north,positive=true'
[29авг.2026 23:00:28.420] [Worker-ResourceReload-5/WARN] [net.minecraft.client.resources.model.BlockStateModelLoader/]: Exception loading blockstate definition: 'createpropulsion:blockstates/advanced_tilt_adapter.json' missing model for variant: 'createpropulsion:advanced_tilt_adapter#aligned_x=false,axis=y,axis_along_first=false,facing=west,positive=true'
[29авг.2026 23:00:28.420] [Worker-ResourceReload-5/WARN] [net.minecraft.client.resources.model.BlockStateModelLoader/]: Exception loading blockstate definition: 'createpropulsion:blockstates/advanced_tilt_adapter.json' missing model for variant: 'createpropulsion:advanced_tilt_adapter#aligned_x=true,axis=y,axis_along_first=true,facing=south,positive=true'
[29авг.2026 23:00:28.420] [Worker-ResourceReload-5/WARN] [net.minecraft.client.resources.model.BlockStateModelLoader/]: Exception loading blockstate definition: 'createpropulsion:blockstates/advanced_tilt_adapter.json' missing model for variant: 'createpropulsion:advanced_tilt_adapter#aligned_x=false,axis=y,axis_along_first=false,facing=south,positive=true'
[29авг.2026 23:00:28.420] [Worker-ResourceReload-5/WARN] [net.minecraft.client.resources.model.BlockStateModelLoader/]: Exception loading blockstate definition: 'createpropulsion:blockstates/advanced_tilt_adapter.json' missing model for variant: 'createpropulsion:advanced_tilt_adapter#aligned_x=true,axis=z,axis_along_first=true,facing=west,positive=true'
[29авг.2026 23:00:28.420] [Worker-ResourceReload-5/WARN] [net.minecraft.client.resources.model.BlockStateModelLoader/]: Exception loading blockstate definition: 'createpropulsion:blockstates/advanced_tilt_adapter.json' missing model for variant: 'createpropulsion:advanced_tilt_adapter#aligned_x=false,axis=y,axis_along_first=true,facing=north,positive=false'
[29авг.2026 23:00:28.420] [Worker-ResourceReload-5/WARN] [net.minecraft.client.resources.model.BlockStateModelLoader/]: Exception loading blockstate definition: 'createpropulsion:blockstates/advanced_tilt_adapter.json' missing model for variant: 'createpropulsion:advanced_tilt_adapter#aligned_x=true,axis=x,axis_along_first=false,facing=down,positive=false'
[29авг.2026 23:00:28.420] [Worker-ResourceReload-5/WARN] [net.minecraft.client.resources.model.BlockStateModelLoader/]: Exception loading blockstate definition: 'createpropulsion:blockstates/advanced_tilt_adapter.json' missing model for variant: 'createpropulsion:advanced_tilt_adapter#aligned_x=true,axis=x,axis_along_first=true,facing=north,positive=false'
[29авг.2026 23:00:28.420] [Worker-ResourceReload-5/WARN] [net.minecraft.client.resources.model.BlockStateModelLoader/]: Exception loading blockstate definition: 'createpropulsion:blockstates/advanced_tilt_adapter.json' missing model for variant: 'createpropulsion:advanced_tilt_adapter#aligned_x=true,axis=x,axis_along_first=false,facing=up,positive=false'
[29авг.2026 23:00:28.420] [Worker-ResourceReload-5/WARN] [net.minecraft.client.resources.model.BlockStateModelLoader/]: Exception loading blockstate definition: 'createpropulsion:blockstates/advanced_tilt_adapter.json' missing model for variant: 'createpropulsion:advanced_tilt_adapter#aligned_x=true,axis=x,axis_along_first=true,facing=down,positive=true'
[29авг.2026 23:00:28.420] [Worker-ResourceReload-5/WARN] [net.minecraft.client.resources.model.BlockStateModelLoader/]: Exception loading blockstate definition: 'createpropulsion:blockstates/advanced_tilt_adapter.json' missing model for variant: 'createpropulsion:advanced_tilt_adapter#aligned_x=true,axis=y,axis_along_first=false,facing=south,positive=true'
[29авг.2026 23:00:28.420] [Worker-ResourceReload-5/WARN] [net.minecraft.client.resources.model.BlockStateModelLoader/]: Exception loading blockstate definition: 'createpropulsion:blockstates/advanced_tilt_adapter.json' missing model for variant: 'createpropulsion:advanced_tilt_adapter#aligned_x=true,axis=z,axis_along_first=true,facing=down,positive=true'
[29авг.2026 23:00:28.420] [Worker-ResourceReload-5/WARN] [net.minecraft.client.resources.model.BlockStateModelLoader/]: Exception loading blockstate definition: 'createpropulsion:blockstates/advanced_tilt_adapter.json' missing model for variant: 'createpropulsion:advanced_tilt_adapter#aligned_x=false,axis=y,axis_along_first=true,facing=west,positive=false'
[29авг.2026 23:00:28.420] [Worker-ResourceReload-5/WARN] [net.minecraft.client.resources.model.BlockStateModelLoader/]: Exception loading blockstate definition: 'createpropulsion:blockstates/advanced_tilt_adapter.json' missing model for variant: 'createpropulsion:advanced_tilt_adapter#aligned_x=true,axis=y,axis_along_first=false,facing=east,positive=false'
[29авг.2026 23:00:28.420] [Worker-ResourceReload-5/WARN] [net.minecraft.client.resources.model.BlockStateModelLoader/]: Exception loading blockstate definition: 'createpropulsion:blockstates/advanced_tilt_adapter.json' missing model for variant: 'createpropulsion:advanced_tilt_adapter#aligned_x=true,axis=z,axis_along_first=true,facing=east,positive=true'
[29авг.2026 23:00:28.420] [Worker-ResourceReload-5/WARN] [net.minecraft.client.resources.model.BlockStateModelLoader/]: Exception loading blockstate definition: 'createpropulsion:blockstates/advanced_tilt_adapter.json' missing model for variant: 'createpropulsion:advanced_tilt_adapter#aligned_x=false,axis=y,axis_along_first=false,facing=north,positive=false'
[29авг.2026 23:00:28.420] [Worker-ResourceReload-5/WARN] [net.minecraft.client.resources.model.BlockStateModelLoader/]: Exception loading blockstate definition: 'createpropulsion:blockstates/advanced_tilt_adapter.json' missing model for variant: 'createpropulsion:advanced_tilt_adapter#aligned_x=false,axis=x,axis_along_first=false,facing=north,positive=true'
[29авг.2026 23:00:28.420] [Worker-ResourceReload-5/WARN] [net.minecraft.client.resources.model.BlockStateModelLoader/]: Exception loading blockstate definition: 'createpropulsion:blockstates/advanced_tilt_adapter.json' missing model for variant: 'createpropulsion:advanced_tilt_adapter#aligned_x=false,axis=z,axis_along_first=true,facing=west,positive=false'
[29авг.2026 23:00:28.420] [Worker-ResourceReload-5/WARN] [net.minecraft.client.resources.model.BlockStateModelLoader/]: Exception loading blockstate definition: 'createpropulsion:blockstates/advanced_tilt_adapter.json' missing model for variant: 'createpropulsion:advanced_tilt_adapter#aligned_x=true,axis=z,axis_along_first=true,facing=up,positive=false'
[29авг.2026 23:00:28.420] [Worker-ResourceReload-5/WARN] [net.minecraft.client.resources.model.BlockStateModelLoader/]: Exception loading blockstate definition: 'createpropulsion:blockstates/advanced_tilt_adapter.json' missing model for variant: 'createpropulsion:advanced_tilt_adapter#aligned_x=false,axis=x,axis_along_first=true,facing=north,positive=true'
[29авг.2026 23:00:28.420] [Worker-ResourceReload-5/WARN] [net.minecraft.client.resources.model.BlockStateModelLoader/]: Exception loading blockstate definition: 'createpropulsion:blockstates/advanced_tilt_adapter.json' missing model for variant: 'createpropulsion:advanced_tilt_adapter#aligned_x=false,axis=x,axis_along_first=false,facing=down,positive=true'
[29авг.2026 23:00:28.420] [Worker-ResourceReload-5/WARN] [net.minecraft.client.resources.model.BlockStateModelLoader/]: Exception loading blockstate definition: 'createpropulsion:blockstates/advanced_tilt_adapter.json' missing model for variant: 'createpropulsion:advanced_tilt_adapter#aligned_x=true,axis=x,axis_along_first=true,facing=up,positive=true'
[29авг.2026 23:00:28.420] [Worker-ResourceReload-5/WARN] [net.minecraft.client.resources.model.BlockStateModelLoader/]: Exception loading blockstate definition: 'createpropulsion:blockstates/advanced_tilt_adapter.json' missing model for variant: 'createpropulsion:advanced_tilt_adapter#aligned_x=true,axis=z,axis_along_first=false,facing=east,positive=true'
[29авг.2026 23:00:28.420] [Worker-ResourceReload-5/WARN] [net.minecraft.client.resources.model.BlockStateModelLoader/]: Exception loading blockstate definition: 'createpropulsion:blockstates/advanced_tilt_adapter.json' missing model for variant: 'createpropulsion:advanced_tilt_adapter#aligned_x=true,axis=y,axis_along_first=true,facing=west,positive=false'
[29авг.2026 23:00:28.421] [Worker-ResourceReload-5/WARN] [net.minecraft.client.resources.model.BlockStateModelLoader/]: Exception loading blockstate definition: 'createpropulsion:blockstates/advanced_tilt_adapter.json' missing model for variant: 'createpropulsion:advanced_tilt_adapter#aligned_x=false,axis=x,axis_along_first=true,facing=up,positive=true'
[29авг.2026 23:00:28.421] [Worker-ResourceReload-5/WARN] [net.minecraft.client.resources.model.BlockStateModelLoader/]: Exception loading blockstate definition: 'createpropulsion:blockstates/advanced_tilt_adapter.json' missing model for variant: 'createpropulsion:advanced_tilt_adapter#aligned_x=false,axis=y,axis_along_first=false,facing=south,positive=false'
[29авг.2026 23:00:28.421] [Worker-ResourceReload-5/WARN] [net.minecraft.client.resources.model.BlockStateModelLoader/]: Exception loading blockstate definition: 'createpropulsion:blockstates/advanced_tilt_adapter.json' missing model for variant: 'createpropulsion:advanced_tilt_adapter#aligned_x=false,axis=z,axis_along_first=true,facing=up,positive=false'
[29авг.2026 23:00:28.421] [Worker-ResourceReload-5/WARN] [net.minecraft.client.resources.model.BlockStateModelLoader/]: Exception loading blockstate definition: 'createpropulsion:blockstates/advanced_tilt_adapter.json' missing model for variant: 'createpropulsion:advanced_tilt_adapter#aligned_x=false,axis=x,axis_along_first=false,facing=south,positive=true'
[29авг.2026 23:00:28.421] [Worker-ResourceReload-5/WARN] [net.minecraft.client.resources.model.BlockStateModelLoader/]: Exception loading blockstate definition: 'createpropulsion:blockstates/advanced_tilt_adapter.json' missing model for variant: 'createpropulsion:advanced_tilt_adapter#aligned_x=false,axis=z,axis_along_first=false,facing=west,positive=true'
[29авг.2026 23:00:28.421] [Worker-ResourceReload-5/WARN] [net.minecraft.client.resources.model.BlockStateModelLoader/]: Exception loading blockstate definition: 'createpropulsion:blockstates/advanced_tilt_adapter.json' missing model for variant: 'createpropulsion:advanced_tilt_adapter#aligned_x=true,axis=x,axis_along_first=true,facing=south,positive=true'
[29авг.2026 23:00:28.421] [Worker-ResourceReload-5/WARN] [net.minecraft.client.resources.model.BlockStateModelLoader/]: Exception loading blockstate definition: 'createpropulsion:blockstates/advanced_tilt_adapter.json' missing model for variant: 'createpropulsion:advanced_tilt_adapter#aligned_x=false,axis=x,axis_along_first=true,facing=south,positive=true'
[29авг.2026 23:00:28.421] [Worker-ResourceReload-5/WARN] [net.minecraft.client.resources.model.BlockStateModelLoader/]: Exception loading blockstate definition: 'createpropulsion:blockstates/advanced_tilt_adapter.json' missing model for variant: 'createpropulsion:advanced_tilt_adapter#aligned_x=true,axis=z,axis_along_first=false,facing=west,positive=true'
[29авг.2026 23:00:28.421] [Worker-ResourceReload-5/WARN] [net.minecraft.client.resources.model.BlockStateModelLoader/]: Exception loading blockstate definition: 'createpropulsion:blockstates/advanced_tilt_adapter.json' missing model for variant: 'createpropulsion:advanced_tilt_adapter#aligned_x=false,axis=y,axis_along_first=true,facing=west,positive=true'
[29авг.2026 23:00:28.421] [Worker-ResourceReload-5/WARN] [net.minecraft.client.resources.model.BlockStateModelLoader/]: Exception loading blockstate definition: 'createpropulsion:blockstates/advanced_tilt_adapter.json' missing model for variant: 'createpropulsion:advanced_tilt_adapter#aligned_x=true,axis=z,axis_along_first=true,facing=down,positive=false'
[29авг.2026 23:00:28.421] [Worker-ResourceReload-5/WARN] [net.minecraft.client.resources.model.BlockStateModelLoader/]: Exception loading blockstate definition: 'createpropulsion:blockstates/advanced_tilt_adapter.json' missing model for variant: 'createpropulsion:advanced_tilt_adapter#aligned_x=false,axis=y,axis_along_first=true,facing=south,positive=false'
[29авг.2026 23:00:28.421] [Worker-ResourceReload-5/WARN] [net.minecraft.client.resources.model.BlockStateModelLoader/]: Exception loading blockstate definition: 'createpropulsion:blockstates/advanced_tilt_adapter.json' missing model for variant: 'createpropulsion:advanced_tilt_adapter#aligned_x=false,axis=x,axis_along_first=false,facing=up,positive=false'
[29авг.2026 23:00:28.421] [Worker-ResourceReload-5/WARN] [net.minecraft.client.resources.model.BlockStateModelLoader/]: Exception loading blockstate definition: 'createpropulsion:blockstates/advanced_tilt_adapter.json' missing model for variant: 'createpropulsion:advanced_tilt_adapter#aligned_x=false,axis=y,axis_along_first=true,facing=east,positive=true'
[29авг.2026 23:00:28.421] [Worker-ResourceReload-5/WARN] [net.minecraft.client.resources.model.BlockStateModelLoader/]: Exception loading blockstate definition: 'createpropulsion:blockstates/advanced_tilt_adapter.json' missing model for variant: 'createpropulsion:advanced_tilt_adapter#aligned_x=true,axis=z,axis_along_first=false,facing=east,positive=false'
[29авг.2026 23:00:28.421] [Worker-ResourceReload-5/WARN] [net.minecraft.client.resources.model.BlockStateModelLoader/]: Exception loading blockstate definition: 'createpropulsion:blockstates/advanced_tilt_adapter.json' missing model for variant: 'createpropulsion:advanced_tilt_adapter#aligned_x=false,axis=x,axis_along_first=false,facing=up,positive=true'
[29авг.2026 23:00:28.421] [Worker-ResourceReload-5/WARN] [net.minecraft.client.resources.model.BlockStateModelLoader/]: Exception loading blockstate definition: 'createpropulsion:blockstates/advanced_tilt_adapter.json' missing model for variant: 'createpropulsion:advanced_tilt_adapter#aligned_x=false,axis=z,axis_along_first=true,facing=east,positive=false'
[29авг.2026 23:00:28.421] [Worker-ResourceReload-5/WARN] [net.minecraft.client.resources.model.BlockStateModelLoader/]: Exception loading blockstate definition: 'createpropulsion:blockstates/advanced_tilt_adapter.json' missing model for variant: 'createpropulsion:advanced_tilt_adapter#aligned_x=true,axis=y,axis_along_first=true,facing=west,positive=true'
[29авг.2026 23:00:28.421] [Worker-ResourceReload-5/WARN] [net.minecraft.client.resources.model.BlockStateModelLoader/]: Exception loading blockstate definition: 'createpropulsion:blockstates/advanced_tilt_adapter.json' missing model for variant: 'createpropulsion:advanced_tilt_adapter#aligned_x=true,axis=y,axis_along_first=true,facing=north,positive=true'
[29авг.2026 23:00:28.421] [Worker-ResourceReload-5/WARN] [net.minecraft.client.resources.model.BlockStateModelLoader/]: Exception loading blockstate definition: 'createpropulsion:blockstates/advanced_tilt_adapter.json' missing model for variant: 'createpropulsion:advanced_tilt_adapter#aligned_x=false,axis=y,axis_along_first=false,facing=north,positive=true'
[29авг.2026 23:00:28.421] [Worker-ResourceReload-5/WARN] [net.minecraft.client.resources.model.BlockStateModelLoader/]: Exception loading blockstate definition: 'createpropulsion:blockstates/advanced_tilt_adapter.json' missing model for variant: 'createpropulsion:advanced_tilt_adapter#aligned_x=true,axis=y,axis_along_first=true,facing=north,positive=false'
[29авг.2026 23:00:28.421] [Worker-ResourceReload-5/WARN] [net.minecraft.client.resources.model.BlockStateModelLoader/]: Exception loading blockstate definition: 'createpropulsion:blockstates/advanced_tilt_adapter.json' missing model for variant: 'createpropulsion:advanced_tilt_adapter#aligned_x=true,axis=x,axis_along_first=true,facing=south,positive=false'
[29авг.2026 23:00:28.421] [Worker-ResourceReload-5/WARN] [net.minecraft.client.resources.model.BlockStateModelLoader/]: Exception loading blockstate definition: 'createpropulsion:blockstates/advanced_tilt_adapter.json' missing model for variant: 'createpropulsion:advanced_tilt_adapter#aligned_x=false,axis=y,axis_along_first=false,facing=east,positive=true'
[29авг.2026 23:00:28.421] [Worker-ResourceReload-5/WARN] [net.minecraft.client.resources.model.BlockStateModelLoader/]: Exception loading blockstate definition: 'createpropulsion:blockstates/advanced_tilt_adapter.json' missing model for variant: 'createpropulsion:advanced_tilt_adapter#aligned_x=true,axis=y,axis_along_first=false,facing=east,positive=true'
[29авг.2026 23:00:28.421] [Worker-ResourceReload-5/WARN] [net.minecraft.client.resources.model.BlockStateModelLoader/]: Exception loading blockstate definition: 'createpropulsion:blockstates/advanced_tilt_adapter.json' missing model for variant: 'createpropulsion:advanced_tilt_adapter#aligned_x=true,axis=x,axis_along_first=false,facing=south,positive=false'
[29авг.2026 23:00:28.421] [Worker-ResourceReload-5/WARN] [net.minecraft.client.resources.model.BlockStateModelLoader/]: Exception loading blockstate definition: 'createpropulsion:blockstates/advanced_tilt_adapter.json' missing model for variant: 'createpropulsion:advanced_tilt_adapter#aligned_x=false,axis=z,axis_along_first=false,facing=down,positive=false'
[29авг.2026 23:00:28.421] [Worker-ResourceReload-5/WARN] [net.minecraft.client.resources.model.BlockStateModelLoader/]: Exception loading blockstate definition: 'createpropulsion:blockstates/advanced_tilt_adapter.json' missing model for variant: 'createpropulsion:advanced_tilt_adapter#aligned_x=false,axis=x,axis_along_first=true,facing=up,positive=false'
[29авг.2026 23:00:28.421] [Worker-ResourceReload-5/WARN] [net.minecraft.client.resources.model.BlockStateModelLoader/]: Exception loading blockstate definition: 'createpropulsion:blockstates/advanced_tilt_adapter.json' missing model for variant: 'createpropulsion:advanced_tilt_adapter#aligned_x=false,axis=y,axis_along_first=true,facing=north,positive=true'
[29авг.2026 23:00:28.421] [Worker-ResourceReload-5/WARN] [net.minecraft.client.resources.model.BlockStateModelLoader/]: Exception loading blockstate definition: 'createpropulsion:blockstates/advanced_tilt_adapter.json' missing model for variant: 'createpropulsion:advanced_tilt_adapter#aligned_x=false,axis=z,axis_along_first=true,facing=down,positive=false'
[29авг.2026 23:00:28.421] [Worker-ResourceReload-5/WARN] [net.minecraft.client.resources.model.BlockStateModelLoader/]: Exception loading blockstate definition: 'createpropulsion:blockstates/advanced_tilt_adapter.json' missing model for variant: 'createpropulsion:advanced_tilt_adapter#aligned_x=true,axis=y,axis_along_first=false,facing=west,positive=true'
[29авг.2026 23:00:28.421] [Worker-ResourceReload-5/WARN] [net.minecraft.client.resources.model.BlockStateModelLoader/]: Exception loading blockstate definition: 'createpropulsion:blockstates/advanced_tilt_adapter.json' missing model for variant: 'createpropulsion:advanced_tilt_adapter#aligned_x=false,axis=x,axis_along_first=false,facing=south,positive=false'
[29авг.2026 23:00:28.421] [Worker-ResourceReload-5/WARN] [net.minecraft.client.resources.model.BlockStateModelLoader/]: Exception loading blockstate definition: 'createpropulsion:blockstates/advanced_tilt_adapter.json' missing model for variant: 'createpropulsion:advanced_tilt_adapter#aligned_x=false,axis=x,axis_along_first=true,facing=down,positive=false'
[29авг.2026 23:00:28.421] [Worker-ResourceReload-5/WARN] [net.minecraft.client.resources.model.BlockStateModelLoader/]: Exception loading blockstate definition: 'createpropulsion:blockstates/advanced_tilt_adapter.json' missing model for variant: 'createpropulsion:advanced_tilt_adapter#aligned_x=true,axis=x,axis_along_first=true,facing=down,positive=false'
[29авг.2026 23:00:28.421] [Worker-ResourceReload-5/WARN] [net.minecraft.client.resources.model.BlockStateModelLoader/]: Exception loading blockstate definition: 'createpropulsion:blockstates/advanced_tilt_adapter.json' missing model for variant: 'createpropulsion:advanced_tilt_adapter#aligned_x=false,axis=z,axis_along_first=true,facing=west,positive=true'
[29авг.2026 23:00:28.421] [Worker-ResourceReload-5/WARN] [net.minecraft.client.resources.model.BlockStateModelLoader/]: Exception loading blockstate definition: 'createpropulsion:blockstates/advanced_tilt_adapter.json' missing model for variant: 'createpropulsion:advanced_tilt_adapter#aligned_x=false,axis=x,axis_along_first=true,facing=south,positive=false'
[29авг.2026 23:00:28.421] [Worker-ResourceReload-5/WARN] [net.minecraft.client.resources.model.BlockStateModelLoader/]: Exception loading blockstate definition: 'createpropulsion:blockstates/advanced_tilt_adapter.json' missing model for variant: 'createpropulsion:advanced_tilt_adapter#aligned_x=false,axis=y,axis_along_first=false,facing=west,positive=false'
[29авг.2026 23:00:28.421] [Worker-ResourceReload-5/WARN] [net.minecraft.client.resources.model.BlockStateModelLoader/]: Exception loading blockstate definition: 'createpropulsion:blockstates/advanced_tilt_adapter.json' missing model for variant: 'createpropulsion:advanced_tilt_adapter#aligned_x=true,axis=z,axis_along_first=true,facing=up,positive=true'
[29авг.2026 23:00:28.421] [Worker-ResourceReload-5/WARN] [net.minecraft.client.resources.model.BlockStateModelLoader/]: Exception loading blockstate definition: 'createpropulsion:blockstates/advanced_tilt_adapter.json' missing model for variant: 'createpropulsion:advanced_tilt_adapter#aligned_x=true,axis=y,axis_along_first=true,facing=east,positive=true'
[29авг.2026 23:00:28.421] [Worker-ResourceReload-5/WARN] [net.minecraft.client.resources.model.BlockStateModelLoader/]: Exception loading blockstate definition: 'createpropulsion:blockstates/advanced_tilt_adapter.json' missing model for variant: 'createpropulsion:advanced_tilt_adapter#aligned_x=false,axis=x,axis_along_first=false,facing=north,positive=false'
[29авг.2026 23:00:28.421] [Worker-ResourceReload-5/WARN] [net.minecraft.client.resources.model.BlockStateModelLoader/]: Exception loading blockstate definition: 'createpropulsion:blockstates/advanced_tilt_adapter.json' missing model for variant: 'createpropulsion:advanced_tilt_adapter#aligned_x=false,axis=z,axis_along_first=true,facing=up,positive=true'
[29авг.2026 23:00:28.421] [Worker-ResourceReload-5/WARN] [net.minecraft.client.resources.model.BlockStateModelLoader/]: Exception loading blockstate definition: 'createpropulsion:blockstates/advanced_tilt_adapter.json' missing model for variant: 'createpropulsion:advanced_tilt_adapter#aligned_x=true,axis=y,axis_along_first=false,facing=south,positive=false'
[29авг.2026 23:00:28.421] [Worker-ResourceReload-5/WARN] [net.minecraft.client.resources.model.BlockStateModelLoader/]: Exception loading blockstate definition: 'createpropulsion:blockstates/advanced_tilt_adapter.json' missing model for variant: 'createpropulsion:advanced_tilt_adapter#aligned_x=false,axis=z,axis_along_first=false,facing=up,positive=true'
[29авг.2026 23:00:28.421] [Worker-ResourceReload-5/WARN] [net.minecraft.client.resources.model.BlockStateModelLoader/]: Exception loading blockstate definition: 'createpropulsion:blockstates/advanced_tilt_adapter.json' missing model for variant: 'createpropulsion:advanced_tilt_adapter#aligned_x=true,axis=x,axis_along_first=true,facing=up,positive=false'
[29авг.2026 23:00:28.421] [Worker-ResourceReload-5/WARN] [net.minecraft.client.resources.model.BlockStateModelLoader/]: Exception loading blockstate definition: 'createpropulsion:blockstates/advanced_tilt_adapter.json' missing model for variant: 'createpropulsion:advanced_tilt_adapter#aligned_x=true,axis=x,axis_along_first=false,facing=north,positive=true'
[29авг.2026 23:00:28.421] [Worker-ResourceReload-5/WARN] [net.minecraft.client.resources.model.BlockStateModelLoader/]: Exception loading blockstate definition: 'createpropulsion:blockstates/advanced_tilt_adapter.json' missing model for variant: 'createpropulsion:advanced_tilt_adapter#aligned_x=true,axis=x,axis_along_first=false,facing=south,positive=true'
[29авг.2026 23:00:28.421] [Worker-ResourceReload-5/WARN] [net.minecraft.client.resources.model.BlockStateModelLoader/]: Exception loading blockstate definition: 'createpropulsion:blockstates/advanced_tilt_adapter.json' missing model for variant: 'createpropulsion:advanced_tilt_adapter#aligned_x=true,axis=z,axis_along_first=false,facing=down,positive=false'
[29авг.2026 23:00:28.421] [Worker-ResourceReload-5/WARN] [net.minecraft.client.resources.model.BlockStateModelLoader/]: Exception loading blockstate definition: 'createpropulsion:blockstates/advanced_tilt_adapter.json' missing model for variant: 'createpropulsion:advanced_tilt_adapter#aligned_x=false,axis=z,axis_along_first=false,facing=east,positive=false'
[29авг.2026 23:00:28.421] [Worker-ResourceReload-5/WARN] [net.minecraft.client.resources.model.BlockStateModelLoader/]: Exception loading blockstate definition: 'createpropulsion:blockstates/advanced_tilt_adapter.json' missing model for variant: 'createpropulsion:advanced_tilt_adapter#aligned_x=true,axis=y,axis_along_first=true,facing=south,positive=false'
[29авг.2026 23:00:28.421] [Worker-ResourceReload-5/WARN] [net.minecraft.client.resources.model.BlockStateModelLoader/]: Exception loading blockstate definition: 'createpropulsion:blockstates/advanced_tilt_adapter.json' missing model for variant: 'createpropulsion:advanced_tilt_adapter#aligned_x=true,axis=z,axis_along_first=true,facing=east,positive=false'
[29авг.2026 23:00:28.421] [Worker-ResourceReload-5/WARN] [net.minecraft.client.resources.model.BlockStateModelLoader/]: Exception loading blockstate definition: 'createpropulsion:blockstates/advanced_tilt_adapter.json' missing model for variant: 'createpropulsion:advanced_tilt_adapter#aligned_x=false,axis=x,axis_along_first=true,facing=north,positive=false'
[29авг.2026 23:00:28.421] [Worker-ResourceReload-5/WARN] [net.minecraft.client.resources.model.BlockStateModelLoader/]: Exception loading blockstate definition: 'createpropulsion:blockstates/advanced_tilt_adapter.json' missing model for variant: 'createpropulsion:advanced_tilt_adapter#aligned_x=false,axis=z,axis_along_first=false,facing=up,positive=false'
[29авг.2026 23:00:28.421] [Worker-ResourceReload-5/WARN] [net.minecraft.client.resources.model.BlockStateModelLoader/]: Exception loading blockstate definition: 'createpropulsion:blockstates/advanced_tilt_adapter.json' missing model for variant: 'createpropulsion:advanced_tilt_adapter#aligned_x=true,axis=z,axis_along_first=false,facing=west,positive=false'
[29авг.2026 23:00:28.421] [Worker-ResourceReload-5/WARN] [net.minecraft.client.resources.model.BlockStateModelLoader/]: Exception loading blockstate definition: 'createpropulsion:blockstates/advanced_tilt_adapter.json' missing model for variant: 'createpropulsion:advanced_tilt_adapter#aligned_x=true,axis=y,axis_along_first=false,facing=north,positive=false'
[29авг.2026 23:00:30.557] [Worker-ResourceReload-5/WARN] [net.minecraft.client.resources.model.ModelBakery/]: Unable to load model: 'cbc_at:block/twin_autocannon/cast_iron_assembled_vert_twin_autocannon_silencer' referenced from: cbc_at:block/twin_autocannon/cast_iron_assembled_vert_twin_autocannon_silencer: java.io.FileNotFoundException: cbc_at:models/block/twin_autocannon/cast_iron_assembled_vert_twin_autocannon_silencer.json
[29авг.2026 23:00:30.573] [Worker-ResourceReload-5/WARN] [net.minecraft.client.resources.model.ModelBakery/]: Unable to load model: 'cbc_at:block/autocannon/unbored_cast_iron_assembled_autocannon_muzzle_brake' referenced from: cbc_at:block/autocannon/unbored_cast_iron_assembled_autocannon_muzzle_brake: java.io.FileNotFoundException: cbc_at:models/block/autocannon/unbored_cast_iron_assembled_autocannon_muzzle_brake.json
[29авг.2026 23:00:31.471] [Worker-ResourceReload-5/WARN] [net.minecraft.client.resources.model.BlockStateModelLoader/]: Exception loading blockstate definition: 'createpropulsion:blockstates/oxidizer.json' missing model for variant: 'createpropulsion:oxidizer#level=1'
[29авг.2026 23:00:31.472] [Worker-ResourceReload-5/WARN] [net.minecraft.client.resources.model.BlockStateModelLoader/]: Exception loading blockstate definition: 'createpropulsion:blockstates/oxidizer.json' missing model for variant: 'createpropulsion:oxidizer#level=0'
[29авг.2026 23:00:31.472] [Worker-ResourceReload-5/WARN] [net.minecraft.client.resources.model.BlockStateModelLoader/]: Exception loading blockstate definition: 'createpropulsion:blockstates/oxidizer.json' missing model for variant: 'createpropulsion:oxidizer#level=3'
[29авг.2026 23:00:31.472] [Worker-ResourceReload-5/WARN] [net.minecraft.client.resources.model.BlockStateModelLoader/]: Exception loading blockstate definition: 'createpropulsion:blockstates/oxidizer.json' missing model for variant: 'createpropulsion:oxidizer#level=2'
[29авг.2026 23:00:31.472] [Worker-ResourceReload-5/WARN] [net.minecraft.client.resources.model.BlockStateModelLoader/]: Exception loading blockstate definition: 'createpropulsion:blockstates/oxidizer.json' missing model for variant: 'createpropulsion:oxidizer#level=5'
[29авг.2026 23:00:31.472] [Worker-ResourceReload-5/WARN] [net.minecraft.client.resources.model.BlockStateModelLoader/]: Exception loading blockstate definition: 'createpropulsion:blockstates/oxidizer.json' missing model for variant: 'createpropulsion:oxidizer#level=4'
[29авг.2026 23:00:31.472] [Worker-ResourceReload-5/WARN] [net.minecraft.client.resources.model.BlockStateModelLoader/]: Exception loading blockstate definition: 'createpropulsion:blockstates/oxidizer.json' missing model for variant: 'createpropulsion:oxidizer#level=7'
[29авг.2026 23:00:31.472] [Worker-ResourceReload-5/WARN] [net.minecraft.client.resources.model.BlockStateModelLoader/]: Exception loading blockstate definition: 'createpropulsion:blockstates/oxidizer.json' missing model for variant: 'createpropulsion:oxidizer#level=6'
[29авг.2026 23:00:31.472] [Worker-ResourceReload-5/WARN] [net.minecraft.client.resources.model.BlockStateModelLoader/]: Exception loading blockstate definition: 'createpropulsion:blockstates/oxidizer.json' missing model for variant: 'createpropulsion:oxidizer#level=9'
[29авг.2026 23:00:31.472] [Worker-ResourceReload-5/WARN] [net.minecraft.client.resources.model.BlockStateModelLoader/]: Exception loading blockstate definition: 'createpropulsion:blockstates/oxidizer.json' missing model for variant: 'createpropulsion:oxidizer#level=11'
[29авг.2026 23:00:31.472] [Worker-ResourceReload-5/WARN] [net.minecraft.client.resources.model.BlockStateModelLoader/]: Exception loading blockstate definition: 'createpropulsion:blockstates/oxidizer.json' missing model for variant: 'createpropulsion:oxidizer#level=8'
[29авг.2026 23:00:31.472] [Worker-ResourceReload-5/WARN] [net.minecraft.client.resources.model.BlockStateModelLoader/]: Exception loading blockstate definition: 'createpropulsion:blockstates/oxidizer.json' missing model for variant: 'createpropulsion:oxidizer#level=12'
[29авг.2026 23:00:31.472] [Worker-ResourceReload-5/WARN] [net.minecraft.client.resources.model.BlockStateModelLoader/]: Exception loading blockstate definition: 'createpropulsion:blockstates/oxidizer.json' missing model for variant: 'createpropulsion:oxidizer#level=10'
[29авг.2026 23:00:31.472] [Worker-ResourceReload-5/WARN] [net.minecraft.client.resources.model.BlockStateModelLoader/]: Exception loading blockstate definition: 'createpropulsion:blockstates/oxidizer.json' missing model for variant: 'createpropulsion:oxidizer#level=15'
[29авг.2026 23:00:31.472] [Worker-ResourceReload-5/WARN] [net.minecraft.client.resources.model.BlockStateModelLoader/]: Exception loading blockstate definition: 'createpropulsion:blockstates/oxidizer.json' missing model for variant: 'createpropulsion:oxidizer#level=13'
[29авг.2026 23:00:31.472] [Worker-ResourceReload-5/WARN] [net.minecraft.client.resources.model.BlockStateModelLoader/]: Exception loading blockstate definition: 'createpropulsion:blockstates/oxidizer.json' missing model for variant: 'createpropulsion:oxidizer#level=14'
[29авг.2026 23:00:32.021] [Worker-ResourceReload-5/WARN] [net.minecraft.client.resources.model.BlockStateModelLoader/]: Exception loading blockstate definition: 'dndecor:blockstates/industrial_cogwheel.json' missing model for variant: 'dndecor:industrial_cogwheel#axis=y,waterlogged=true'
[29авг.2026 23:00:32.021] [Worker-ResourceReload-5/WARN] [net.minecraft.client.resources.model.BlockStateModelLoader/]: Exception loading blockstate definition: 'dndecor:blockstates/industrial_cogwheel.json' missing model for variant: 'dndecor:industrial_cogwheel#axis=y,waterlogged=false'
[29авг.2026 23:00:32.021] [Worker-ResourceReload-5/WARN] [net.minecraft.client.resources.model.BlockStateModelLoader/]: Exception loading blockstate definition: 'dndecor:blockstates/industrial_cogwheel.json' missing model for variant: 'dndecor:industrial_cogwheel#axis=z,waterlogged=true'
[29авг.2026 23:00:32.021] [Worker-ResourceReload-5/WARN] [net.minecraft.client.resources.model.BlockStateModelLoader/]: Exception loading blockstate definition: 'dndecor:blockstates/industrial_cogwheel.json' missing model for variant: 'dndecor:industrial_cogwheel#axis=x,waterlogged=true'
[29авг.2026 23:00:32.021] [Worker-ResourceReload-5/WARN] [net.minecraft.client.resources.model.BlockStateModelLoader/]: Exception loading blockstate definition: 'dndecor:blockstates/industrial_cogwheel.json' missing model for variant: 'dndecor:industrial_cogwheel#axis=z,waterlogged=false'
[29авг.2026 23:00:32.021] [Worker-ResourceReload-5/WARN] [net.minecraft.client.resources.model.BlockStateModelLoader/]: Exception loading blockstate definition: 'dndecor:blockstates/industrial_cogwheel.json' missing model for variant: 'dndecor:industrial_cogwheel#axis=x,waterlogged=false'
[29авг.2026 23:00:32.940] [Worker-ResourceReload-5/WARN] [net.minecraft.client.resources.model.BlockStateModelLoader/]: Exception loading blockstate definition: 'createmechanicalconfection:blockstates/tank_cake_block.json' missing model for variant: 'createmechanicalconfection:tank_cake_block#bites=6'
[29авг.2026 23:00:32.941] [Worker-ResourceReload-5/WARN] [net.minecraft.client.resources.model.BlockStateModelLoader/]: Exception loading blockstate definition: 'createmechanicalconfection:blockstates/tank_cake_block.json' missing model for variant: 'createmechanicalconfection:tank_cake_block#bites=5'
[29авг.2026 23:00:32.941] [Worker-ResourceReload-5/WARN] [net.minecraft.client.resources.model.BlockStateModelLoader/]: Exception loading blockstate definition: 'createmechanicalconfection:blockstates/tank_cake_block.json' missing model for variant: 'createmechanicalconfection:tank_cake_block#bites=4'
[29авг.2026 23:00:32.943] [Worker-ResourceReload-5/WARN] [net.minecraft.client.resources.model.ModelBakery/]: Unable to load model: 'cbc_at:block/autocannon/unbored_bronze_assembled_autocannon_silencer' referenced from: cbc_at:block/autocannon/unbored_bronze_assembled_autocannon_silencer: java.io.FileNotFoundException: cbc_at:models/block/autocannon/unbored_bronze_assembled_autocannon_silencer.json
[29авг.2026 23:00:33.675] [Worker-ResourceReload-5/WARN] [net.minecraft.client.resources.model.ModelBakery/]: Unable to load model: 'cbc_at:block/twin_autocannon/cast_iron_assembled_vert_twin_autocannon_muzzle_brake' referenced from: cbc_at:block/twin_autocannon/cast_iron_assembled_vert_twin_autocannon_muzzle_brake: java.io.FileNotFoundException: cbc_at:models/block/twin_autocannon/cast_iron_assembled_vert_twin_autocannon_muzzle_brake.json
[29авг.2026 23:00:34.106] [Worker-ResourceReload-5/WARN] [net.minecraft.client.resources.model.BlockStateModelLoader/]: Exception loading blockstate definition: 'createpropulsion:blockstates/tilt_adapter.json' missing model for variant: 'createpropulsion:tilt_adapter#aligned_x=true,axis=x,axis_along_first=true,facing=up,positive=true'
[29авг.2026 23:00:34.106] [Worker-ResourceReload-5/WARN] [net.minecraft.client.resources.model.BlockStateModelLoader/]: Exception loading blockstate definition: 'createpropulsion:blockstates/tilt_adapter.json' missing model for variant: 'createpropulsion:tilt_adapter#aligned_x=true,axis=z,axis_along_first=true,facing=west,positive=false'
[29авг.2026 23:00:34.106] [Worker-ResourceReload-5/WARN] [net.minecraft.client.resources.model.BlockStateModelLoader/]: Exception loading blockstate definition: 'createpropulsion:blockstates/tilt_adapter.json' missing model for variant: 'createpropulsion:tilt_adapter#aligned_x=false,axis=x,axis_along_first=true,facing=north,positive=true'
[29авг.2026 23:00:34.106] [Worker-ResourceReload-5/WARN] [net.minecraft.client.resources.model.BlockStateModelLoader/]: Exception loading blockstate definition: 'createpropulsion:blockstates/tilt_adapter.json' missing model for variant: 'createpropulsion:tilt_adapter#aligned_x=false,axis=x,axis_along_first=false,facing=down,positive=true'
[29авг.2026 23:00:34.106] [Worker-ResourceReload-5/WARN] [net.minecraft.client.resources.model.BlockStateModelLoader/]: Exception loading blockstate definition: 'createpropulsion:blockstates/tilt_adapter.json' missing model for variant: 'createpropulsion:tilt_adapter#aligned_x=true,axis=x,axis_along_first=false,facing=south,positive=true'
[29авг.2026 23:00:34.106] [Worker-ResourceReload-5/WARN] [net.minecraft.client.resources.model.BlockStateModelLoader/]: Exception loading blockstate definition: 'createpropulsion:blockstates/tilt_adapter.json' missing model for variant: 'createpropulsion:tilt_adapter#aligned_x=false,axis=x,axis_along_first=true,facing=up,positive=true'
[29авг.2026 23:00:34.108] [Worker-ResourceReload-5/WARN] [net.minecraft.client.resources.model.BlockStateModelLoader/]: Exception loading blockstate definition: 'createpropulsion:blockstates/tilt_adapter.json' missing model for variant: 'createpropulsion:tilt_adapter#aligned_x=true,axis=x,axis_along_first=true,facing=up,positive=false'
[29авг.2026 23:00:34.108] [Worker-ResourceReload-5/WARN] [net.minecraft.client.resources.model.BlockStateModelLoader/]: Exception loading blockstate definition: 'createpropulsion:blockstates/tilt_adapter.json' missing model for variant: 'createpropulsion:tilt_adapter#aligned_x=false,axis=z,axis_along_first=false,facing=east,positive=false'
[29авг.2026 23:00:34.108] [Worker-ResourceReload-5/WARN] [net.minecraft.client.resources.model.BlockStateModelLoader/]: Exception loading blockstate definition: 'createpropulsion:blockstates/tilt_adapter.json' missing model for variant: 'createpropulsion:tilt_adapter#aligned_x=true,axis=z,axis_along_first=false,facing=up,positive=false'
[29авг.2026 23:00:34.108] [Worker-ResourceReload-5/WARN] [net.minecraft.client.resources.model.BlockStateModelLoader/]: Exception loading blockstate definition: 'createpropulsion:blockstates/tilt_adapter.json' missing model for variant: 'createpropulsion:tilt_adapter#aligned_x=false,axis=y,axis_along_first=true,facing=north,positive=false'
[29авг.2026 23:00:34.108] [Worker-ResourceReload-5/WARN] [net.minecraft.client.resources.model.BlockStateModelLoader/]: Exception loading blockstate definition: 'createpropulsion:blockstates/tilt_adapter.json' missing model for variant: 'createpropulsion:tilt_adapter#aligned_x=true,axis=z,axis_along_first=false,facing=west,positive=true'
[29авг.2026 23:00:34.108] [Worker-ResourceReload-5/WARN] [net.minecraft.client.resources.model.BlockStateModelLoader/]: Exception loading blockstate definition: 'createpropulsion:blockstates/tilt_adapter.json' missing model for variant: 'createpropulsion:tilt_adapter#aligned_x=false,axis=y,axis_along_first=true,facing=east,positive=false'
[29авг.2026 23:00:34.108] [Worker-ResourceReload-5/WARN] [net.minecraft.client.resources.model.BlockStateModelLoader/]: Exception loading blockstate definition: 'createpropulsion:blockstates/tilt_adapter.json' missing model for variant: 'createpropulsion:tilt_adapter#aligned_x=false,axis=y,axis_along_first=true,facing=south,positive=true'
[29авг.2026 23:00:34.108] [Worker-ResourceReload-5/WARN] [net.minecraft.client.resources.model.BlockStateModelLoader/]: Exception loading blockstate definition: 'createpropulsion:blockstates/tilt_adapter.json' missing model for variant: 'createpropulsion:tilt_adapter#aligned_x=true,axis=x,axis_along_first=false,facing=north,positive=false'
[29авг.2026 23:00:34.108] [Worker-ResourceReload-5/WARN] [net.minecraft.client.resources.model.BlockStateModelLoader/]: Exception loading blockstate definition: 'createpropulsion:blockstates/tilt_adapter.json' missing model for variant: 'createpropulsion:tilt_adapter#aligned_x=true,axis=z,axis_along_first=true,facing=up,positive=false'
[29авг.2026 23:00:34.108] [Worker-ResourceReload-5/WARN] [net.minecraft.client.resources.model.BlockStateModelLoader/]: Exception loading blockstate definition: 'createpropulsion:blockstates/tilt_adapter.json' missing model for variant: 'createpropulsion:tilt_adapter#aligned_x=false,axis=z,axis_along_first=false,facing=east,positive=true'
[29авг.2026 23:00:34.108] [Worker-ResourceReload-5/WARN] [net.minecraft.client.resources.model.BlockStateModelLoader/]: Exception loading blockstate definition: 'createpropulsion:blockstates/tilt_adapter.json' missing model for variant: 'createpropulsion:tilt_adapter#aligned_x=false,axis=z,axis_along_first=true,facing=west,positive=false'
[29авг.2026 23:00:34.108] [Worker-ResourceReload-5/WARN] [net.minecraft.client.resources.model.BlockStateModelLoader/]: Exception loading blockstate definition: 'createpropulsion:blockstates/tilt_adapter.json' missing model for variant: 'createpropulsion:tilt_adapter#aligned_x=true,axis=x,axis_along_first=true,facing=north,positive=true'
[29авг.2026 23:00:34.108] [Worker-ResourceReload-5/WARN] [net.minecraft.client.resources.model.BlockStateModelLoader/]: Exception loading blockstate definition: 'createpropulsion:blockstates/tilt_adapter.json' missing model for variant: 'createpropulsion:tilt_adapter#aligned_x=false,axis=z,axis_along_first=false,facing=west,positive=false'
[29авг.2026 23:00:34.108] [Worker-ResourceReload-5/WARN] [net.minecraft.client.resources.model.BlockStateModelLoader/]: Exception loading blockstate definition: 'createpropulsion:blockstates/tilt_adapter.json' missing model for variant: 'createpropulsion:tilt_adapter#aligned_x=true,axis=y,axis_along_first=false,facing=east,positive=false'
[29авг.2026 23:00:34.108] [Worker-ResourceReload-5/WARN] [net.minecraft.client.resources.model.BlockStateModelLoader/]: Exception loading blockstate definition: 'createpropulsion:blockstates/tilt_adapter.json' missing model for variant: 'createpropulsion:tilt_adapter#aligned_x=true,axis=z,axis_along_first=false,facing=west,positive=false'
[29авг.2026 23:00:34.108] [Worker-ResourceReload-5/WARN] [net.minecraft.client.resources.model.BlockStateModelLoader/]: Exception loading blockstate definition: 'createpropulsion:blockstates/tilt_adapter.json' missing model for variant: 'createpropulsion:tilt_adapter#aligned_x=true,axis=x,axis_along_first=false,facing=down,positive=false'
[29авг.2026 23:00:34.108] [Worker-ResourceReload-5/WARN] [net.minecraft.client.resources.model.BlockStateModelLoader/]: Exception loading blockstate definition: 'createpropulsion:blockstates/tilt_adapter.json' missing model for variant: 'createpropulsion:tilt_adapter#aligned_x=false,axis=x,axis_along_first=true,facing=north,positive=false'
[29авг.2026 23:00:34.108] [Worker-ResourceReload-5/WARN] [net.minecraft.client.resources.model.BlockStateModelLoader/]: Exception loading blockstate definition: 'createpropulsion:blockstates/tilt_adapter.json' missing model for variant: 'createpropulsion:tilt_adapter#aligned_x=false,axis=y,axis_along_first=false,facing=south,positive=false'
[29авг.2026 23:00:34.108] [Worker-ResourceReload-5/WARN] [net.minecraft.client.resources.model.BlockStateModelLoader/]: Exception loading blockstate definition: 'createpropulsion:blockstates/tilt_adapter.json' missing model for variant: 'createpropulsion:tilt_adapter#aligned_x=true,axis=y,axis_along_first=false,facing=south,positive=true'
[29авг.2026 23:00:34.108] [Worker-ResourceReload-5/WARN] [net.minecraft.client.resources.model.BlockStateModelLoader/]: Exception loading blockstate definition: 'createpropulsion:blockstates/tilt_adapter.json' missing model for variant: 'createpropulsion:tilt_adapter#aligned_x=false,axis=z,axis_along_first=true,facing=east,positive=true'
[29авг.2026 23:00:34.108] [Worker-ResourceReload-5/WARN] [net.minecraft.client.resources.model.BlockStateModelLoader/]: Exception loading blockstate definition: 'createpropulsion:blockstates/tilt_adapter.json' missing model for variant: 'createpropulsion:tilt_adapter#aligned_x=true,axis=z,axis_along_first=false,facing=up,positive=true'
[29авг.2026 23:00:34.108] [Worker-ResourceReload-5/WARN] [net.minecraft.client.resources.model.BlockStateModelLoader/]: Exception loading blockstate definition: 'createpropulsion:blockstates/tilt_adapter.json' missing model for variant: 'createpropulsion:tilt_adapter#aligned_x=true,axis=y,axis_along_first=false,facing=east,positive=true'
[29авг.2026 23:00:34.108] [Worker-ResourceReload-5/WARN] [net.minecraft.client.resources.model.BlockStateModelLoader/]: Exception loading blockstate definition: 'createpropulsion:blockstates/tilt_adapter.json' missing model for variant: 'createpropulsion:tilt_adapter#aligned_x=true,axis=x,axis_along_first=false,facing=south,positive=false'
[29авг.2026 23:00:34.108] [Worker-ResourceReload-5/WARN] [net.minecraft.client.resources.model.BlockStateModelLoader/]: Exception loading blockstate definition: 'createpropulsion:blockstates/tilt_adapter.json' missing model for variant: 'createpropulsion:tilt_adapter#aligned_x=true,axis=x,axis_along_first=false,facing=up,positive=true'
[29авг.2026 23:00:34.108] [Worker-ResourceReload-5/WARN] [net.minecraft.client.resources.model.BlockStateModelLoader/]: Exception loading blockstate definition: 'createpropulsion:blockstates/tilt_adapter.json' missing model for variant: 'createpropulsion:tilt_adapter#aligned_x=true,axis=x,axis_along_first=true,facing=south,positive=true'
[29авг.2026 23:00:34.108] [Worker-ResourceReload-5/WARN] [net.minecraft.client.resources.model.BlockStateModelLoader/]: Exception loading blockstate definition: 'createpropulsion:blockstates/tilt_adapter.json' missing model for variant: 'createpropulsion:tilt_adapter#aligned_x=true,axis=z,axis_along_first=true,facing=west,positive=true'
[29авг.2026 23:00:34.108] [Worker-ResourceReload-5/WARN] [net.minecraft.client.resources.model.BlockStateModelLoader/]: Exception loading blockstate definition: 'createpropulsion:blockstates/tilt_adapter.json' missing model for variant: 'createpropulsion:tilt_adapter#aligned_x=false,axis=x,axis_along_first=false,facing=down,positive=false'
[29авг.2026 23:00:34.108] [Worker-ResourceReload-5/WARN] [net.minecraft.client.resources.model.BlockStateModelLoader/]: Exception loading blockstate definition: 'createpropulsion:blockstates/tilt_adapter.json' missing model for variant: 'createpropulsion:tilt_adapter#aligned_x=false,axis=z,axis_along_first=true,facing=up,positive=false'
[29авг.2026 23:00:34.108] [Worker-ResourceReload-5/WARN] [net.minecraft.client.resources.model.BlockStateModelLoader/]: Exception loading blockstate definition: 'createpropulsion:blockstates/tilt_adapter.json' missing model for variant: 'createpropulsion:tilt_adapter#aligned_x=false,axis=y,axis_along_first=false,facing=west,positive=true'
[29авг.2026 23:00:34.108] [Worker-ResourceReload-5/WARN] [net.minecraft.client.resources.model.BlockStateModelLoader/]: Exception loading blockstate definition: 'createpropulsion:blockstates/tilt_adapter.json' missing model for variant: 'createpropulsion:tilt_adapter#aligned_x=false,axis=y,axis_along_first=false,facing=east,positive=false'
[29авг.2026 23:00:34.108] [Worker-ResourceReload-5/WARN] [net.minecraft.client.resources.model.BlockStateModelLoader/]: Exception loading blockstate definition: 'createpropulsion:blockstates/tilt_adapter.json' missing model for variant: 'createpropulsion:tilt_adapter#aligned_x=false,axis=z,axis_along_first=false,facing=west,positive=true'
[29авг.2026 23:00:34.109] [Worker-ResourceReload-5/WARN] [net.minecraft.client.resources.model.BlockStateModelLoader/]: Exception loading blockstate definition: 'createpropulsion:blockstates/tilt_adapter.json' missing model for variant: 'createpropulsion:tilt_adapter#aligned_x=false,axis=y,axis_along_first=false,facing=south,positive=true'
[29авг.2026 23:00:34.109] [Worker-ResourceReload-5/WARN] [net.minecraft.client.resources.model.BlockStateModelLoader/]: Exception loading blockstate definition: 'createpropulsion:blockstates/tilt_adapter.json' missing model for variant: 'createpropulsion:tilt_adapter#aligned_x=false,axis=z,axis_along_first=true,facing=down,positive=true'
[29авг.2026 23:00:34.109] [Worker-ResourceReload-5/WARN] [net.minecraft.client.resources.model.BlockStateModelLoader/]: Exception loading blockstate definition: 'createpropulsion:blockstates/tilt_adapter.json' missing model for variant: 'createpropulsion:tilt_adapter#aligned_x=true,axis=x,axis_along_first=true,facing=north,positive=false'
[29авг.2026 23:00:34.109] [Worker-ResourceReload-5/WARN] [net.minecraft.client.resources.model.BlockStateModelLoader/]: Exception loading blockstate definition: 'createpropulsion:blockstates/tilt_adapter.json' missing model for variant: 'createpropulsion:tilt_adapter#aligned_x=false,axis=x,axis_along_first=false,facing=up,positive=true'
[29авг.2026 23:00:34.109] [Worker-ResourceReload-5/WARN] [net.minecraft.client.resources.model.BlockStateModelLoader/]: Exception loading blockstate definition: 'createpropulsion:blockstates/tilt_adapter.json' missing model for variant: 'createpropulsion:tilt_adapter#aligned_x=true,axis=x,axis_along_first=false,facing=down,positive=true'
[29авг.2026 23:00:34.109] [Worker-ResourceReload-5/WARN] [net.minecraft.client.resources.model.BlockStateModelLoader/]: Exception loading blockstate definition: 'createpropulsion:blockstates/tilt_adapter.json' missing model for variant: 'createpropulsion:tilt_adapter#aligned_x=false,axis=y,axis_along_first=true,facing=west,positive=false'
[29авг.2026 23:00:34.109] [Worker-ResourceReload-5/WARN] [net.minecraft.client.resources.model.BlockStateModelLoader/]: Exception loading blockstate definition: 'createpropulsion:blockstates/tilt_adapter.json' missing model for variant: 'createpropulsion:tilt_adapter#aligned_x=false,axis=x,axis_along_first=true,facing=down,positive=true'
[29авг.2026 23:00:34.109] [Worker-ResourceReload-5/WARN] [net.minecraft.client.resources.model.BlockStateModelLoader/]: Exception loading blockstate definition: 'createpropulsion:blockstates/tilt_adapter.json' missing model for variant: 'createpropulsion:tilt_adapter#aligned_x=false,axis=y,axis_along_first=false,facing=east,positive=true'
[29авг.2026 23:00:34.109] [Worker-ResourceReload-5/WARN] [net.minecraft.client.resources.model.BlockStateModelLoader/]: Exception loading blockstate definition: 'createpropulsion:blockstates/tilt_adapter.json' missing model for variant: 'createpropulsion:tilt_adapter#aligned_x=true,axis=y,axis_along_first=false,facing=west,positive=false'
[29авг.2026 23:00:34.109] [Worker-ResourceReload-5/WARN] [net.minecraft.client.resources.model.BlockStateModelLoader/]: Exception loading blockstate definition: 'createpropulsion:blockstates/tilt_adapter.json' missing model for variant: 'createpropulsion:tilt_adapter#aligned_x=true,axis=z,axis_along_first=true,facing=east,positive=true'
[29авг.2026 23:00:34.109] [Worker-ResourceReload-5/WARN] [net.minecraft.client.resources.model.BlockStateModelLoader/]: Exception loading blockstate definition: 'createpropulsion:blockstates/tilt_adapter.json' missing model for variant: 'createpropulsion:tilt_adapter#aligned_x=true,axis=x,axis_along_first=false,facing=up,positive=false'
[29авг.2026 23:00:34.109] [Worker-ResourceReload-5/WARN] [net.minecraft.client.resources.model.BlockStateModelLoader/]: Exception loading blockstate definition: 'createpropulsion:blockstates/tilt_adapter.json' missing model for variant: 'createpropulsion:tilt_adapter#aligned_x=false,axis=y,axis_along_first=false,facing=north,positive=true'
[29авг.2026 23:00:34.109] [Worker-ResourceReload-5/WARN] [net.minecraft.client.resources.model.BlockStateModelLoader/]: Exception loading blockstate definition: 'createpropulsion:blockstates/tilt_adapter.json' missing model for variant: 'createpropulsion:tilt_adapter#aligned_x=true,axis=x,axis_along_first=true,facing=south,positive=false'
[29авг.2026 23:00:34.109] [Worker-ResourceReload-5/WARN] [net.minecraft.client.resources.model.BlockStateModelLoader/]: Exception loading blockstate definition: 'createpropulsion:blockstates/tilt_adapter.json' missing model for variant: 'createpropulsion:tilt_adapter#aligned_x=true,axis=z,axis_along_first=false,facing=east,positive=false'
[29авг.2026 23:00:34.109] [Worker-ResourceReload-5/WARN] [net.minecraft.client.resources.model.BlockStateModelLoader/]: Exception loading blockstate definition: 'createpropulsion:blockstates/tilt_adapter.json' missing model for variant: 'createpropulsion:tilt_adapter#aligned_x=false,axis=z,axis_along_first=false,facing=up,positive=true'
[29авг.2026 23:00:34.109] [Worker-ResourceReload-5/WARN] [net.minecraft.client.resources.model.BlockStateModelLoader/]: Exception loading blockstate definition: 'createpropulsion:blockstates/tilt_adapter.json' missing model for variant: 'createpropulsion:tilt_adapter#aligned_x=false,axis=x,axis_along_first=true,facing=south,positive=true'
[29авг.2026 23:00:34.109] [Worker-ResourceReload-5/WARN] [net.minecraft.client.resources.model.BlockStateModelLoader/]: Exception loading blockstate definition: 'createpropulsion:blockstates/tilt_adapter.json' missing model for variant: 'createpropulsion:tilt_adapter#aligned_x=false,axis=z,axis_along_first=true,facing=down,positive=false'
[29авг.2026 23:00:34.109] [Worker-ResourceReload-5/WARN] [net.minecraft.client.resources.model.BlockStateModelLoader/]: Exception loading blockstate definition: 'createpropulsion:blockstates/tilt_adapter.json' missing model for variant: 'createpropulsion:tilt_adapter#aligned_x=true,axis=y,axis_along_first=true,facing=west,positive=false'
[29авг.2026 23:00:34.109] [Worker-ResourceReload-5/WARN] [net.minecraft.client.resources.model.BlockStateModelLoader/]: Exception loading blockstate definition: 'createpropulsion:blockstates/tilt_adapter.json' missing model for variant: 'createpropulsion:tilt_adapter#aligned_x=true,axis=x,axis_along_first=false,facing=north,positive=true'
[29авг.2026 23:00:34.109] [Worker-ResourceReload-5/WARN] [net.minecraft.client.resources.model.BlockStateModelLoader/]: Exception loading blockstate definition: 'createpropulsion:blockstates/tilt_adapter.json' missing model for variant: 'createpropulsion:tilt_adapter#aligned_x=true,axis=y,axis_along_first=false,facing=west,positive=true'
[29авг.2026 23:00:34.109] [Worker-ResourceReload-5/WARN] [net.minecraft.client.resources.model.BlockStateModelLoader/]: Exception loading blockstate definition: 'createpropulsion:blockstates/tilt_adapter.json' missing model for variant: 'createpropulsion:tilt_adapter#aligned_x=true,axis=x,axis_along_first=true,facing=down,positive=false'
[29авг.2026 23:00:34.109] [Worker-ResourceReload-5/WARN] [net.minecraft.client.resources.model.BlockStateModelLoader/]: Exception loading blockstate definition: 'createpropulsion:blockstates/tilt_adapter.json' missing model for variant: 'createpropulsion:tilt_adapter#aligned_x=false,axis=x,axis_along_first=false,facing=south,positive=false'
[29авг.2026 23:00:34.109] [Worker-ResourceReload-5/WARN] [net.minecraft.client.resources.model.BlockStateModelLoader/]: Exception loading blockstate definition: 'createpropulsion:blockstates/tilt_adapter.json' missing model for variant: 'createpropulsion:tilt_adapter#aligned_x=true,axis=y,axis_along_first=false,facing=north,positive=false'
[29авг.2026 23:00:34.109] [Worker-ResourceReload-5/WARN] [net.minecraft.client.resources.model.BlockStateModelLoader/]: Exception loading blockstate definition: 'createpropulsion:blockstates/tilt_adapter.json' missing model for variant: 'createpropulsion:tilt_adapter#aligned_x=false,axis=x,axis_along_first=true,facing=down,positive=false'
[29авг.2026 23:00:34.109] [Worker-ResourceReload-5/WARN] [net.minecraft.client.resources.model.BlockStateModelLoader/]: Exception loading blockstate definition: 'createpropulsion:blockstates/tilt_adapter.json' missing model for variant: 'createpropulsion:tilt_adapter#aligned_x=true,axis=z,axis_along_first=true,facing=down,positive=false'
[29авг.2026 23:00:34.109] [Worker-ResourceReload-5/WARN] [net.minecraft.client.resources.model.BlockStateModelLoader/]: Exception loading blockstate definition: 'createpropulsion:blockstates/tilt_adapter.json' missing model for variant: 'createpropulsion:tilt_adapter#aligned_x=false,axis=y,axis_along_first=true,facing=south,positive=false'
[29авг.2026 23:00:34.109] [Worker-ResourceReload-5/WARN] [net.minecraft.client.resources.model.BlockStateModelLoader/]: Exception loading blockstate definition: 'createpropulsion:blockstates/tilt_adapter.json' missing model for variant: 'createpropulsion:tilt_adapter#aligned_x=true,axis=x,axis_along_first=true,facing=down,positive=true'
[29авг.2026 23:00:34.109] [Worker-ResourceReload-5/WARN] [net.minecraft.client.resources.model.BlockStateModelLoader/]: Exception loading blockstate definition: 'createpropulsion:blockstates/tilt_adapter.json' missing model for variant: 'createpropulsion:tilt_adapter#aligned_x=false,axis=y,axis_along_first=true,facing=west,positive=true'
[29авг.2026 23:00:34.109] [Worker-ResourceReload-5/WARN] [net.minecraft.client.resources.model.BlockStateModelLoader/]: Exception loading blockstate definition: 'createpropulsion:blockstates/tilt_adapter.json' missing model for variant: 'createpropulsion:tilt_adapter#aligned_x=true,axis=y,axis_along_first=true,facing=north,positive=false'
[29авг.2026 23:00:34.109] [Worker-ResourceReload-5/WARN] [net.minecraft.client.resources.model.BlockStateModelLoader/]: Exception loading blockstate definition: 'createpropulsion:blockstates/tilt_adapter.json' missing model for variant: 'createpropulsion:tilt_adapter#aligned_x=false,axis=x,axis_along_first=false,facing=south,positive=true'
[29авг.2026 23:00:34.109] [Worker-ResourceReload-5/WARN] [net.minecraft.client.resources.model.BlockStateModelLoader/]: Exception loading blockstate definition: 'createpropulsion:blockstates/tilt_adapter.json' missing model for variant: 'createpropulsion:tilt_adapter#aligned_x=false,axis=x,axis_along_first=false,facing=up,positive=false'
[29авг.2026 23:00:34.109] [Worker-ResourceReload-5/WARN] [net.minecraft.client.resources.model.BlockStateModelLoader/]: Exception loading blockstate definition: 'createpropulsion:blockstates/tilt_adapter.json' missing model for variant: 'createpropulsion:tilt_adapter#aligned_x=true,axis=y,axis_along_first=true,facing=south,positive=false'
[29авг.2026 23:00:34.109] [Worker-ResourceReload-5/WARN] [net.minecraft.client.resources.model.BlockStateModelLoader/]: Exception loading blockstate definition: 'createpropulsion:blockstates/tilt_adapter.json' missing model for variant: 'createpropulsion:tilt_adapter#aligned_x=true,axis=z,axis_along_first=true,facing=up,positive=true'
[29авг.2026 23:00:34.109] [Worker-ResourceReload-5/WARN] [net.minecraft.client.resources.model.BlockStateModelLoader/]: Exception loading blockstate definition: 'createpropulsion:blockstates/tilt_adapter.json' missing model for variant: 'createpropulsion:tilt_adapter#aligned_x=true,axis=z,axis_along_first=false,facing=down,positive=false'
[29авг.2026 23:00:34.109] [Worker-ResourceReload-5/WARN] [net.minecraft.client.resources.model.BlockStateModelLoader/]: Exception loading blockstate definition: 'createpropulsion:blockstates/tilt_adapter.json' missing model for variant: 'createpropulsion:tilt_adapter#aligned_x=false,axis=z,axis_along_first=true,facing=up,positive=true'
[29авг.2026 23:00:34.109] [Worker-ResourceReload-5/WARN] [net.minecraft.client.resources.model.BlockStateModelLoader/]: Exception loading blockstate definition: 'createpropulsion:blockstates/tilt_adapter.json' missing model for variant: 'createpropulsion:tilt_adapter#aligned_x=true,axis=z,axis_along_first=false,facing=east,positive=true'
[29авг.2026 23:00:34.109] [Worker-ResourceReload-5/WARN] [net.minecraft.client.resources.model.BlockStateModelLoader/]: Exception loading blockstate definition: 'createpropulsion:blockstates/tilt_adapter.json' missing model for variant: 'createpropulsion:tilt_adapter#aligned_x=false,axis=y,axis_along_first=true,facing=east,positive=true'
[29авг.2026 23:00:34.109] [Worker-ResourceReload-5/WARN] [net.minecraft.client.resources.model.BlockStateModelLoader/]: Exception loading blockstate definition: 'createpropulsion:blockstates/tilt_adapter.json' missing model for variant: 'createpropulsion:tilt_adapter#aligned_x=true,axis=z,axis_along_first=true,facing=down,positive=true'
[29авг.2026 23:00:34.109] [Worker-ResourceReload-5/WARN] [net.minecraft.client.resources.model.BlockStateModelLoader/]: Exception loading blockstate definition: 'createpropulsion:blockstates/tilt_adapter.json' missing model for variant: 'createpropulsion:tilt_adapter#aligned_x=true,axis=y,axis_along_first=true,facing=east,positive=false'
[29авг.2026 23:00:34.109] [Worker-ResourceReload-5/WARN] [net.minecraft.client.resources.model.BlockStateModelLoader/]: Exception loading blockstate definition: 'createpropulsion:blockstates/tilt_adapter.json' missing model for variant: 'createpropulsion:tilt_adapter#aligned_x=true,axis=y,axis_along_first=false,facing=north,positive=true'
[29авг.2026 23:00:34.109] [Worker-ResourceReload-5/WARN] [net.minecraft.client.resources.model.BlockStateModelLoader/]: Exception loading blockstate definition: 'createpropulsion:blockstates/tilt_adapter.json' missing model for variant: 'createpropulsion:tilt_adapter#aligned_x=false,axis=y,axis_along_first=false,facing=north,positive=false'
[29авг.2026 23:00:34.109] [Worker-ResourceReload-5/WARN] [net.minecraft.client.resources.model.BlockStateModelLoader/]: Exception loading blockstate definition: 'createpropulsion:blockstates/tilt_adapter.json' missing model for variant: 'createpropulsion:tilt_adapter#aligned_x=false,axis=x,axis_along_first=false,facing=north,positive=true'
[29авг.2026 23:00:34.110] [Worker-ResourceReload-5/WARN] [net.minecraft.client.resources.model.BlockStateModelLoader/]: Exception loading blockstate definition: 'createpropulsion:blockstates/tilt_adapter.json' missing model for variant: 'createpropulsion:tilt_adapter#aligned_x=false,axis=z,axis_along_first=false,facing=down,positive=false'
[29авг.2026 23:00:34.110] [Worker-ResourceReload-5/WARN] [net.minecraft.client.resources.model.BlockStateModelLoader/]: Exception loading blockstate definition: 'createpropulsion:blockstates/tilt_adapter.json' missing model for variant: 'createpropulsion:tilt_adapter#aligned_x=true,axis=y,axis_along_first=false,facing=south,positive=false'
[29авг.2026 23:00:34.110] [Worker-ResourceReload-5/WARN] [net.minecraft.client.resources.model.BlockStateModelLoader/]: Exception loading blockstate definition: 'createpropulsion:blockstates/tilt_adapter.json' missing model for variant: 'createpropulsion:tilt_adapter#aligned_x=true,axis=z,axis_along_first=true,facing=east,positive=false'
[29авг.2026 23:00:34.110] [Worker-ResourceReload-5/WARN] [net.minecraft.client.resources.model.BlockStateModelLoader/]: Exception loading blockstate definition: 'createpropulsion:blockstates/tilt_adapter.json' missing model for variant: 'createpropulsion:tilt_adapter#aligned_x=false,axis=z,axis_along_first=false,facing=up,positive=false'
[29авг.2026 23:00:34.110] [Worker-ResourceReload-5/WARN] [net.minecraft.client.resources.model.BlockStateModelLoader/]: Exception loading blockstate definition: 'createpropulsion:blockstates/tilt_adapter.json' missing model for variant: 'createpropulsion:tilt_adapter#aligned_x=false,axis=z,axis_along_first=true,facing=east,positive=false'
[29авг.2026 23:00:34.110] [Worker-ResourceReload-5/WARN] [net.minecraft.client.resources.model.BlockStateModelLoader/]: Exception loading blockstate definition: 'createpropulsion:blockstates/tilt_adapter.json' missing model for variant: 'createpropulsion:tilt_adapter#aligned_x=true,axis=y,axis_along_first=true,facing=south,positive=true'
[29авг.2026 23:00:34.110] [Worker-ResourceReload-5/WARN] [net.minecraft.client.resources.model.BlockStateModelLoader/]: Exception loading blockstate definition: 'createpropulsion:blockstates/tilt_adapter.json' missing model for variant: 'createpropulsion:tilt_adapter#aligned_x=false,axis=x,axis_along_first=true,facing=south,positive=false'
[29авг.2026 23:00:34.110] [Worker-ResourceReload-5/WARN] [net.minecraft.client.resources.model.BlockStateModelLoader/]: Exception loading blockstate definition: 'createpropulsion:blockstates/tilt_adapter.json' missing model for variant: 'createpropulsion:tilt_adapter#aligned_x=false,axis=y,axis_along_first=false,facing=west,positive=false'
[29авг.2026 23:00:34.110] [Worker-ResourceReload-5/WARN] [net.minecraft.client.resources.model.BlockStateModelLoader/]: Exception loading blockstate definition: 'createpropulsion:blockstates/tilt_adapter.json' missing model for variant: 'createpropulsion:tilt_adapter#aligned_x=false,axis=z,axis_along_first=true,facing=west,positive=true'
[29авг.2026 23:00:34.110] [Worker-ResourceReload-5/WARN] [net.minecraft.client.resources.model.BlockStateModelLoader/]: Exception loading blockstate definition: 'createpropulsion:blockstates/tilt_adapter.json' missing model for variant: 'createpropulsion:tilt_adapter#aligned_x=true,axis=y,axis_along_first=true,facing=west,positive=true'
[29авг.2026 23:00:34.110] [Worker-ResourceReload-5/WARN] [net.minecraft.client.resources.model.BlockStateModelLoader/]: Exception loading blockstate definition: 'createpropulsion:blockstates/tilt_adapter.json' missing model for variant: 'createpropulsion:tilt_adapter#aligned_x=true,axis=y,axis_along_first=true,facing=north,positive=true'
[29авг.2026 23:00:34.110] [Worker-ResourceReload-5/WARN] [net.minecraft.client.resources.model.BlockStateModelLoader/]: Exception loading blockstate definition: 'createpropulsion:blockstates/tilt_adapter.json' missing model for variant: 'createpropulsion:tilt_adapter#aligned_x=true,axis=y,axis_along_first=true,facing=east,positive=true'
[29авг.2026 23:00:34.110] [Worker-ResourceReload-5/WARN] [net.minecraft.client.resources.model.BlockStateModelLoader/]: Exception loading blockstate definition: 'createpropulsion:blockstates/tilt_adapter.json' missing model for variant: 'createpropulsion:tilt_adapter#aligned_x=false,axis=z,axis_along_first=false,facing=down,positive=true'
[29авг.2026 23:00:34.110] [Worker-ResourceReload-5/WARN] [net.minecraft.client.resources.model.BlockStateModelLoader/]: Exception loading blockstate definition: 'createpropulsion:blockstates/tilt_adapter.json' missing model for variant: 'createpropulsion:tilt_adapter#aligned_x=false,axis=y,axis_along_first=true,facing=north,positive=true'
[29авг.2026 23:00:34.110] [Worker-ResourceReload-5/WARN] [net.minecraft.client.resources.model.BlockStateModelLoader/]: Exception loading blockstate definition: 'createpropulsion:blockstates/tilt_adapter.json' missing model for variant: 'createpropulsion:tilt_adapter#aligned_x=true,axis=z,axis_along_first=false,facing=down,positive=true'
[29авг.2026 23:00:34.110] [Worker-ResourceReload-5/WARN] [net.minecraft.client.resources.model.BlockStateModelLoader/]: Exception loading blockstate definition: 'createpropulsion:blockstates/tilt_adapter.json' missing model for variant: 'createpropulsion:tilt_adapter#aligned_x=false,axis=x,axis_along_first=true,facing=up,positive=false'
[29авг.2026 23:00:34.110] [Worker-ResourceReload-5/WARN] [net.minecraft.client.resources.model.BlockStateModelLoader/]: Exception loading blockstate definition: 'createpropulsion:blockstates/tilt_adapter.json' missing model for variant: 'createpropulsion:tilt_adapter#aligned_x=false,axis=x,axis_along_first=false,facing=north,positive=false'
[29авг.2026 23:00:34.379] [Worker-ResourceReload-5/WARN] [net.minecraft.client.resources.model.ModelBakery/]: Unable to load model: 'cbc_at:block/rocket_pod/bronze_assembled_rocket_pod_rail' referenced from: cbc_at:block/rocket_pod/bronze_assembled_rocket_pod_rail: java.io.FileNotFoundException: cbc_at:models/block/rocket_pod/bronze_assembled_rocket_pod_rail.json
[29авг.2026 23:00:34.399] [Worker-ResourceReload-5/WARN] [net.minecraft.client.resources.model.BlockStateModelLoader/]: Exception loading blockstate definition: 'dndecor:blockstates/large_industrial_cogwheel.json' missing model for variant: 'dndecor:large_industrial_cogwheel#axis=y,waterlogged=true'
[29авг.2026 23:00:34.399] [Worker-ResourceReload-5/WARN] [net.minecraft.client.resources.model.BlockStateModelLoader/]: Exception loading blockstate definition: 'dndecor:blockstates/large_industrial_cogwheel.json' missing model for variant: 'dndecor:large_industrial_cogwheel#axis=y,waterlogged=false'
[29авг.2026 23:00:34.399] [Worker-ResourceReload-5/WARN] [net.minecraft.client.resources.model.BlockStateModelLoader/]: Exception loading blockstate definition: 'dndecor:blockstates/large_industrial_cogwheel.json' missing model for variant: 'dndecor:large_industrial_cogwheel#axis=z,waterlogged=true'
[29авг.2026 23:00:34.399] [Worker-ResourceReload-5/WARN] [net.minecraft.client.resources.model.BlockStateModelLoader/]: Exception loading blockstate definition: 'dndecor:blockstates/large_industrial_cogwheel.json' missing model for variant: 'dndecor:large_industrial_cogwheel#axis=x,waterlogged=false'
[29авг.2026 23:00:34.399] [Worker-ResourceReload-5/WARN] [net.minecraft.client.resources.model.BlockStateModelLoader/]: Exception loading blockstate definition: 'dndecor:blockstates/large_industrial_cogwheel.json' missing model for variant: 'dndecor:large_industrial_cogwheel#axis=x,waterlogged=true'
[29авг.2026 23:00:34.399] [Worker-ResourceReload-5/WARN] [net.minecraft.client.resources.model.BlockStateModelLoader/]: Exception loading blockstate definition: 'dndecor:blockstates/large_industrial_cogwheel.json' missing model for variant: 'dndecor:large_industrial_cogwheel#axis=z,waterlogged=false'
[29авг.2026 23:00:34.655] [Worker-ResourceReload-5/WARN] [net.minecraft.client.resources.model.ModelBakery/]: Unable to load model: 'cbc_at:block/autocannon/unbored_bronze_assembled_autocannon_muzzle_brake' referenced from: cbc_at:block/autocannon/unbored_bronze_assembled_autocannon_muzzle_brake: java.io.FileNotFoundException: cbc_at:models/block/autocannon/unbored_bronze_assembled_autocannon_muzzle_brake.json
[29авг.2026 23:00:34.829] [Worker-ResourceReload-5/WARN] [net.minecraft.client.resources.model.ModelBakery/]: Unable to load model: 'cbc_at:block/rocket_pod/steel_assembled_rocket_pod_rail' referenced from: cbc_at:block/rocket_pod/steel_assembled_rocket_pod_rail: java.io.FileNotFoundException: cbc_at:models/block/rocket_pod/steel_assembled_rocket_pod_rail.json
[29авг.2026 23:00:35.105] [Worker-ResourceReload-5/WARN] [net.minecraft.client.resources.model.ModelBakery/]: Unable to load model: 'cbc_at:block/medium_rocket_rail/wrought_iron_assembled_medium_rocket_rail' referenced from: cbc_at:block/medium_rocket_rail/wrought_iron_assembled_medium_rocket_rail: java.io.FileNotFoundException: cbc_at:models/block/medium_rocket_rail/wrought_iron_assembled_medium_rocket_rail.json
[29авг.2026 23:00:35.107] [Worker-ResourceReload-5/WARN] [net.minecraft.client.resources.model.ModelBakery/]: Unable to load model: 'creategarnished:block/mushroom_slop' referenced from: creategarnished:block/mushroom_slop: java.io.FileNotFoundException: creategarnished:models/block/mushroom_slop.json
[29авг.2026 23:00:35.143] [Worker-ResourceReload-5/WARN] [net.minecraft.client.resources.model.BlockStateModelLoader/]: Exception loading blockstate definition: 'creategarnished:blockstates/beetroot_juice.json' missing model for variant: 'creategarnished:beetroot_juice#level=0'
[29авг.2026 23:00:35.143] [Worker-ResourceReload-5/WARN] [net.minecraft.client.resources.model.BlockStateModelLoader/]: Exception loading blockstate definition: 'creategarnished:blockstates/beetroot_juice.json' missing model for variant: 'creategarnished:beetroot_juice#level=1'
[29авг.2026 23:00:35.143] [Worker-ResourceReload-5/WARN] [net.minecraft.client.resources.model.BlockStateModelLoader/]: Exception loading blockstate definition: 'creategarnished:blockstates/beetroot_juice.json' missing model for variant: 'creategarnished:beetroot_juice#level=2'
[29авг.2026 23:00:35.143] [Worker-ResourceReload-5/WARN] [net.minecraft.client.resources.model.BlockStateModelLoader/]: Exception loading blockstate definition: 'creategarnished:blockstates/beetroot_juice.json' missing model for variant: 'creategarnished:beetroot_juice#level=13'
[29авг.2026 23:00:35.143] [Worker-ResourceReload-5/WARN] [net.minecraft.client.resources.model.BlockStateModelLoader/]: Exception loading blockstate definition: 'creategarnished:blockstates/beetroot_juice.json' missing model for variant: 'creategarnished:beetroot_juice#level=12'
[29авг.2026 23:00:35.143] [Worker-ResourceReload-5/WARN] [net.minecraft.client.resources.model.BlockStateModelLoader/]: Exception loading blockstate definition: 'creategarnished:blockstates/beetroot_juice.json' missing model for variant: 'creategarnished:beetroot_juice#level=15'
[29авг.2026 23:00:35.143] [Worker-ResourceReload-5/WARN] [net.minecraft.client.resources.model.BlockStateModelLoader/]: Exception loading blockstate definition: 'creategarnished:blockstates/beetroot_juice.json' missing model for variant: 'creategarnished:beetroot_juice#level=14'
[29авг.2026 23:00:35.143] [Worker-ResourceReload-5/WARN] [net.minecraft.client.resources.model.BlockStateModelLoader/]: Exception loading blockstate definition: 'creategarnished:blockstates/beetroot_juice.json' missing model for variant: 'creategarnished:beetroot_juice#level=7'
[29авг.2026 23:00:35.143] [Worker-ResourceReload-5/WARN] [net.minecraft.client.resources.model.BlockStateModelLoader/]: Exception loading blockstate definition: 'creategarnished:blockstates/beetroot_juice.json' missing model for variant: 'creategarnished:beetroot_juice#level=8'
[29авг.2026 23:00:35.143] [Worker-ResourceReload-5/WARN] [net.minecraft.client.resources.model.BlockStateModelLoader/]: Exception loading blockstate definition: 'creategarnished:blockstates/beetroot_juice.json' missing model for variant: 'creategarnished:beetroot_juice#level=9'
[29авг.2026 23:00:35.143] [Worker-ResourceReload-5/WARN] [net.minecraft.client.resources.model.BlockStateModelLoader/]: Exception loading blockstate definition: 'creategarnished:blockstates/beetroot_juice.json' missing model for variant: 'creategarnished:beetroot_juice#level=11'
[29авг.2026 23:00:35.143] [Worker-ResourceReload-5/WARN] [net.minecraft.client.resources.model.BlockStateModelLoader/]: Exception loading blockstate definition: 'creategarnished:blockstates/beetroot_juice.json' missing model for variant: 'creategarnished:beetroot_juice#level=10'
[29авг.2026 23:00:35.143] [Worker-ResourceReload-5/WARN] [net.minecraft.client.resources.model.BlockStateModelLoader/]: Exception loading blockstate definition: 'creategarnished:blockstates/beetroot_juice.json' missing model for variant: 'creategarnished:beetroot_juice#level=3'
[29авг.2026 23:00:35.144] [Worker-ResourceReload-5/WARN] [net.minecraft.client.resources.model.BlockStateModelLoader/]: Exception loading blockstate definition: 'creategarnished:blockstates/beetroot_juice.json' missing model for variant: 'creategarnished:beetroot_juice#level=4'
[29авг.2026 23:00:35.144] [Worker-ResourceReload-5/WARN] [net.minecraft.client.resources.model.BlockStateModelLoader/]: Exception loading blockstate definition: 'creategarnished:blockstates/beetroot_juice.json' missing model for variant: 'creategarnished:beetroot_juice#level=5'
[29авг.2026 23:00:35.144] [Worker-ResourceReload-5/WARN] [net.minecraft.client.resources.model.BlockStateModelLoader/]: Exception loading blockstate definition: 'creategarnished:blockstates/beetroot_juice.json' missing model for variant: 'creategarnished:beetroot_juice#level=6'
[29авг.2026 23:00:35.364] [NeoForge Version Check/WARN] [net.neoforged.fml.VersionChecker/]: Failed to process update information
java.net.http.HttpConnectTimeoutException: HTTP connect timed out
	at java.net.http/jdk.internal.net.http.HttpClientImpl.send(HttpClientImpl.java:946) ~[java.net.http:?]
	at java.net.http/jdk.internal.net.http.HttpClientFacade.send(HttpClientFacade.java:133) ~[java.net.http:?]
	at MC-BOOTSTRAP/fml_loader@4.0.43/net.neoforged.fml.VersionChecker$1.openUrlString(VersionChecker.java:129) ~[loader-4.0.43.jar%23107!/:4.0]
	at MC-BOOTSTRAP/fml_loader@4.0.43/net.neoforged.fml.VersionChecker$1.process(VersionChecker.java:162) ~[loader-4.0.43.jar%23107!/:4.0]
	at java.base/java.lang.Iterable.forEach(Iterable.java:75) [?:?]
	at MC-BOOTSTRAP/fml_loader@4.0.43/net.neoforged.fml.VersionChecker$1.run(VersionChecker.java:105) [loader-4.0.43.jar%23107!/:4.0]
Caused by: java.net.http.HttpConnectTimeoutException: HTTP connect timed out
	at java.net.http/jdk.internal.net.http.ResponseTimerEvent.handle(ResponseTimerEvent.java:68) ~[java.net.http:?]
	at java.net.http/jdk.internal.net.http.HttpClientImpl.purgeTimeoutsAndReturnNextDeadline(HttpClientImpl.java:1781) ~[java.net.http:?]
	at java.net.http/jdk.internal.net.http.HttpClientImpl$SelectorManager.run(HttpClientImpl.java:1379) ~[java.net.http:?]
Caused by: java.net.ConnectException: HTTP connect timed out
	at java.net.http/jdk.internal.net.http.ResponseTimerEvent.handle(ResponseTimerEvent.java:69) ~[java.net.http:?]
	at java.net.http/jdk.internal.net.http.HttpClientImpl.purgeTimeoutsAndReturnNextDeadline(HttpClientImpl.java:1781) ~[java.net.http:?]
	at java.net.http/jdk.internal.net.http.HttpClientImpl$SelectorManager.run(HttpClientImpl.java:1379) ~[java.net.http:?]
[29авг.2026 23:00:35.365] [NeoForge Version Check/INFO] [net.neoforged.fml.VersionChecker/]: [highlighter] Starting version check at https://mc-update-check.anthonyhilyard.com/521590
[29авг.2026 23:00:35.595] [Worker-ResourceReload-5/WARN] [net.minecraft.client.resources.model.ModelBakery/]: Unable to load model: 'cbc_at:block/autocannon/unbored_steel_assembled_autocannon_silencer' referenced from: cbc_at:block/autocannon/unbored_steel_assembled_autocannon_silencer: java.io.FileNotFoundException: cbc_at:models/block/autocannon/unbored_steel_assembled_autocannon_silencer.json
[29авг.2026 23:00:35.603] [Worker-ResourceReload-5/WARN] [net.minecraft.client.resources.model.BlockStateModelLoader/]: Exception loading blockstate definition: 'dndesires:blockstates/large_cog_crank.json' missing model for variant: 'dndesires:large_cog_crank#axis=z,waterlogged=false'
[29авг.2026 23:00:35.603] [Worker-ResourceReload-5/WARN] [net.minecraft.client.resources.model.BlockStateModelLoader/]: Exception loading blockstate definition: 'dndesires:blockstates/large_cog_crank.json' missing model for variant: 'dndesires:large_cog_crank#axis=y,waterlogged=true'
[29авг.2026 23:00:35.603] [Worker-ResourceReload-5/WARN] [net.minecraft.client.resources.model.BlockStateModelLoader/]: Exception loading blockstate definition: 'dndesires:blockstates/large_cog_crank.json' missing model for variant: 'dndesires:large_cog_crank#axis=x,waterlogged=true'
[29авг.2026 23:00:35.603] [Worker-ResourceReload-5/WARN] [net.minecraft.client.resources.model.BlockStateModelLoader/]: Exception loading blockstate definition: 'dndesires:blockstates/large_cog_crank.json' missing model for variant: 'dndesires:large_cog_crank#axis=x,waterlogged=false'
[29авг.2026 23:00:35.603] [Worker-ResourceReload-5/WARN] [net.minecraft.client.resources.model.BlockStateModelLoader/]: Exception loading blockstate definition: 'dndesires:blockstates/large_cog_crank.json' missing model for variant: 'dndesires:large_cog_crank#axis=z,waterlogged=true'
[29авг.2026 23:00:35.603] [Worker-ResourceReload-5/WARN] [net.minecraft.client.resources.model.BlockStateModelLoader/]: Exception loading blockstate definition: 'dndesires:blockstates/large_cog_crank.json' missing model for variant: 'dndesires:large_cog_crank#axis=y,waterlogged=false'
[29авг.2026 23:00:35.620] [Worker-ResourceReload-5/WARN] [net.minecraft.client.resources.model.BlockStateModelLoader/]: Exception loading blockstate definition: 'createmechanicalconfection:blockstates/cog_cake_block.json' missing model for variant: 'createmechanicalconfection:cog_cake_block#bites=6'
[29авг.2026 23:00:35.620] [Worker-ResourceReload-5/WARN] [net.minecraft.client.resources.model.BlockStateModelLoader/]: Exception loading blockstate definition: 'createmechanicalconfection:blockstates/cog_cake_block.json' missing model for variant: 'createmechanicalconfection:cog_cake_block#bites=5'
[29авг.2026 23:00:35.620] [Worker-ResourceReload-5/WARN] [net.minecraft.client.resources.model.BlockStateModelLoader/]: Exception loading blockstate definition: 'createmechanicalconfection:blockstates/cog_cake_block.json' missing model for variant: 'createmechanicalconfection:cog_cake_block#bites=4'
[29авг.2026 23:00:35.810] [Worker-ResourceReload-5/WARN] [net.minecraft.client.resources.model.BlockStateModelLoader/]: Exception loading blockstate definition: 'dndesires:blockstates/creative_gear_motor.json' missing model for variant: 'dndesires:creative_gear_motor#facing=down,waterlogged=true'
[29авг.2026 23:00:35.810] [Worker-ResourceReload-5/WARN] [net.minecraft.client.resources.model.BlockStateModelLoader/]: Exception loading blockstate definition: 'dndesires:blockstates/creative_gear_motor.json' missing model for variant: 'dndesires:creative_gear_motor#facing=north,waterlogged=true'
[29авг.2026 23:00:35.810] [Worker-ResourceReload-5/WARN] [net.minecraft.client.resources.model.BlockStateModelLoader/]: Exception loading blockstate definition: 'dndesires:blockstates/creative_gear_motor.json' missing model for variant: 'dndesires:creative_gear_motor#facing=east,waterlogged=false'
[29авг.2026 23:00:35.810] [Worker-ResourceReload-5/WARN] [net.minecraft.client.resources.model.BlockStateModelLoader/]: Exception loading blockstate definition: 'dndesires:blockstates/creative_gear_motor.json' missing model for variant: 'dndesires:creative_gear_motor#facing=down,waterlogged=false'
[29авг.2026 23:00:35.810] [Worker-ResourceReload-5/WARN] [net.minecraft.client.resources.model.BlockStateModelLoader/]: Exception loading blockstate definition: 'dndesires:blockstates/creative_gear_motor.json' missing model for variant: 'dndesires:creative_gear_motor#facing=west,waterlogged=false'
[29авг.2026 23:00:35.810] [Worker-ResourceReload-5/WARN] [net.minecraft.client.resources.model.BlockStateModelLoader/]: Exception loading blockstate definition: 'dndesires:blockstates/creative_gear_motor.json' missing model for variant: 'dndesires:creative_gear_motor#facing=south,waterlogged=true'
[29авг.2026 23:00:35.810] [Worker-ResourceReload-5/WARN] [net.minecraft.client.resources.model.BlockStateModelLoader/]: Exception loading blockstate definition: 'dndesires:blockstates/creative_gear_motor.json' missing model for variant: 'dndesires:creative_gear_motor#facing=north,waterlogged=false'
[29авг.2026 23:00:35.810] [Worker-ResourceReload-5/WARN] [net.minecraft.client.resources.model.BlockStateModelLoader/]: Exception loading blockstate definition: 'dndesires:blockstates/creative_gear_motor.json' missing model for variant: 'dndesires:creative_gear_motor#facing=west,waterlogged=true'
[29авг.2026 23:00:35.810] [Worker-ResourceReload-5/WARN] [net.minecraft.client.resources.model.BlockStateModelLoader/]: Exception loading blockstate definition: 'dndesires:blockstates/creative_gear_motor.json' missing model for variant: 'dndesires:creative_gear_motor#facing=up,waterlogged=false'
[29авг.2026 23:00:35.810] [Worker-ResourceReload-5/WARN] [net.minecraft.client.resources.model.BlockStateModelLoader/]: Exception loading blockstate definition: 'dndesires:blockstates/creative_gear_motor.json' missing model for variant: 'dndesires:creative_gear_motor#facing=east,waterlogged=true'
[29авг.2026 23:00:35.810] [Worker-ResourceReload-5/WARN] [net.minecraft.client.resources.model.BlockStateModelLoader/]: Exception loading blockstate definition: 'dndesires:blockstates/creative_gear_motor.json' missing model for variant: 'dndesires:creative_gear_motor#facing=south,waterlogged=false'
[29авг.2026 23:00:35.810] [Worker-ResourceReload-5/WARN] [net.minecraft.client.resources.model.BlockStateModelLoader/]: Exception loading blockstate definition: 'dndesires:blockstates/creative_gear_motor.json' missing model for variant: 'dndesires:creative_gear_motor#facing=up,waterlogged=true'
[29авг.2026 23:00:35.853] [Worker-ResourceReload-5/WARN] [net.minecraft.client.resources.model.ModelBakery/]: Unable to load model: 'cbc_at:block/rocket_pod/cast_iron_assembled_rocket_pod_rail' referenced from: cbc_at:block/rocket_pod/cast_iron_assembled_rocket_pod_rail: java.io.FileNotFoundException: cbc_at:models/block/rocket_pod/cast_iron_assembled_rocket_pod_rail.json
[29авг.2026 23:00:36.136] [Worker-ResourceReload-5/WARN] [net.minecraft.client.resources.model.BlockStateModelLoader/]: Exception loading blockstate definition: 'dndesires:blockstates/cog_crank.json' missing model for variant: 'dndesires:cog_crank#axis=x,waterlogged=false'
[29авг.2026 23:00:36.136] [Worker-ResourceReload-5/WARN] [net.minecraft.client.resources.model.BlockStateModelLoader/]: Exception loading blockstate definition: 'dndesires:blockstates/cog_crank.json' missing model for variant: 'dndesires:cog_crank#axis=z,waterlogged=true'
[29авг.2026 23:00:36.136] [Worker-ResourceReload-5/WARN] [net.minecraft.client.resources.model.BlockStateModelLoader/]: Exception loading blockstate definition: 'dndesires:blockstates/cog_crank.json' missing model for variant: 'dndesires:cog_crank#axis=y,waterlogged=false'
[29авг.2026 23:00:36.136] [Worker-ResourceReload-5/WARN] [net.minecraft.client.resources.model.BlockStateModelLoader/]: Exception loading blockstate definition: 'dndesires:blockstates/cog_crank.json' missing model for variant: 'dndesires:cog_crank#axis=z,waterlogged=false'
[29авг.2026 23:00:36.136] [Worker-ResourceReload-5/WARN] [net.minecraft.client.resources.model.BlockStateModelLoader/]: Exception loading blockstate definition: 'dndesires:blockstates/cog_crank.json' missing model for variant: 'dndesires:cog_crank#axis=y,waterlogged=true'
[29авг.2026 23:00:36.136] [Worker-ResourceReload-5/WARN] [net.minecraft.client.resources.model.BlockStateModelLoader/]: Exception loading blockstate definition: 'dndesires:blockstates/cog_crank.json' missing model for variant: 'dndesires:cog_crank#axis=x,waterlogged=true'
[29авг.2026 23:00:36.257] [Worker-ResourceReload-5/WARN] [net.minecraft.client.resources.model.BlockStateModelLoader/]: Exception loading blockstate definition: 'createpropulsion:blockstates/coral.json' missing model for variant: 'createpropulsion:coral#level=5'
[29авг.2026 23:00:36.258] [Worker-ResourceReload-5/WARN] [net.minecraft.client.resources.model.BlockStateModelLoader/]: Exception loading blockstate definition: 'createpropulsion:blockstates/coral.json' missing model for variant: 'createpropulsion:coral#level=6'
[29авг.2026 23:00:36.258] [Worker-ResourceReload-5/WARN] [net.minecraft.client.resources.model.BlockStateModelLoader/]: Exception loading blockstate definition: 'createpropulsion:blockstates/coral.json' missing model for variant: 'createpropulsion:coral#level=3'
[29авг.2026 23:00:36.258] [Worker-ResourceReload-5/WARN] [net.minecraft.client.resources.model.BlockStateModelLoader/]: Exception loading blockstate definition: 'createpropulsion:blockstates/coral.json' missing model for variant: 'createpropulsion:coral#level=4'
[29авг.2026 23:00:36.258] [Worker-ResourceReload-5/WARN] [net.minecraft.client.resources.model.BlockStateModelLoader/]: Exception loading blockstate definition: 'createpropulsion:blockstates/coral.json' missing model for variant: 'createpropulsion:coral#level=1'
[29авг.2026 23:00:36.258] [Worker-ResourceReload-5/WARN] [net.minecraft.client.resources.model.BlockStateModelLoader/]: Exception loading blockstate definition: 'createpropulsion:blockstates/coral.json' missing model for variant: 'createpropulsion:coral#level=2'
[29авг.2026 23:00:36.258] [Worker-ResourceReload-5/WARN] [net.minecraft.client.resources.model.BlockStateModelLoader/]: Exception loading blockstate definition: 'createpropulsion:blockstates/coral.json' missing model for variant: 'createpropulsion:coral#level=0'
[29авг.2026 23:00:36.258] [Worker-ResourceReload-5/WARN] [net.minecraft.client.resources.model.BlockStateModelLoader/]: Exception loading blockstate definition: 'createpropulsion:blockstates/coral.json' missing model for variant: 'createpropulsion:coral#level=14'
[29авг.2026 23:00:36.258] [Worker-ResourceReload-5/WARN] [net.minecraft.client.resources.model.BlockStateModelLoader/]: Exception loading blockstate definition: 'createpropulsion:blockstates/coral.json' missing model for variant: 'createpropulsion:coral#level=15'
[29авг.2026 23:00:36.258] [Worker-ResourceReload-5/WARN] [net.minecraft.client.resources.model.BlockStateModelLoader/]: Exception loading blockstate definition: 'createpropulsion:blockstates/coral.json' missing model for variant: 'createpropulsion:coral#level=12'
[29авг.2026 23:00:36.258] [Worker-ResourceReload-5/WARN] [net.minecraft.client.resources.model.BlockStateModelLoader/]: Exception loading blockstate definition: 'createpropulsion:blockstates/coral.json' missing model for variant: 'createpropulsion:coral#level=13'
[29авг.2026 23:00:36.258] [Worker-ResourceReload-5/WARN] [net.minecraft.client.resources.model.BlockStateModelLoader/]: Exception loading blockstate definition: 'createpropulsion:blockstates/coral.json' missing model for variant: 'createpropulsion:coral#level=9'
[29авг.2026 23:00:36.258] [Worker-ResourceReload-5/WARN] [net.minecraft.client.resources.model.BlockStateModelLoader/]: Exception loading blockstate definition: 'createpropulsion:blockstates/coral.json' missing model for variant: 'createpropulsion:coral#level=10'
[29авг.2026 23:00:36.258] [Worker-ResourceReload-5/WARN] [net.minecraft.client.resources.model.BlockStateModelLoader/]: Exception loading blockstate definition: 'createpropulsion:blockstates/coral.json' missing model for variant: 'createpropulsion:coral#level=11'
[29авг.2026 23:00:36.258] [Worker-ResourceReload-5/WARN] [net.minecraft.client.resources.model.BlockStateModelLoader/]: Exception loading blockstate definition: 'createpropulsion:blockstates/coral.json' missing model for variant: 'createpropulsion:coral#level=7'
[29авг.2026 23:00:36.258] [Worker-ResourceReload-5/WARN] [net.minecraft.client.resources.model.BlockStateModelLoader/]: Exception loading blockstate definition: 'createpropulsion:blockstates/coral.json' missing model for variant: 'createpropulsion:coral#level=8'
[29авг.2026 23:00:36.999] [Worker-ResourceReload-5/WARN] [net.minecraft.client.resources.model.BlockStateModelLoader/]: Exception loading blockstate definition: 'createmechanicalconfection:blockstates/tube_cake_block.json' missing model for variant: 'createmechanicalconfection:tube_cake_block#bites=6'
[29авг.2026 23:00:36.999] [Worker-ResourceReload-5/WARN] [net.minecraft.client.resources.model.BlockStateModelLoader/]: Exception loading blockstate definition: 'createmechanicalconfection:blockstates/tube_cake_block.json' missing model for variant: 'createmechanicalconfection:tube_cake_block#bites=4'
[29авг.2026 23:00:36.999] [Worker-ResourceReload-5/WARN] [net.minecraft.client.resources.model.BlockStateModelLoader/]: Exception loading blockstate definition: 'createmechanicalconfection:blockstates/tube_cake_block.json' missing model for variant: 'createmechanicalconfection:tube_cake_block#bites=5'
[29авг.2026 23:00:37.002] [Worker-ResourceReload-5/WARN] [net.minecraft.client.resources.model.BlockStateModelLoader/]: Exception loading blockstate definition: 'cbc_at:blockstates/unbored_cast_iron_rocket_pod_rail.json' missing model for variant: 'cbc_at:unbored_cast_iron_rocket_pod_rail#assembled=true,facing=up,waterlogged=true'
[29авг.2026 23:00:37.002] [Worker-ResourceReload-5/WARN] [net.minecraft.client.resources.model.BlockStateModelLoader/]: Exception loading blockstate definition: 'cbc_at:blockstates/unbored_cast_iron_rocket_pod_rail.json' missing model for variant: 'cbc_at:unbored_cast_iron_rocket_pod_rail#assembled=true,facing=down,waterlogged=true'
[29авг.2026 23:00:37.002] [Worker-ResourceReload-5/WARN] [net.minecraft.client.resources.model.BlockStateModelLoader/]: Exception loading blockstate definition: 'cbc_at:blockstates/unbored_cast_iron_rocket_pod_rail.json' missing model for variant: 'cbc_at:unbored_cast_iron_rocket_pod_rail#assembled=true,facing=up,waterlogged=false'
[29авг.2026 23:00:37.002] [Worker-ResourceReload-5/WARN] [net.minecraft.client.resources.model.BlockStateModelLoader/]: Exception loading blockstate definition: 'cbc_at:blockstates/unbored_cast_iron_rocket_pod_rail.json' missing model for variant: 'cbc_at:unbored_cast_iron_rocket_pod_rail#assembled=true,facing=south,waterlogged=false'
[29авг.2026 23:00:37.002] [Worker-ResourceReload-5/WARN] [net.minecraft.client.resources.model.BlockStateModelLoader/]: Exception loading blockstate definition: 'cbc_at:blockstates/unbored_cast_iron_rocket_pod_rail.json' missing model for variant: 'cbc_at:unbored_cast_iron_rocket_pod_rail#assembled=true,facing=west,waterlogged=true'
[29авг.2026 23:00:37.002] [Worker-ResourceReload-5/WARN] [net.minecraft.client.resources.model.BlockStateModelLoader/]: Exception loading blockstate definition: 'cbc_at:blockstates/unbored_cast_iron_rocket_pod_rail.json' missing model for variant: 'cbc_at:unbored_cast_iron_rocket_pod_rail#assembled=true,facing=north,waterlogged=false'
[29авг.2026 23:00:37.002] [Worker-ResourceReload-5/WARN] [net.minecraft.client.resources.model.BlockStateModelLoader/]: Exception loading blockstate definition: 'cbc_at:blockstates/unbored_cast_iron_rocket_pod_rail.json' missing model for variant: 'cbc_at:unbored_cast_iron_rocket_pod_rail#assembled=true,facing=down,waterlogged=false'
[29авг.2026 23:00:37.002] [Worker-ResourceReload-5/WARN] [net.minecraft.client.resources.model.BlockStateModelLoader/]: Exception loading blockstate definition: 'cbc_at:blockstates/unbored_cast_iron_rocket_pod_rail.json' missing model for variant: 'cbc_at:unbored_cast_iron_rocket_pod_rail#assembled=true,facing=east,waterlogged=true'
[29авг.2026 23:00:37.002] [Worker-ResourceReload-5/WARN] [net.minecraft.client.resources.model.BlockStateModelLoader/]: Exception loading blockstate definition: 'cbc_at:blockstates/unbored_cast_iron_rocket_pod_rail.json' missing model for variant: 'cbc_at:unbored_cast_iron_rocket_pod_rail#assembled=true,facing=south,waterlogged=true'
[29авг.2026 23:00:37.002] [Worker-ResourceReload-5/WARN] [net.minecraft.client.resources.model.BlockStateModelLoader/]: Exception loading blockstate definition: 'cbc_at:blockstates/unbored_cast_iron_rocket_pod_rail.json' missing model for variant: 'cbc_at:unbored_cast_iron_rocket_pod_rail#assembled=true,facing=north,waterlogged=true'
[29авг.2026 23:00:37.002] [Worker-ResourceReload-5/WARN] [net.minecraft.client.resources.model.BlockStateModelLoader/]: Exception loading blockstate definition: 'cbc_at:blockstates/unbored_cast_iron_rocket_pod_rail.json' missing model for variant: 'cbc_at:unbored_cast_iron_rocket_pod_rail#assembled=true,facing=east,waterlogged=false'
[29авг.2026 23:00:37.002] [Worker-ResourceReload-5/WARN] [net.minecraft.client.resources.model.BlockStateModelLoader/]: Exception loading blockstate definition: 'cbc_at:blockstates/unbored_cast_iron_rocket_pod_rail.json' missing model for variant: 'cbc_at:unbored_cast_iron_rocket_pod_rail#assembled=true,facing=west,waterlogged=false'
[29авг.2026 23:00:38.035] [Worker-ResourceReload-5/WARN] [net.minecraft.client.resources.model.BlockStateModelLoader/]: Exception loading blockstate definition: 'createthrusters:blockstates/gyro_redstone_bridge.json' missing model for variant: 'createthrusters:gyro_redstone_bridge#facing=up'
[29авг.2026 23:00:38.035] [Worker-ResourceReload-5/WARN] [net.minecraft.client.resources.model.BlockStateModelLoader/]: Exception loading blockstate definition: 'createthrusters:blockstates/gyro_redstone_bridge.json' missing model for variant: 'createthrusters:gyro_redstone_bridge#facing=down'
[29авг.2026 23:00:38.035] [Worker-ResourceReload-5/WARN] [net.minecraft.client.resources.model.BlockStateModelLoader/]: Exception loading blockstate definition: 'createthrusters:blockstates/gyro_redstone_bridge.json' missing model for variant: 'createthrusters:gyro_redstone_bridge#facing=south'
[29авг.2026 23:00:38.035] [Worker-ResourceReload-5/WARN] [net.minecraft.client.resources.model.BlockStateModelLoader/]: Exception loading blockstate definition: 'createthrusters:blockstates/gyro_redstone_bridge.json' missing model for variant: 'createthrusters:gyro_redstone_bridge#facing=north'
[29авг.2026 23:00:38.035] [Worker-ResourceReload-5/WARN] [net.minecraft.client.resources.model.BlockStateModelLoader/]: Exception loading blockstate definition: 'createthrusters:blockstates/gyro_redstone_bridge.json' missing model for variant: 'createthrusters:gyro_redstone_bridge#facing=west'
[29авг.2026 23:00:38.035] [Worker-ResourceReload-5/WARN] [net.minecraft.client.resources.model.BlockStateModelLoader/]: Exception loading blockstate definition: 'createthrusters:blockstates/gyro_redstone_bridge.json' missing model for variant: 'createthrusters:gyro_redstone_bridge#facing=east'
[29авг.2026 23:00:38.796] [Worker-ResourceReload-5/WARN] [net.minecraft.client.resources.model.ModelBakery/]: Unable to load model: 'cbc_at:block/autocannon/unbored_steel_assembled_autocannon_muzzle_brake' referenced from: cbc_at:block/autocannon/unbored_steel_assembled_autocannon_muzzle_brake: java.io.FileNotFoundException: cbc_at:models/block/autocannon/unbored_steel_assembled_autocannon_muzzle_brake.json
[29авг.2026 23:00:39.093] [Worker-ResourceReload-5/WARN] [net.minecraft.client.resources.model.BlockStateModelLoader/]: Exception loading blockstate definition: 'cbc_at:blockstates/unbored_bronze_rocket_pod_rail.json' missing model for variant: 'cbc_at:unbored_bronze_rocket_pod_rail#assembled=true,facing=up,waterlogged=false'
[29авг.2026 23:00:39.093] [Worker-ResourceReload-5/WARN] [net.minecraft.client.resources.model.BlockStateModelLoader/]: Exception loading blockstate definition: 'cbc_at:blockstates/unbored_bronze_rocket_pod_rail.json' missing model for variant: 'cbc_at:unbored_bronze_rocket_pod_rail#assembled=true,facing=north,waterlogged=false'
[29авг.2026 23:00:39.093] [Worker-ResourceReload-5/WARN] [net.minecraft.client.resources.model.BlockStateModelLoader/]: Exception loading blockstate definition: 'cbc_at:blockstates/unbored_bronze_rocket_pod_rail.json' missing model for variant: 'cbc_at:unbored_bronze_rocket_pod_rail#assembled=true,facing=south,waterlogged=true'
[29авг.2026 23:00:39.093] [Worker-ResourceReload-5/WARN] [net.minecraft.client.resources.model.BlockStateModelLoader/]: Exception loading blockstate definition: 'cbc_at:blockstates/unbored_bronze_rocket_pod_rail.json' missing model for variant: 'cbc_at:unbored_bronze_rocket_pod_rail#assembled=true,facing=down,waterlogged=true'
[29авг.2026 23:00:39.093] [Worker-ResourceReload-5/WARN] [net.minecraft.client.resources.model.BlockStateModelLoader/]: Exception loading blockstate definition: 'cbc_at:blockstates/unbored_bronze_rocket_pod_rail.json' missing model for variant: 'cbc_at:unbored_bronze_rocket_pod_rail#assembled=true,facing=south,waterlogged=false'
[29авг.2026 23:00:39.093] [Worker-ResourceReload-5/WARN] [net.minecraft.client.resources.model.BlockStateModelLoader/]: Exception loading blockstate definition: 'cbc_at:blockstates/unbored_bronze_rocket_pod_rail.json' missing model for variant: 'cbc_at:unbored_bronze_rocket_pod_rail#assembled=true,facing=west,waterlogged=true'
[29авг.2026 23:00:39.093] [Worker-ResourceReload-5/WARN] [net.minecraft.client.resources.model.BlockStateModelLoader/]: Exception loading blockstate definition: 'cbc_at:blockstates/unbored_bronze_rocket_pod_rail.json' missing model for variant: 'cbc_at:unbored_bronze_rocket_pod_rail#assembled=true,facing=east,waterlogged=true'
[29авг.2026 23:00:39.093] [Worker-ResourceReload-5/WARN] [net.minecraft.client.resources.model.BlockStateModelLoader/]: Exception loading blockstate definition: 'cbc_at:blockstates/unbored_bronze_rocket_pod_rail.json' missing model for variant: 'cbc_at:unbored_bronze_rocket_pod_rail#assembled=true,facing=west,waterlogged=false'
[29авг.2026 23:00:39.093] [Worker-ResourceReload-5/WARN] [net.minecraft.client.resources.model.BlockStateModelLoader/]: Exception loading blockstate definition: 'cbc_at:blockstates/unbored_bronze_rocket_pod_rail.json' missing model for variant: 'cbc_at:unbored_bronze_rocket_pod_rail#assembled=true,facing=down,waterlogged=false'
[29авг.2026 23:00:39.093] [Worker-ResourceReload-5/WARN] [net.minecraft.client.resources.model.BlockStateModelLoader/]: Exception loading blockstate definition: 'cbc_at:blockstates/unbored_bronze_rocket_pod_rail.json' missing model for variant: 'cbc_at:unbored_bronze_rocket_pod_rail#assembled=true,facing=north,waterlogged=true'
[29авг.2026 23:00:39.094] [Worker-ResourceReload-5/WARN] [net.minecraft.client.resources.model.BlockStateModelLoader/]: Exception loading blockstate definition: 'cbc_at:blockstates/unbored_bronze_rocket_pod_rail.json' missing model for variant: 'cbc_at:unbored_bronze_rocket_pod_rail#assembled=true,facing=east,waterlogged=false'
[29авг.2026 23:00:39.094] [Worker-ResourceReload-5/WARN] [net.minecraft.client.resources.model.BlockStateModelLoader/]: Exception loading blockstate definition: 'cbc_at:blockstates/unbored_bronze_rocket_pod_rail.json' missing model for variant: 'cbc_at:unbored_bronze_rocket_pod_rail#assembled=true,facing=up,waterlogged=true'
[29авг.2026 23:00:39.529] [Worker-ResourceReload-5/WARN] [net.minecraft.client.resources.model.BlockStateModelLoader/]: Exception loading blockstate definition: 'ars_nouveau:blockstates/planarium_projector.json' missing model for variant: 'ars_nouveau:planarium_projector#'
[29авг.2026 23:00:40.454] [Worker-ResourceReload-5/WARN] [net.minecraft.client.resources.model.ModelBakery/]: Unable to load model: 'minecraft:brass_drone' referenced from: create_sa:item/brass_drone_item: java.io.FileNotFoundException: minecraft:models/brass_drone.json
[29авг.2026 23:00:40.664] [Worker-ResourceReload-5/WARN] [net.minecraft.client.resources.model.ModelBakery/]: Unable to load model: 'createthrusters:item/virtual_orientation_source' referenced from: createthrusters:item/virtual_orientation_source: java.io.FileNotFoundException: createthrusters:models/item/virtual_orientation_source.json
[29авг.2026 23:00:40.843] [Worker-ResourceReload-5/WARN] [net.minecraft.client.resources.model.ModelBakery/]: Unable to load model: 'minecraft:flamethrower' referenced from: create_sa:item/flamethrower: java.io.FileNotFoundException: minecraft:models/flamethrower.json
[29авг.2026 23:00:40.856] [Worker-ResourceReload-5/WARN] [net.minecraft.client.resources.model.ModelBakery/]: Unable to load model: 'minecraft:chains' referenced from: create_sa:item/chains: java.io.FileNotFoundException: minecraft:models/chains.json
[29авг.2026 23:00:41.067] [Worker-ResourceReload-5/WARN] [net.minecraft.client.resources.model.ModelBakery/]: Unable to load model: 'createthrusters:item/gyro_redstone_bridge' referenced from: createthrusters:item/gyro_redstone_bridge: java.io.FileNotFoundException: createthrusters:models/item/gyro_redstone_bridge.json
[29авг.2026 23:00:41.127] [Worker-ResourceReload-5/WARN] [net.minecraft.client.resources.model.ModelBakery/]: Unable to load model: 'ars_nouveau:item/planarium_projector' referenced from: ars_nouveau:item/planarium_projector: java.io.FileNotFoundException: ars_nouveau:models/item/planarium_projector.json
[29авг.2026 23:00:41.151] [Worker-ResourceReload-5/WARN] [net.minecraft.client.resources.model.ModelBakery/]: Unable to load model: 'quark:block/black_frame' referenced from: quark:item/black_frame_empty: java.io.FileNotFoundException: quark:models/block/black_frame.json
[29авг.2026 23:00:41.151] [Worker-ResourceReload-5/WARN] [net.minecraft.client.resources.model.ModelBakery/]: Unable to load model: 'quark:block/black_frame_map' referenced from: quark:item/black_frame_map: java.io.FileNotFoundException: quark:models/block/black_frame_map.json
[29авг.2026 23:00:41.152] [Worker-ResourceReload-5/WARN] [net.minecraft.client.resources.model.ModelBakery/]: Unable to load model: 'quark:block/blue_frame' referenced from: quark:item/blue_frame_empty: java.io.FileNotFoundException: quark:models/block/blue_frame.json
[29авг.2026 23:00:41.152] [Worker-ResourceReload-5/WARN] [net.minecraft.client.resources.model.ModelBakery/]: Unable to load model: 'quark:block/blue_frame_map' referenced from: quark:item/blue_frame_map: java.io.FileNotFoundException: quark:models/block/blue_frame_map.json
[29авг.2026 23:00:41.153] [Worker-ResourceReload-5/WARN] [net.minecraft.client.resources.model.ModelBakery/]: Unable to load model: 'quark:block/brown_frame' referenced from: quark:item/brown_frame_empty: java.io.FileNotFoundException: quark:models/block/brown_frame.json
[29авг.2026 23:00:41.153] [Worker-ResourceReload-5/WARN] [net.minecraft.client.resources.model.ModelBakery/]: Unable to load model: 'quark:block/brown_frame_map' referenced from: quark:item/brown_frame_map: java.io.FileNotFoundException: quark:models/block/brown_frame_map.json
[29авг.2026 23:00:41.158] [Worker-ResourceReload-5/WARN] [net.minecraft.client.resources.model.ModelBakery/]: Unable to load model: 'supplementaries:block/checker_vertical_slab' referenced from: supplementaries:item/checker_vertical_slab: java.io.FileNotFoundException: supplementaries:models/block/checker_vertical_slab.json
[29авг.2026 23:00:41.161] [Worker-ResourceReload-5/WARN] [net.minecraft.client.resources.model.ModelBakery/]: Unable to load model: 'quark:block/colored_frame' referenced from: quark:item/colored_frame_empty: java.io.FileNotFoundException: quark:models/block/colored_frame.json
[29авг.2026 23:00:41.161] [Worker-ResourceReload-5/WARN] [net.minecraft.client.resources.model.ModelBakery/]: Unable to load model: 'quark:block/colored_frame_map' referenced from: quark:item/colored_frame_map: java.io.FileNotFoundException: quark:models/block/colored_frame_map.json
[29авг.2026 23:00:41.166] [Worker-ResourceReload-5/WARN] [net.minecraft.client.resources.model.ModelBakery/]: Unable to load model: 'quark:block/cyan_frame' referenced from: quark:item/cyan_frame_empty: java.io.FileNotFoundException: quark:models/block/cyan_frame.json
[29авг.2026 23:00:41.166] [Worker-ResourceReload-5/WARN] [net.minecraft.client.resources.model.ModelBakery/]: Unable to load model: 'quark:block/cyan_frame_map' referenced from: quark:item/cyan_frame_map: java.io.FileNotFoundException: quark:models/block/cyan_frame_map.json
[29авг.2026 23:00:41.169] [Worker-ResourceReload-5/WARN] [net.minecraft.client.resources.model.ModelBakery/]: Unable to load model: 'supplementaries:block/diode_block_on' referenced from: supplementaries:item/diode_block: java.io.FileNotFoundException: supplementaries:models/block/diode_block_on.json
[29авг.2026 23:00:41.177] [Worker-ResourceReload-5/WARN] [net.minecraft.client.resources.model.ModelBakery/]: Unable to load model: 'quark:block/dyed_item_frame_frame' referenced from: quark:item/extra/dyed_item_frame_frame: java.io.FileNotFoundException: quark:models/block/dyed_item_frame_frame.json
[29авг.2026 23:00:41.187] [Worker-ResourceReload-5/WARN] [net.minecraft.client.resources.model.ModelBakery/]: Unable to load model: 'quark:block/gray_frame' referenced from: quark:item/gray_frame_empty: java.io.FileNotFoundException: quark:models/block/gray_frame.json
[29авг.2026 23:00:41.188] [Worker-ResourceReload-5/WARN] [net.minecraft.client.resources.model.ModelBakery/]: Unable to load model: 'quark:block/gray_frame_map' referenced from: quark:item/gray_frame_map: java.io.FileNotFoundException: quark:models/block/gray_frame_map.json
[29авг.2026 23:00:41.188] [Worker-ResourceReload-5/WARN] [net.minecraft.client.resources.model.ModelBakery/]: Unable to load model: 'quark:block/green_frame' referenced from: quark:item/green_frame_empty: java.io.FileNotFoundException: quark:models/block/green_frame.json
[29авг.2026 23:00:41.188] [Worker-ResourceReload-5/WARN] [net.minecraft.client.resources.model.ModelBakery/]: Unable to load model: 'quark:block/green_frame_map' referenced from: quark:item/green_frame_map: java.io.FileNotFoundException: quark:models/block/green_frame_map.json
[29авг.2026 23:00:41.198] [Worker-ResourceReload-5/WARN] [net.minecraft.client.resources.model.ModelBakery/]: Unable to load model: 'ars_nouveau:block/lava_lily/lily_stone' referenced from: ars_nouveau:item/lava_lily: java.io.FileNotFoundException: ars_nouveau:models/block/lava_lily/lily_stone.json
[29авг.2026 23:00:41.203] [Worker-ResourceReload-5/WARN] [net.minecraft.client.resources.model.ModelBakery/]: Unable to load model: 'quark:block/light_blue_frame' referenced from: quark:item/light_blue_frame_empty: java.io.FileNotFoundException: quark:models/block/light_blue_frame.json
[29авг.2026 23:00:41.203] [Worker-ResourceReload-5/WARN] [net.minecraft.client.resources.model.ModelBakery/]: Unable to load model: 'quark:block/light_blue_frame_map' referenced from: quark:item/light_blue_frame_map: java.io.FileNotFoundException: quark:models/block/light_blue_frame_map.json
[29авг.2026 23:00:41.203] [Worker-ResourceReload-5/WARN] [net.minecraft.client.resources.model.ModelBakery/]: Unable to load model: 'quark:block/light_gray_frame' referenced from: quark:item/light_gray_frame_empty: java.io.FileNotFoundException: quark:models/block/light_gray_frame.json
[29авг.2026 23:00:41.203] [Worker-ResourceReload-5/WARN] [net.minecraft.client.resources.model.ModelBakery/]: Unable to load model: 'quark:block/light_gray_frame_map' referenced from: quark:item/light_gray_frame_map: java.io.FileNotFoundException: quark:models/block/light_gray_frame_map.json
[29авг.2026 23:00:41.205] [Worker-ResourceReload-5/WARN] [net.minecraft.client.resources.model.ModelBakery/]: Unable to load model: 'quark:block/lime_frame' referenced from: quark:item/lime_frame_empty: java.io.FileNotFoundException: quark:models/block/lime_frame.json
[29авг.2026 23:00:41.206] [Worker-ResourceReload-5/WARN] [net.minecraft.client.resources.model.ModelBakery/]: Unable to load model: 'quark:block/lime_frame_map' referenced from: quark:item/lime_frame_map: java.io.FileNotFoundException: quark:models/block/lime_frame_map.json
[29авг.2026 23:00:41.207] [Worker-ResourceReload-5/WARN] [net.minecraft.client.resources.model.ModelBakery/]: Unable to load model: 'quark:block/magenta_frame' referenced from: quark:item/magenta_frame_empty: java.io.FileNotFoundException: quark:models/block/magenta_frame.json
[29авг.2026 23:00:41.207] [Worker-ResourceReload-5/WARN] [net.minecraft.client.resources.model.ModelBakery/]: Unable to load model: 'quark:block/magenta_frame_map' referenced from: quark:item/magenta_frame_map: java.io.FileNotFoundException: quark:models/block/magenta_frame_map.json
[29авг.2026 23:00:41.207] [Worker-ResourceReload-5/WARN] [net.minecraft.client.resources.model.ModelBakery/]: Unable to load model: 'supplementaries:block/magma_cream_block' referenced from: supplementaries:item/magma_cream_block: java.io.FileNotFoundException: supplementaries:models/block/magma_cream_block.json
[29авг.2026 23:00:41.221] [Worker-ResourceReload-5/WARN] [net.minecraft.client.resources.model.ModelBakery/]: Unable to load model: 'quark:block/orange_frame' referenced from: quark:item/orange_frame_empty: java.io.FileNotFoundException: quark:models/block/orange_frame.json
[29авг.2026 23:00:41.221] [Worker-ResourceReload-5/WARN] [net.minecraft.client.resources.model.ModelBakery/]: Unable to load model: 'quark:block/orange_frame_map' referenced from: quark:item/orange_frame_map: java.io.FileNotFoundException: quark:models/block/orange_frame_map.json
[29авг.2026 23:00:41.226] [Worker-ResourceReload-5/WARN] [net.minecraft.client.resources.model.ModelBakery/]: Unable to load model: 'quark:block/pink_frame' referenced from: quark:item/pink_frame_empty: java.io.FileNotFoundException: quark:models/block/pink_frame.json
[29авг.2026 23:00:41.226] [Worker-ResourceReload-5/WARN] [net.minecraft.client.resources.model.ModelBakery/]: Unable to load model: 'quark:block/pink_frame_map' referenced from: quark:item/pink_frame_map: java.io.FileNotFoundException: quark:models/block/pink_frame_map.json
[29авг.2026 23:00:41.226] [Worker-ResourceReload-5/WARN] [net.minecraft.client.resources.model.ModelBakery/]: Unable to load model: 'supplementaries:block/planter_rich' referenced from: supplementaries:item/planter_rich: java.io.FileNotFoundException: supplementaries:models/block/planter_rich.json
[29авг.2026 23:00:41.226] [Worker-ResourceReload-5/WARN] [net.minecraft.client.resources.model.ModelBakery/]: Unable to load model: 'supplementaries:block/planter_rich_soul' referenced from: supplementaries:item/planter_rich_soul: java.io.FileNotFoundException: supplementaries:models/block/planter_rich_soul.json
[29авг.2026 23:00:41.228] [Worker-ResourceReload-5/WARN] [net.minecraft.client.resources.model.ModelBakery/]: Unable to load model: 'quark:block/purple_frame' referenced from: quark:item/purple_frame_empty: java.io.FileNotFoundException: quark:models/block/purple_frame.json
[29авг.2026 23:00:41.228] [Worker-ResourceReload-5/WARN] [net.minecraft.client.resources.model.ModelBakery/]: Unable to load model: 'quark:block/purple_frame_map' referenced from: quark:item/purple_frame_map: java.io.FileNotFoundException: quark:models/block/purple_frame_map.json
[29авг.2026 23:00:41.230] [Worker-ResourceReload-5/WARN] [net.minecraft.client.resources.model.ModelBakery/]: Unable to load model: 'quark:block/red_frame' referenced from: quark:item/red_frame_empty: java.io.FileNotFoundException: quark:models/block/red_frame.json
[29авг.2026 23:00:41.230] [Worker-ResourceReload-5/WARN] [net.minecraft.client.resources.model.ModelBakery/]: Unable to load model: 'quark:block/red_frame_map' referenced from: quark:item/red_frame_map: java.io.FileNotFoundException: quark:models/block/red_frame_map.json
[29авг.2026 23:00:41.238] [Worker-ResourceReload-5/WARN] [net.minecraft.client.resources.model.ModelBakery/]: Unable to load model: 'supplementaries:block/piston_launcher_arm_tile' referenced from: supplementaries:item/spring_launcher_arm_tile: java.io.FileNotFoundException: supplementaries:models/block/piston_launcher_arm_tile.json
[29авг.2026 23:00:41.238] [Worker-ResourceReload-5/WARN] [net.minecraft.client.resources.model.ModelBakery/]: Unable to load model: 'supplementaries:block/piston_launcher_head' referenced from: supplementaries:item/spring_launcher_head: java.io.FileNotFoundException: supplementaries:models/block/piston_launcher_head.json
[29авг.2026 23:00:41.238] [Worker-ResourceReload-5/WARN] [net.minecraft.client.resources.model.ModelBakery/]: Unable to load model: 'cbc_at:block/autocannon/vert_spring' referenced from: cbc_at:item/steel_vert_recoil_spring: java.io.FileNotFoundException: cbc_at:models/block/autocannon/vert_spring.json
[29авг.2026 23:00:41.250] [Worker-ResourceReload-5/WARN] [net.minecraft.client.resources.model.ModelBakery/]: Unable to load model: 'quark:block/white_frame' referenced from: quark:item/white_frame_empty: java.io.FileNotFoundException: quark:models/block/white_frame.json
[29авг.2026 23:00:41.250] [Worker-ResourceReload-5/WARN] [net.minecraft.client.resources.model.ModelBakery/]: Unable to load model: 'quark:block/white_frame_map' referenced from: quark:item/white_frame_map: java.io.FileNotFoundException: quark:models/block/white_frame_map.json
[29авг.2026 23:00:41.250] [Worker-ResourceReload-5/WARN] [net.minecraft.client.resources.model.ModelBakery/]: Unable to load model: 'quark:block/yellow_frame' referenced from: quark:item/yellow_frame_empty: java.io.FileNotFoundException: quark:models/block/yellow_frame.json
[29авг.2026 23:00:41.250] [Worker-ResourceReload-5/WARN] [net.minecraft.client.resources.model.ModelBakery/]: Unable to load model: 'quark:block/yellow_frame_map' referenced from: quark:item/yellow_frame_map: java.io.FileNotFoundException: quark:models/block/yellow_frame_map.json
[29авг.2026 23:00:41.252] [Worker-ResourceReload-5/WARN] [ModernFix/]: Model quark:tiny_potato#standalone is missing, but was requested in model bake event. Returning missing model
[29авг.2026 23:00:41.253] [Worker-ResourceReload-5/WARN] [ModernFix/]: Posting dynamic ModelEvent.ModifyBakingResult to mods took 20.90 s, breakdown below:
[29авг.2026 23:00:41.258] [Worker-ResourceReload-5/WARN] [ModernFix/]:     dragonlib: 15.76 s
[29авг.2026 23:00:41.258] [Worker-ResourceReload-5/WARN] [ModernFix/]:     easyanvils: 2.615 s
[29авг.2026 23:00:41.258] [Worker-ResourceReload-5/WARN] [ModernFix/]:     create: 1.518 s
[29авг.2026 23:00:41.258] [Worker-ResourceReload-5/WARN] [ModernFix/]:     modernfix: 846.9 ms
[29авг.2026 23:00:41.258] [Worker-ResourceReload-5/WARN] [ModernFix/]:     createthrusters: 97.87 ms
[29авг.2026 23:00:41.268] [Render thread/INFO] [Veil/]: Loaded 0 shader redirects, 0 replacements
[29авг.2026 23:00:41.435] [Render thread/INFO] [Veil/]: Loaded 30 shaders from: pinwheel/shaders/program
[29авг.2026 23:00:41.624] [Worker-ResourceReload-1/INFO] [com.mrh0.createaddition.CreateAddition/]: Create Crafts & Additions Initialized!
[29авг.2026 23:00:41.634] [Worker-ResourceReload-0/INFO] [quark/]: added [item.quark.moss_paste] to CompostManager with chance 0.5
[29авг.2026 23:00:41.639] [Worker-ResourceReload-7/INFO] [snownee.jade.Jade/]: Start loading plugin from net.blay09.mods.balm.neoforge.compat.hudinfo.NeoForgeJadeModCompat
[29авг.2026 23:00:41.661] [Worker-ResourceReload-7/INFO] [snownee.jade.Jade/]: Start loading plugin from net.mehvahdjukaar.supplementaries.integration.JadeCompat
[29авг.2026 23:00:41.662] [Worker-ResourceReload-7/INFO] [snownee.jade.Jade/]: Start loading plugin from de.maxhenkel.corpse.integration.waila.PluginCorpse
[29авг.2026 23:00:41.663] [Worker-ResourceReload-7/INFO] [snownee.jade.Jade/]: Start loading plugin from snownee.jade.addon.JadeAddonsBase
[29авг.2026 23:00:41.688] [Worker-ResourceReload-7/INFO] [snownee.jade.Jade/]: Start loading plugin from dev.kvnmtz.createmobspawners.common.compat.waila.CreateMobSpawnersWailaPlugin
[29авг.2026 23:00:41.688] [Worker-ResourceReload-7/INFO] [snownee.jade.Jade/]: Start loading plugin from com.hollingsworth.arsnouveau.client.waila.WailaArsNouveauPlugin
[29авг.2026 23:00:41.689] [Worker-ResourceReload-7/INFO] [snownee.jade.Jade/]: Start loading plugin from de.theidler.create_mobile_packages.compat.jade.JadePlugin
[29авг.2026 23:00:41.690] [Worker-ResourceReload-7/INFO] [snownee.jade.Jade/]: Start loading plugin from dev.ftb.mods.ftbxmodcompat.generic.jade.JadePlugin
[29авг.2026 23:00:41.691] [Worker-ResourceReload-7/INFO] [snownee.jade.Jade/]: Start loading plugin from snownee.jade.addon.vanilla.VanillaPlugin
[29авг.2026 23:00:41.713] [Worker-ResourceReload-7/INFO] [snownee.jade.Jade/]: Start loading plugin from snownee.jade.addon.universal.UniversalPlugin
[29авг.2026 23:00:41.717] [Worker-ResourceReload-7/INFO] [snownee.jade.Jade/]: Start loading plugin from snownee.jade.addon.debug.DebugPlugin
[29авг.2026 23:00:41.720] [Worker-ResourceReload-7/INFO] [snownee.jade.Jade/]: Start loading plugin from snownee.jade.addon.core.CorePlugin
[29авг.2026 23:00:41.723] [Worker-ResourceReload-7/INFO] [snownee.jade.Jade/]: Start loading plugin from snownee.jade.addon.access.AccessibilityPlugin
[29авг.2026 23:00:41.726] [Worker-ResourceReload-7/INFO] [snownee.jade.Jade/]: Start loading plugin from org.violetmoon.quark.integration.jade.QuarkJadePlugin
[29авг.2026 23:00:41.726] [Worker-ResourceReload-7/INFO] [snownee.jade.Jade/]: Start loading plugin from dev.mgcode.sablejade.SableJadePlugin
[29авг.2026 23:00:41.728] [Worker-ResourceReload-7/INFO] [snownee.jade.Jade/]: Start loading plugin from dev.averageanime.compat.jade.CreateFoodJadePlugin
[29авг.2026 23:00:41.784] [Worker-ResourceReload-5/INFO] [com.happysg.radar.CreateRadar/]: Registering Ponder!
[29авг.2026 23:00:41.881] [Worker-ResourceReload-5/INFO] [PonderIndex/]: Registering Ponder Scenes took 256.5 ms
[29авг.2026 23:00:41.894] [Worker-ResourceReload-5/INFO] [PonderIndex/]: Registering Ponder Tags took 12.55 ms
[29авг.2026 23:00:41.993] [Render thread/WARN] [com.rieno.gadgetsandgizmos.neoforge.client.CTClientBootstrap/]: [CT][Ponder] Injected fallback CTPonderPlugin because no CT scenes were discoverable
[29авг.2026 23:00:41.993] [Render thread/INFO] [PonderIndex/]: Reloading all Ponder Plugins ...
[29авг.2026 23:00:41.998] [Render thread/INFO] [com.happysg.radar.CreateRadar/]: Registering Ponder!
[29авг.2026 23:00:42.002] [Render thread/INFO] [PonderIndex/]: Registering Ponder Scenes took 8.184 ms
[29авг.2026 23:00:42.005] [Render thread/INFO] [PonderIndex/]: Registering Ponder Tags took 3.113 ms
[29авг.2026 23:00:42.006] [Render thread/INFO] [PonderIndex/]: Collecting Shared Ponder Text took 797.7 μs
[29авг.2026 23:00:42.006] [Render thread/INFO] [PonderIndex/]: Reloading Ponder Plugins took 13.20 ms
[29авг.2026 23:00:42.006] [Render thread/INFO] [com.rieno.gadgetsandgizmos.neoforge.client.CTClientBootstrap/]: [CT][Ponder] Registered plugins for mod id createthrusters=1, thruster scenes discoverable=true
[29авг.2026 23:00:42.489] [Render thread/WARN] [net.minecraft.client.resources.language.ClientLanguage/]: Skipped language file: cmpackagecouriers:lang/ru_ru.json (com.google.gson.JsonSyntaxException: com.google.gson.stream.MalformedJsonException: Unterminated object at line 43 column 4 path $.item.cmpackagecouriers.portable_stock_ticker.tooltip.behaviour2)
[29авг.2026 23:00:42.563] [Render thread/WARN] [net.minecraft.client.sounds.SoundEngine/]: Missing sound for event: minecraft:item.goat_horn.play
[29авг.2026 23:00:42.564] [Render thread/WARN] [net.minecraft.client.sounds.SoundEngine/]: Missing sound for event: minecraft:entity.goat.screaming.horn_break
[29авг.2026 23:00:42.564] [Render thread/WARN] [net.minecraft.client.sounds.SoundEngine/]: Missing sound for event: supplementaries:entity.plunderer.cannon_use
[29авг.2026 23:00:42.608] [Render thread/INFO] [com.mojang.blaze3d.audio.Library/]: OpenAL initialized on device OpenAL Soft on Динамики (USB Audio CODEC )
[29авг.2026 23:00:42.609] [Render thread/INFO] [net.minecraft.client.sounds.SoundEngine/SOUNDS]: Sound engine started
[29авг.2026 23:00:42.612] [Render thread/INFO] [net.minecraft.client.sounds.SoundEngine/]: [FANCYMENU] Reloading AudioResourceHandler after Minecraft SoundEngine reload..
[29авг.2026 23:00:42.709] [Render thread/INFO] [com.teamabnormals.blueprint.core.Blueprint/]: Endimation Loader has loaded 1 endimations
[29авг.2026 23:00:42.709] [Render thread/INFO] [net.minecraft.client.renderer.texture.TextureAtlas/]: Created: 8192x4096x4 minecraft:textures/atlas/blocks.png-atlas
[29авг.2026 23:00:42.889] [Render thread/INFO] [net.minecraft.client.renderer.texture.TextureAtlas/]: Created: 512x512x4 minecraft:textures/atlas/signs.png-atlas
[29авг.2026 23:00:42.897] [Render thread/INFO] [net.minecraft.client.renderer.texture.TextureAtlas/]: Created: 512x512x4 minecraft:textures/atlas/shield_patterns.png-atlas
[29авг.2026 23:00:42.903] [Render thread/INFO] [net.minecraft.client.renderer.texture.TextureAtlas/]: Created: 1024x512x4 minecraft:textures/atlas/banner_patterns.png-atlas
[29авг.2026 23:00:42.910] [Render thread/INFO] [net.minecraft.client.renderer.texture.TextureAtlas/]: Created: 2048x2048x4 minecraft:textures/atlas/armor_trims.png-atlas
[29авг.2026 23:00:42.927] [Render thread/INFO] [net.minecraft.client.renderer.texture.TextureAtlas/]: Created: 1024x1024x4 minecraft:textures/atlas/chest.png-atlas
[29авг.2026 23:00:42.934] [Render thread/INFO] [net.minecraft.client.renderer.texture.TextureAtlas/]: Created: 128x64x4 minecraft:textures/atlas/decorated_pot.png-atlas
[29авг.2026 23:00:42.938] [Render thread/INFO] [net.minecraft.client.renderer.texture.TextureAtlas/]: Created: 512x256x4 minecraft:textures/atlas/shulker_boxes.png-atlas
[29авг.2026 23:00:42.941] [Render thread/INFO] [net.minecraft.client.renderer.texture.TextureAtlas/]: Created: 512x256x4 minecraft:textures/atlas/beds.png-atlas
[29авг.2026 23:00:44.314] [Render thread/INFO] [net.minecraft.client.renderer.texture.TextureAtlas/]: Created: 2048x1024x0 minecraft:textures/atlas/particles.png-atlas
[29авг.2026 23:00:44.323] [Render thread/INFO] [net.minecraft.client.renderer.texture.TextureAtlas/]: Created: 1024x512x0 minecraft:textures/atlas/paintings.png-atlas
[29авг.2026 23:00:44.327] [Render thread/INFO] [net.minecraft.client.renderer.texture.TextureAtlas/]: Created: 256x128x0 minecraft:textures/atlas/mob_effects.png-atlas
[29авг.2026 23:00:44.330] [Render thread/INFO] [net.minecraft.client.renderer.texture.TextureAtlas/]: Created: 256x256x0 minecraft:textures/atlas/map_decorations.png-atlas
[29авг.2026 23:00:44.333] [Render thread/INFO] [net.minecraft.client.renderer.texture.TextureAtlas/]: Created: 1024x1024x0 minecraft:textures/atlas/gui.png-atlas
[29авг.2026 23:00:44.488] [Render thread/WARN] [net.minecraft.client.renderer.ShaderInstance/]: Shader rendertype_entity_translucent_emissive could not find sampler named Sampler2 in the specified shader program.
[29авг.2026 23:00:44.848] [Render thread/WARN] [net.minecraft.client.renderer.ShaderInstance/]: Shader ars_nouveau:rainbow_entity could not find uniform named IViewRotMat in the specified shader program.
[29авг.2026 23:00:44.855] [Render thread/WARN] [net.minecraft.client.renderer.ShaderInstance/]: Shader ars_nouveau:blamed_entity could not find uniform named IViewRotMat in the specified shader program.
[29авг.2026 23:00:44.866] [Render thread/WARN] [Veil/]: Shader computercraft/monitor_tbo could not find uniform named CursorColour in the specified shader program.
[29авг.2026 23:00:44.866] [Render thread/WARN] [Veil/]: Shader computercraft/monitor_tbo could not find uniform named CursorPos in the specified shader program.
[29авг.2026 23:00:44.866] [Render thread/WARN] [Veil/]: Shader computercraft/monitor_tbo could not find uniform named Height in the specified shader program.
[29авг.2026 23:00:44.866] [Render thread/WARN] [Veil/]: Shader computercraft/monitor_tbo could not find uniform named Width in the specified shader program.
[29авг.2026 23:00:44.928] [Render thread/WARN] [net.minecraft.client.renderer.ShaderInstance/]: Shader createthrusterslib:area_highlight could not find sampler named Sampler0 in the specified shader program.
[29авг.2026 23:00:44.958] [Render thread/WARN] [net.minecraft.client.renderer.ShaderInstance/]: Shader position_tex_blur could not find uniform named ColorModulator in the specified shader program.
[29авг.2026 23:00:44.966] [Render thread/WARN] [net.minecraft.client.renderer.ShaderInstance/]: Shader position_tex_blur_horizontal could not find uniform named ColorModulator in the specified shader program.
[29авг.2026 23:00:44.974] [Render thread/WARN] [net.minecraft.client.renderer.ShaderInstance/]: Shader position_tex_blur_vertical could not find uniform named ColorModulator in the specified shader program.
[29авг.2026 23:00:45.071] [Render thread/INFO] [net.neoforged.neoforge.client.entity.animation.json.AnimationLoader/]: Loaded 0 entity animations
[29авг.2026 23:00:45.071] [Render thread/INFO] [Veil/]: Loaded 3 framebuffers
[29авг.2026 23:00:45.091] [Render thread/INFO] [Veil/]: Loaded 6 post pipelines
[29авг.2026 23:00:45.098] [Render thread/INFO] [Veil/]: Loaded 4 render types
[29авг.2026 23:00:45.098] [Render thread/INFO] [Veil/]: Enabled bloom pipeline
[29авг.2026 23:00:45.099] [Render thread/INFO] [Veil/]: Loaded 0 quasar particles
[29авг.2026 23:00:45.099] [Render thread/INFO] [Veil/]: Loaded 0 templates
[29авг.2026 23:00:45.099] [Render thread/INFO] [Veil/]: Loaded 0 modules
[29авг.2026 23:00:45.109] [Render thread/INFO] [net.minecraft.client.renderer.texture.TextureAtlas/]: Created: 256x256x0 jei:textures/atlas/gui.png-atlas
[29авг.2026 23:00:45.883] [Render thread/INFO] [Veil/]: Compiled 75 vanilla shaders in 943.2 ms
[29авг.2026 23:00:45.890] [Render thread/INFO] [patchouli/]: BookContentResourceListenerLoader preloaded 357 jsons
[29авг.2026 23:00:47.097] [Render thread/INFO] [xaero.lib.XaeroLib/]: Successfully reloaded the XaeroLib shaders!
[29авг.2026 23:00:47.097] [Render thread/INFO] [com.teamabnormals.blueprint.core.Blueprint/]: Blueprint Splash Manager has loaded 0 splashes
[29авг.2026 23:00:47.103] [Render thread/INFO] [de.keksuccino.fancymenu.util.resource.ResourceHandlers/]: [FANCYMENU] Reloading resources..
[29авг.2026 23:00:47.109] [Render thread/INFO] [de.keksuccino.fancymenu.util.resource.preload.ResourcePreLoader/]: [FANCYMENU] Pre-loading resources..
[29авг.2026 23:00:47.139] [Render thread/INFO] [flywheel/backend/shaders/]: Loaded 108 shader sources in 25,902 ms
[29авг.2026 23:00:47.176] [Render thread/INFO] [com.simibubi.create.Create/]: Loaded 59 train hat configurations.
[29авг.2026 23:00:47.207] [Render thread/INFO] [de.keksuccino.fancymenu.util.resource.resources.audio.AudioEngineReloadHandler/]: [FANCYMENU] Sound engine reload detected. Releasing cached audio resources.
[29авг.2026 23:00:47.245] [Render thread/INFO] [de.keksuccino.fancymenu.customization.layer.ScreenCustomizationLayerHandler/]: [FANCYMENU] Minecraft resource reload: FINISHED
[29авг.2026 23:00:47.245] [Render thread/INFO] [Entity Texture Features/]: [ETF]: reloading ETF data.
[29авг.2026 23:00:47.248] [Render thread/INFO] [Entity Texture Features/]: [ETF]: emissive suffixes loaded: [_e]
[29авг.2026 23:00:47.263] [Render thread/INFO] [Entity Texture Features/]: [ETF]: emissive suffixes loaded: [_e]
[29авг.2026 23:00:47.347] [Render thread/INFO] [DistantHorizons-DistantHorizons-com.seibel.distanthorizons.core.jar.updater.SelfUpdater/]: Distant Horizons auto update disabled.
[29авг.2026 23:00:47.351] [Render thread/INFO] [de.keksuccino.fancymenu.customization.layer.ScreenCustomizationLayerHandler/]: [FANCYMENU] ScreenCustomizationLayer registered: net.neoforged.neoforge.client.gui.LoadingErrorScreen
[29авг.2026 23:00:47.479] [Render thread/WARN] [Veil/]: Shader computercraft/monitor_tbo could not find uniform named CursorColour in the specified shader program.
[29авг.2026 23:00:47.479] [Render thread/WARN] [Veil/]: Shader computercraft/monitor_tbo could not find uniform named CursorPos in the specified shader program.
[29авг.2026 23:00:47.479] [Render thread/WARN] [Veil/]: Shader computercraft/monitor_tbo could not find uniform named Height in the specified shader program.
[29авг.2026 23:00:47.479] [Render thread/WARN] [Veil/]: Shader computercraft/monitor_tbo could not find uniform named Width in the specified shader program.
[29авг.2026 23:00:47.972] [Render thread/WARN] [net.minecraft.client.renderer.ShaderInstance/]: Shader ars_nouveau:rainbow_entity could not find uniform named IViewRotMat in the specified shader program.
[29авг.2026 23:00:48.606] [Render thread/WARN] [net.minecraft.client.renderer.ShaderInstance/]: Shader ars_nouveau:blamed_entity could not find uniform named IViewRotMat in the specified shader program.
[29авг.2026 23:00:48.721] [Render thread/INFO] [Veil/]: Finished uploading vanilla shaders
[29авг.2026 23:00:49.228] [Render thread/INFO] [de.keksuccino.fancymenu.util.window.WindowHandler/]: [FANCYMENU] Custom window icon successfully updated!
[29авг.2026 23:00:49.256] [Render thread/WARN] [ModernFix/]: Game took 83.34 seconds to start
[29авг.2026 23:00:50.366] [NeoForge Version Check/WARN] [net.neoforged.fml.VersionChecker/]: Failed to process update information
java.net.http.HttpConnectTimeoutException: HTTP connect timed out
	at java.net.http/jdk.internal.net.http.HttpClientImpl.send(HttpClientImpl.java:946) ~[java.net.http:?]
	at java.net.http/jdk.internal.net.http.HttpClientFacade.send(HttpClientFacade.java:133) ~[java.net.http:?]
	at MC-BOOTSTRAP/fml_loader@4.0.43/net.neoforged.fml.VersionChecker$1.openUrlString(VersionChecker.java:129) ~[loader-4.0.43.jar%23107!/:4.0]
	at MC-BOOTSTRAP/fml_loader@4.0.43/net.neoforged.fml.VersionChecker$1.process(VersionChecker.java:162) ~[loader-4.0.43.jar%23107!/:4.0]
	at java.base/java.lang.Iterable.forEach(Iterable.java:75) [?:?]
	at MC-BOOTSTRAP/fml_loader@4.0.43/net.neoforged.fml.VersionChecker$1.run(VersionChecker.java:105) [loader-4.0.43.jar%23107!/:4.0]
Caused by: java.net.http.HttpConnectTimeoutException: HTTP connect timed out
	at java.net.http/jdk.internal.net.http.ResponseTimerEvent.handle(ResponseTimerEvent.java:68) ~[java.net.http:?]
	at java.net.http/jdk.internal.net.http.HttpClientImpl.purgeTimeoutsAndReturnNextDeadline(HttpClientImpl.java:1781) ~[java.net.http:?]
	at java.net.http/jdk.internal.net.http.HttpClientImpl$SelectorManager.run(HttpClientImpl.java:1379) ~[java.net.http:?]
Caused by: java.net.ConnectException: HTTP connect timed out
	at java.net.http/jdk.internal.net.http.ResponseTimerEvent.handle(ResponseTimerEvent.java:69) ~[java.net.http:?]
	at java.net.http/jdk.internal.net.http.HttpClientImpl.purgeTimeoutsAndReturnNextDeadline(HttpClientImpl.java:1781) ~[java.net.http:?]
	at java.net.http/jdk.internal.net.http.HttpClientImpl$SelectorManager.run(HttpClientImpl.java:1379) ~[java.net.http:?]
[29авг.2026 23:00:50.366] [NeoForge Version Check/INFO] [net.neoforged.fml.VersionChecker/]: [create] Starting version check at https://api.modrinth.com/updates/create/forge_updates.json?neoforge=only
[29авг.2026 23:00:50.757] [NeoForge Version Check/INFO] [net.neoforged.fml.VersionChecker/]: [create] Found status: OUTDATED Current: 6.0.10 Target: 6.0.10+mc1.21.1
[29авг.2026 23:00:50.757] [NeoForge Version Check/INFO] [net.neoforged.fml.VersionChecker/]: [sliceanddice] Starting version check at https://api.modrinth.com/updates/slice-and-dice/forge_updates.json?neoforge=only
[29авг.2026 23:00:50.971] [NeoForge Version Check/INFO] [net.neoforged.fml.VersionChecker/]: [sliceanddice] Found status: UP_TO_DATE Current: 4.3.3 Target: null
[29авг.2026 23:02:52.141] [Render thread/INFO] [com.cupboard.Cupboard/]: Loaded config for: lootintegrations.json
[29авг.2026 23:02:52.146] [Render thread/INFO] [com.cupboard.Cupboard/]: Loaded config for: smoothchunk.json
[29авг.2026 23:02:52.152] [Render thread/INFO] [de.keksuccino.fancymenu.customization.layer.ScreenCustomizationLayerHandler/]: [FANCYMENU] ScreenCustomizationLayer registered: com.maxenonyme.createsubmarine.submarine.client.DeepSeasWelcomeScreen
[29авг.2026 23:02:59.898] [Render thread/INFO] [de.keksuccino.fancymenu.customization.layer.ScreenCustomizationLayerHandler/]: [FANCYMENU] ScreenCustomizationLayer registered: com.maxenonyme.createsubmarine.submarine.client.HullStrengthConfigScreen
[29авг.2026 23:03:04.903] [Render thread/INFO] [de.keksuccino.fancymenu.customization.layer.ScreenCustomizationLayerHandler/]: [FANCYMENU] ScreenCustomizationLayer registered: title_screen
[29авг.2026 23:03:04.918] [Render thread/INFO] [Iris/]: Creating pipeline for dimension minecraft:overworld
[29авг.2026 23:03:06.636] [Render thread/INFO] [de.keksuccino.fancymenu.customization.layer.ScreenCustomizationLayerHandler/]: [FANCYMENU] ScreenCustomizationLayer registered: select_world_screen
[29авг.2026 23:03:07.333] [Render thread/WARN] [net.neoforged.neoforge.common.CommonHooks/WP]: The following mods have version differences that were not resolved:
create_central_kitchen (version 2.5.0 -> 2.6.0)
escalated (version 1.3.1 -> 1.3.2)
sable (version 2.0.3 -> 2.0.5)
veil (version 4.1.4 -> 4.3.2)
Things may not work well.
[29авг.2026 23:03:07.647] [Render thread/INFO] [com.simibubi.create.Create/]: Created 209 recipes which will be injected into the game
[29авг.2026 23:03:07.650] [Render thread/INFO] [com.simibubi.create.Create/]: Created 0 tags which will be injected into the game
[29авг.2026 23:03:07.657] [Render thread/INFO] [plus.dragons.createdragonsplus.data.runtime.RuntimePackResources/]: Starting provider [plus.dragons.createdragonsplus.data.internal.CDPRuntimeRecipeProvider@506bd4e2] for runtime resource [create_dragons_plus:runtime]
[29авг.2026 23:03:07.686] [Render thread/INFO] [plus.dragons.createdragonsplus.data.runtime.RuntimePackResources/]: plus.dragons.createdragonsplus.data.internal.CDPRuntimeRecipeProvider@506bd4e2 finished after 29 ms
[29авг.2026 23:03:07.689] [Render thread/INFO] [plus.dragons.createdragonsplus.data.runtime.RuntimePackResources/]: Starting provider [plus.dragons.createcentralkitchen.data.CCKBlockTags@1c24e6af] for runtime resource [create_central_kitchen:runtime]
[29авг.2026 23:03:07.702] [Render thread/INFO] [plus.dragons.createdragonsplus.data.runtime.RuntimePackResources/]: plus.dragons.createcentralkitchen.data.CCKBlockTags@1c24e6af finished after 12 ms
[29авг.2026 23:03:07.702] [Render thread/INFO] [plus.dragons.createdragonsplus.data.runtime.RuntimePackResources/]: Starting provider [plus.dragons.createcentralkitchen.data.CCKItemTags@39d102f] for runtime resource [create_central_kitchen:runtime]
[29авг.2026 23:03:07.703] [Render thread/INFO] [plus.dragons.createdragonsplus.data.runtime.RuntimePackResources/]: plus.dragons.createcentralkitchen.data.CCKItemTags@39d102f finished after 0 ms
[29авг.2026 23:03:07.765] [Render thread/INFO] [Backpacked/]: Looking for Backpacked addons in 'resourcepacks'
[29авг.2026 23:03:07.771] [Render thread/INFO] [Backpacked/]: Found 0 Backpacked addons
[29авг.2026 23:03:07.807] [Render thread/INFO] [com.teamabnormals.blueprint.core.Blueprint/]: Successfully loaded 0 data remolders!
[29авг.2026 23:03:07.810] [Render thread/INFO] [Moonlight/]: Resource cache state for SERVER_DATA: needs regeneration
[29авг.2026 23:03:07.811] [Render thread/INFO] [Moonlight/]: Deleting directory: C:\Users\Mike\AppData\Roaming\.minecraft\versions\create new\dynamic-data-pack-cache\supplementaries-generated_pack
[29авг.2026 23:03:07.812] [Render thread/INFO] [Moonlight/]: Cleared cache pack resources at C:\Users\Mike\AppData\Roaming\.minecraft\versions\create new\dynamic-data-pack-cache\supplementaries-generated_pack in 1.240 ms
[29авг.2026 23:03:07.812] [Render thread/INFO] [Moonlight/]: Starting runtime resource generation for pack type SERVER_DATA with generators [amendments:generated_server_pack, supplementaries:generated_pack]
[29авг.2026 23:03:07.839] [Render thread/INFO] [Moonlight/]: Regenerating Dynamic SERVER_DATA Resources Provider [amendments:generated_server_pack], requested by strategy REGEN_ON_EVERY_RELOAD
[29авг.2026 23:03:07.843] [Render thread/INFO] [Moonlight/]: Generated runtime SERVER_DATA for pack amendments:generated_server_pack in 4.825 ms
[29авг.2026 23:03:07.844] [Render thread/INFO] [Moonlight/]: Regenerating Dynamic SERVER_DATA Resources Provider [supplementaries:generated_pack], requested by strategy CACHED_FOLDER
[29авг.2026 23:03:07.861] [pool-20-thread-9/WARN] [Supplementaries/]: Could not find Sign for wood createdieselgenerators:chip_wood. Does this block even exist? It should! Skipping way sign recipe generation
[29авг.2026 23:03:07.864] [pool-20-thread-9/INFO] [Supplementaries/]: Generated 14 sign post recipes
[29авг.2026 23:03:07.888] [Render thread/INFO] [Moonlight/]: Generated runtime SERVER_DATA for pack supplementaries:generated_pack in 44.36 ms
[29авг.2026 23:03:07.890] [Render thread/INFO] [Moonlight/]: Populated search tree for pack at C:\Users\Mike\AppData\Roaming\.minecraft\versions\create new\dynamic-data-pack-cache\supplementaries-generated_pack in 1.674 ms
[29авг.2026 23:03:07.890] [Render thread/INFO] [Moonlight/]: Finished runtime resources generation for 2 packs in a total of 78.10 ms 
[29авг.2026 23:03:09.137] [Worker-ResourceReload-9/ERROR] [net.minecraft.world.level.storage.loot.LootDataType/]: Couldn't parse element ResourceKey[minecraft:root / minecraft:loot_table]:dndecor:blocks/rose_large_fan - Unknown registry key in ResourceKey[minecraft:root / minecraft:item]: dndecor:rose_large_fan
[29авг.2026 23:03:09.138] [Worker-ResourceReload-9/ERROR] [net.minecraft.world.level.storage.loot.LootDataType/]: Couldn't parse element ResourceKey[minecraft:root / minecraft:loot_table]:dndecor:blocks/slate_dark_metal_plating - Unknown registry key in ResourceKey[minecraft:root / minecraft:item]: dndecor:slate_dark_metal_plating
[29авг.2026 23:03:09.140] [Worker-ResourceReload-9/ERROR] [net.minecraft.world.level.storage.loot.LootDataType/]: Couldn't parse element ResourceKey[minecraft:root / minecraft:loot_table]:dndecor:blocks/indigo_container - Unknown registry key in ResourceKey[minecraft:root / minecraft:item]: dndecor:indigo_container
[29авг.2026 23:03:09.140] [Worker-ResourceReload-9/ERROR] [net.minecraft.world.level.storage.loot.LootDataType/]: Couldn't parse element ResourceKey[minecraft:root / minecraft:loot_table]:dndecor:blocks/tan_dark_metal_plating - Unknown registry key in ResourceKey[minecraft:root / minecraft:item]: dndecor:tan_dark_metal_plating
[29авг.2026 23:03:09.146] [Worker-ResourceReload-9/ERROR] [net.minecraft.world.level.storage.loot.LootDataType/]: Couldn't parse element ResourceKey[minecraft:root / minecraft:loot_table]:create_connected:blocks/dye_depot_amber_fan_dyeing_catalyst - Unknown registry key in ResourceKey[minecraft:root / minecraft:item]: create_connected:dye_depot_amber_fan_dyeing_catalyst
[29авг.2026 23:03:09.149] [Worker-ResourceReload-9/ERROR] [net.minecraft.world.level.storage.loot.LootDataType/]: Couldn't parse element ResourceKey[minecraft:root / minecraft:loot_table]:dndecor:blocks/slate_dark_metal_block - Unknown registry key in ResourceKey[minecraft:root / minecraft:item]: dndecor:slate_dark_metal_block
[29авг.2026 23:03:09.155] [Worker-ResourceReload-9/ERROR] [net.minecraft.world.level.storage.loot.LootDataType/]: Couldn't parse element ResourceKey[minecraft:root / minecraft:loot_table]:dndecor:blocks/navy_large_fan - Unknown registry key in ResourceKey[minecraft:root / minecraft:item]: dndecor:navy_large_fan
[29авг.2026 23:03:09.164] [Worker-ResourceReload-9/ERROR] [net.minecraft.world.level.storage.loot.LootDataType/]: Couldn't parse element ResourceKey[minecraft:root / minecraft:loot_table]:dndecor:blocks/maroon_dark_metal_plating - Unknown registry key in ResourceKey[minecraft:root / minecraft:item]: dndecor:maroon_dark_metal_plating
[29авг.2026 23:03:09.170] [Worker-ResourceReload-9/ERROR] [net.minecraft.world.level.storage.loot.LootDataType/]: Couldn't parse element ResourceKey[minecraft:root / minecraft:loot_table]:dndecor:blocks/slate_small_deepslate_tiles - Unknown registry key in ResourceKey[minecraft:root / minecraft:item]: dndecor:slate_small_deepslate_tiles
[29авг.2026 23:03:09.172] [Worker-ResourceReload-9/ERROR] [net.minecraft.world.level.storage.loot.LootDataType/]: Couldn't parse element ResourceKey[minecraft:root / minecraft:loot_table]:dndecor:blocks/tan_small_deepslate_tiles - Unknown registry key in ResourceKey[minecraft:root / minecraft:item]: dndecor:tan_small_deepslate_tiles
[29авг.2026 23:03:09.173] [Worker-ResourceReload-9/ERROR] [net.minecraft.world.level.storage.loot.LootDataType/]: Couldn't parse element ResourceKey[minecraft:root / minecraft:loot_table]:dndecor:blocks/indigo_display_board - Unknown registry key in ResourceKey[minecraft:root / minecraft:item]: dndecor:indigo_display_board
[29авг.2026 23:03:09.175] [Worker-ResourceReload-9/ERROR] [net.minecraft.world.level.storage.loot.LootDataType/]: Couldn't parse element ResourceKey[minecraft:root / minecraft:loot_table]:dndecor:blocks/tan_large_fan - Unknown registry key in ResourceKey[minecraft:root / minecraft:item]: dndecor:tan_large_fan
[29авг.2026 23:03:09.176] [Worker-ResourceReload-9/ERROR] [net.minecraft.world.level.storage.loot.LootDataType/]: Couldn't parse element ResourceKey[minecraft:root / minecraft:loot_table]:dndecor:blocks/ginger_large_fan - Unknown registry key in ResourceKey[minecraft:root / minecraft:item]: dndecor:ginger_large_fan
[29авг.2026 23:03:09.179] [Worker-ResourceReload-9/ERROR] [net.minecraft.world.level.storage.loot.LootDataType/]: Couldn't parse element ResourceKey[minecraft:root / minecraft:loot_table]:dndecor:blocks/aqua_container - Unknown registry key in ResourceKey[minecraft:root / minecraft:item]: dndecor:aqua_container
[29авг.2026 23:03:09.187] [Worker-ResourceReload-9/ERROR] [net.minecraft.world.level.storage.loot.LootDataType/]: Couldn't parse element ResourceKey[minecraft:root / minecraft:loot_table]:dndecor:blocks/forest_dark_metal_plating - Unknown registry key in ResourceKey[minecraft:root / minecraft:item]: dndecor:forest_dark_metal_plating
[29авг.2026 23:03:09.188] [Worker-ResourceReload-9/ERROR] [net.minecraft.world.level.storage.loot.LootDataType/]: Couldn't parse element ResourceKey[minecraft:root / minecraft:loot_table]:dndecor:blocks/verdant_cogwheel - Unknown registry key in ResourceKey[minecraft:root / minecraft:item]: dndecor:verdant_cogwheel
[29авг.2026 23:03:09.188] [Worker-ResourceReload-9/ERROR] [net.minecraft.world.level.storage.loot.LootDataType/]: Couldn't parse element ResourceKey[minecraft:root / minecraft:loot_table]:dndecor:blocks/verdant_industrial_cogwheel - Unknown registry key in ResourceKey[minecraft:root / minecraft:item]: dndecor:verdant_industrial_cogwheel
[29авг.2026 23:03:09.190] [Worker-ResourceReload-9/ERROR] [net.minecraft.world.level.storage.loot.LootDataType/]: Couldn't parse element ResourceKey[minecraft:root / minecraft:loot_table]:dndecor:blocks/coral_cogwheel - Unknown registry key in ResourceKey[minecraft:root / minecraft:item]: dndecor:coral_cogwheel
[29авг.2026 23:03:09.196] [Worker-ResourceReload-9/ERROR] [net.minecraft.world.level.storage.loot.LootDataType/]: Couldn't parse element ResourceKey[minecraft:root / minecraft:loot_table]:dndecor:blocks/forest_velvet_block - Unknown registry key in ResourceKey[minecraft:root / minecraft:item]: dndecor:forest_velvet_block
[29авг.2026 23:03:09.197] [Worker-ResourceReload-9/ERROR] [net.minecraft.world.level.storage.loot.LootDataType/]: Couldn't parse element ResourceKey[minecraft:root / minecraft:loot_table]:dndecor:blocks/beige_stone_metal - Unknown registry key in ResourceKey[minecraft:root / minecraft:item]: dndecor:beige_stone_metal
[29авг.2026 23:03:09.204] [Worker-ResourceReload-9/ERROR] [net.minecraft.world.level.storage.loot.LootDataType/]: Couldn't parse element ResourceKey[minecraft:root / minecraft:loot_table]:idas:chests/dread_citadel/dread_citadel - Unknown registry key in ResourceKey[minecraft:root / minecraft:item]: iceandfire:dread_knight_sword; Unknown registry key in ResourceKey[minecraft:root / minecraft:item]: iceandfire:dread_sword; Unknown registry key in ResourceKey[minecraft:root / minecraft:item]: iceandfire:dragonarmor_iron_tail; Unknown registry key in ResourceKey[minecraft:root / minecraft:item]: iceandfire:dragonarmor_iron_body; Unknown registry key in ResourceKey[minecraft:root / minecraft:item]: iceandfire:dragonarmor_iron_neck; Unknown registry key in ResourceKey[minecraft:root / minecraft:item]: iceandfire:dragonarmor_iron_head; Unknown registry key in ResourceKey[minecraft:root / minecraft:item]: iceandfire:dread_key; Unknown registry key in ResourceKey[minecraft:root / minecraft:item]: iceandfire:dragon_flute; Unknown registry key in ResourceKey[minecraft:root / minecraft:item]: iceandfire:ice_dragon_flesh; Unknown registry key in ResourceKey[minecraft:root / minecraft:item]: iceandfire:sapphire_gem; Unknown registry key in ResourceKey[minecraft:root / minecraft:item]: iceandfire:ice_dragon_heart; Unknown registry key in ResourceKey[minecraft:root / minecraft:item]: iceandfire:ice_dragon_blood; Unknown registry key in ResourceKey[minecraft:root / minecraft:item]: iceandfire:dragon_ice; Unknown registry key in ResourceKey[minecraft:root / minecraft:item]: iceandfire:manuscript; Unknown registry key in ResourceKey[minecraft:root / minecraft:item]: iceandfire:dragonbone; Unknown registry key in ResourceKey[minecraft:root / minecraft:item]: iceandfire:silver_ingot; Unknown registry key in ResourceKey[minecraft:root / minecraft:item]: iceandfire:ash; Unknown registry key in ResourceKey[minecraft:root / minecraft:item]: iceandfire:dread_torch; Unknown registry key in ResourceKey[minecraft:root / minecraft:item]: iceandfire:troll_tusk; Unknown registry key in ResourceKey[minecraft:root / minecraft:item]: iceandfire:witherbone; Unknown registry key in ResourceKey[minecraft:root / minecraft:item]: iceandfire:troll_leather_frost; Unknown registry key in ResourceKey[minecraft:root / minecraft:item]: iceandfire:dread_shard
[29авг.2026 23:03:09.204] [Worker-ResourceReload-9/ERROR] [net.minecraft.world.level.storage.loot.LootDataType/]: Couldn't parse element ResourceKey[minecraft:root / minecraft:loot_table]:dndecor:blocks/maroon_small_deepslate_tiles - Unknown registry key in ResourceKey[minecraft:root / minecraft:item]: dndecor:maroon_small_deepslate_tiles
[29авг.2026 23:03:09.210] [Worker-ResourceReload-9/ERROR] [net.minecraft.world.level.storage.loot.LootDataType/]: Couldn't parse element ResourceKey[minecraft:root / minecraft:loot_table]:dndecor:blocks/forest_dark_metal_block - Unknown registry key in ResourceKey[minecraft:root / minecraft:item]: dndecor:forest_dark_metal_block
[29авг.2026 23:03:09.213] [Worker-ResourceReload-9/ERROR] [net.minecraft.world.level.storage.loot.LootDataType/]: Couldn't parse element ResourceKey[minecraft:root / minecraft:loot_table]:dndecor:blocks/mint_large_metal_girder - Unknown registry key in ResourceKey[minecraft:root / minecraft:item]: dndecor:mint_large_metal_girder
[29авг.2026 23:03:09.215] [Worker-ResourceReload-9/ERROR] [net.minecraft.world.level.storage.loot.LootDataType/]: Couldn't parse element ResourceKey[minecraft:root / minecraft:loot_table]:dndecor:blocks/solid_forest_container - Unknown registry key in ResourceKey[minecraft:root / minecraft:item]: dndecor:solid_forest_container
[29авг.2026 23:03:09.216] [Worker-ResourceReload-9/ERROR] [net.minecraft.world.level.storage.loot.LootDataType/]: Couldn't parse element ResourceKey[minecraft:root / minecraft:loot_table]:dndecor:blocks/amber_container - Unknown registry key in ResourceKey[minecraft:root / minecraft:item]: dndecor:amber_container
[29авг.2026 23:03:09.225] [Worker-ResourceReload-9/ERROR] [net.minecraft.world.level.storage.loot.LootDataType/]: Couldn't parse element ResourceKey[minecraft:root / minecraft:loot_table]:dndecor:blocks/coral_sheet_metal - Unknown registry key in ResourceKey[minecraft:root / minecraft:item]: dndecor:coral_sheet_metal
[29авг.2026 23:03:09.229] [Worker-ResourceReload-9/ERROR] [net.minecraft.world.level.storage.loot.LootDataType/]: Couldn't parse element ResourceKey[minecraft:root / minecraft:loot_table]:dndecor:blocks/tan_large_industrial_cogwheel - Unknown registry key in ResourceKey[minecraft:root / minecraft:item]: dndecor:tan_large_industrial_cogwheel
[29авг.2026 23:03:09.231] [Worker-ResourceReload-9/ERROR] [net.minecraft.world.level.storage.loot.LootDataType/]: Couldn't parse element ResourceKey[minecraft:root / minecraft:loot_table]:dndecor:blocks/ginger_stone_metal - Unknown registry key in ResourceKey[minecraft:root / minecraft:item]: dndecor:ginger_stone_metal
[29авг.2026 23:03:09.238] [Worker-ResourceReload-9/ERROR] [net.minecraft.world.level.storage.loot.LootDataType/]: Couldn't parse element ResourceKey[minecraft:root / minecraft:loot_table]:dndecor:blocks/maroon_industrial_cogwheel - Unknown registry key in ResourceKey[minecraft:root / minecraft:item]: dndecor:maroon_industrial_cogwheel
[29авг.2026 23:03:09.240] [Worker-ResourceReload-9/ERROR] [net.minecraft.world.level.storage.loot.LootDataType/]: Couldn't parse element ResourceKey[minecraft:root / minecraft:loot_table]:dndecor:blocks/rose_cogwheel - Unknown registry key in ResourceKey[minecraft:root / minecraft:item]: dndecor:rose_cogwheel
[29авг.2026 23:03:09.241] [Worker-ResourceReload-9/ERROR] [net.minecraft.world.level.storage.loot.LootDataType/]: Couldn't parse element ResourceKey[minecraft:root / minecraft:loot_table]:dndecor:blocks/maroon_large_cogwheel - Unknown registry key in ResourceKey[minecraft:root / minecraft:item]: dndecor:maroon_large_cogwheel
[29авг.2026 23:03:09.243] [Worker-ResourceReload-9/ERROR] [net.minecraft.world.level.storage.loot.LootDataType/]: Couldn't parse element ResourceKey[minecraft:root / minecraft:loot_table]:dndecor:blocks/indigo_cogwheel - Unknown registry key in ResourceKey[minecraft:root / minecraft:item]: dndecor:indigo_cogwheel
[29авг.2026 23:03:09.245] [Worker-ResourceReload-9/ERROR] [net.minecraft.world.level.storage.loot.LootDataType/]: Couldn't parse element ResourceKey[minecraft:root / minecraft:loot_table]:create_enchantment_industry:blocks/gem_cutter - Unknown registry key in ResourceKey[minecraft:root / minecraft:item]: create_enchantment_industry:gem_cutter
[29авг.2026 23:03:09.252] [Worker-ResourceReload-9/ERROR] [net.minecraft.world.level.storage.loot.LootDataType/]: Couldn't parse element ResourceKey[minecraft:root / minecraft:loot_table]:dndecor:blocks/tan_dark_metal_block - Unknown registry key in ResourceKey[minecraft:root / minecraft:item]: dndecor:tan_dark_metal_block
[29авг.2026 23:03:09.253] [Worker-ResourceReload-9/ERROR] [net.minecraft.world.level.storage.loot.LootDataType/]: Couldn't parse element ResourceKey[minecraft:root / minecraft:loot_table]:dndecor:blocks/navy_flywheel - Unknown registry key in ResourceKey[minecraft:root / minecraft:item]: dndecor:navy_flywheel
[29авг.2026 23:03:09.254] [Worker-ResourceReload-9/ERROR] [net.minecraft.world.level.storage.loot.LootDataType/]: Couldn't parse element ResourceKey[minecraft:root / minecraft:loot_table]:dndecor:blocks/maroon_flywheel - Unknown registry key in ResourceKey[minecraft:root / minecraft:item]: dndecor:maroon_flywheel
[29авг.2026 23:03:09.257] [Worker-ResourceReload-9/ERROR] [net.minecraft.world.level.storage.loot.LootDataType/]: Couldn't parse element ResourceKey[minecraft:root / minecraft:loot_table]:dndecor:blocks/ginger_display_board - Unknown registry key in ResourceKey[minecraft:root / minecraft:item]: dndecor:ginger_display_board
[29авг.2026 23:03:09.258] [Worker-ResourceReload-9/ERROR] [net.minecraft.world.level.storage.loot.LootDataType/]: Couldn't parse element ResourceKey[minecraft:root / minecraft:loot_table]:dndecor:blocks/solid_maroon_container - Unknown registry key in ResourceKey[minecraft:root / minecraft:item]: dndecor:solid_maroon_container
[29авг.2026 23:03:09.259] [Worker-ResourceReload-9/ERROR] [net.minecraft.world.level.storage.loot.LootDataType/]: Couldn't parse element ResourceKey[minecraft:root / minecraft:loot_table]:dndecor:blocks/forest_flywheel - Unknown registry key in ResourceKey[minecraft:root / minecraft:item]: dndecor:forest_flywheel
[29авг.2026 23:03:09.262] [Worker-ResourceReload-9/ERROR] [net.minecraft.world.level.storage.loot.LootDataType/]: Couldn't parse element ResourceKey[minecraft:root / minecraft:loot_table]:dndecor:blocks/maroon_large_industrial_cogwheel - Unknown registry key in ResourceKey[minecraft:root / minecraft:item]: dndecor:maroon_large_industrial_cogwheel
[29авг.2026 23:03:09.262] [Worker-ResourceReload-9/ERROR] [net.minecraft.world.level.storage.loot.LootDataType/]: Couldn't parse element ResourceKey[minecraft:root / minecraft:loot_table]:dndecor:blocks/mint_sheet_metal - Unknown registry key in ResourceKey[minecraft:root / minecraft:item]: dndecor:mint_sheet_metal
[29авг.2026 23:03:09.266] [Worker-ResourceReload-9/ERROR] [net.minecraft.world.level.storage.loot.LootDataType/]: Couldn't parse element ResourceKey[minecraft:root / minecraft:loot_table]:dndecor:blocks/maroon_large_metal_girder - Unknown registry key in ResourceKey[minecraft:root / minecraft:item]: dndecor:maroon_large_metal_girder
[29авг.2026 23:03:09.271] [Worker-ResourceReload-9/ERROR] [net.minecraft.world.level.storage.loot.LootDataType/]: Couldn't parse element ResourceKey[minecraft:root / minecraft:loot_table]:dndecor:blocks/tan_flywheel - Unknown registry key in ResourceKey[minecraft:root / minecraft:item]: dndecor:tan_flywheel
[29авг.2026 23:03:09.273] [Worker-ResourceReload-9/ERROR] [net.minecraft.world.level.storage.loot.LootDataType/]: Couldn't parse element ResourceKey[minecraft:root / minecraft:loot_table]:dndecor:blocks/navy_sheet_metal - Unknown registry key in ResourceKey[minecraft:root / minecraft:item]: dndecor:navy_sheet_metal
[29авг.2026 23:03:09.273] [Worker-ResourceReload-9/ERROR] [net.minecraft.world.level.storage.loot.LootDataType/]: Couldn't parse element ResourceKey[minecraft:root / minecraft:loot_table]:dndecor:blocks/olive_velvet_block - Unknown registry key in ResourceKey[minecraft:root / minecraft:item]: dndecor:olive_velvet_block
[29авг.2026 23:03:09.273] [Worker-ResourceReload-9/ERROR] [net.minecraft.world.level.storage.loot.LootDataType/]: Couldn't parse element ResourceKey[minecraft:root / minecraft:loot_table]:dndecor:blocks/olive_display_board - Unknown registry key in ResourceKey[minecraft:root / minecraft:item]: dndecor:olive_display_board
[29авг.2026 23:03:09.275] [Worker-ResourceReload-9/ERROR] [net.minecraft.world.level.storage.loot.LootDataType/]: Couldn't parse element ResourceKey[minecraft:root / minecraft:loot_table]:dndecor:blocks/teal_flywheel - Unknown registry key in ResourceKey[minecraft:root / minecraft:item]: dndecor:teal_flywheel
[29авг.2026 23:03:09.276] [Worker-ResourceReload-9/ERROR] [net.minecraft.world.level.storage.loot.LootDataType/]: Couldn't parse element ResourceKey[minecraft:root / minecraft:loot_table]:create_connected:blocks/dye_depot_slate_fan_dyeing_catalyst - Unknown registry key in ResourceKey[minecraft:root / minecraft:item]: create_connected:dye_depot_slate_fan_dyeing_catalyst
[29авг.2026 23:03:09.277] [Worker-ResourceReload-9/ERROR] [net.minecraft.world.level.storage.loot.LootDataType/]: Couldn't parse element ResourceKey[minecraft:root / minecraft:loot_table]:dndecor:blocks/aqua_sheet_metal - Unknown registry key in ResourceKey[minecraft:root / minecraft:item]: dndecor:aqua_sheet_metal
[29авг.2026 23:03:09.279] [Worker-ResourceReload-9/ERROR] [net.minecraft.world.level.storage.loot.LootDataType/]: Couldn't parse element ResourceKey[minecraft:root / minecraft:loot_table]:dndecor:blocks/rose_display_board - Unknown registry key in ResourceKey[minecraft:root / minecraft:item]: dndecor:rose_display_board
[29авг.2026 23:03:09.281] [Worker-ResourceReload-9/ERROR] [net.minecraft.world.level.storage.loot.LootDataType/]: Couldn't parse element ResourceKey[minecraft:root / minecraft:loot_table]:dndecor:blocks/coral_container - Unknown registry key in ResourceKey[minecraft:root / minecraft:item]: dndecor:coral_container
[29авг.2026 23:03:09.281] [Worker-ResourceReload-9/ERROR] [net.minecraft.world.level.storage.loot.LootDataType/]: Couldn't parse element ResourceKey[minecraft:root / minecraft:loot_table]:dndecor:blocks/coral_industrial_cogwheel - Unknown registry key in ResourceKey[minecraft:root / minecraft:item]: dndecor:coral_industrial_cogwheel
[29авг.2026 23:03:09.283] [Worker-ResourceReload-9/ERROR] [net.minecraft.world.level.storage.loot.LootDataType/]: Couldn't parse element ResourceKey[minecraft:root / minecraft:loot_table]:dndecor:blocks/solid_teal_container - Unknown registry key in ResourceKey[minecraft:root / minecraft:item]: dndecor:solid_teal_container
[29авг.2026 23:03:09.284] [Worker-ResourceReload-9/ERROR] [net.minecraft.world.level.storage.loot.LootDataType/]: Couldn't parse element ResourceKey[minecraft:root / minecraft:loot_table]:dndecor:blocks/aqua_velvet_block - Unknown registry key in ResourceKey[minecraft:root / minecraft:item]: dndecor:aqua_velvet_block
[29авг.2026 23:03:09.285] [Worker-ResourceReload-9/ERROR] [net.minecraft.world.level.storage.loot.LootDataType/]: Couldn't parse element ResourceKey[minecraft:root / minecraft:loot_table]:dndecor:blocks/mint_stone_metal - Unknown registry key in ResourceKey[minecraft:root / minecraft:item]: dndecor:mint_stone_metal
[29авг.2026 23:03:09.286] [Worker-ResourceReload-9/ERROR] [net.minecraft.world.level.storage.loot.LootDataType/]: Couldn't parse element ResourceKey[minecraft:root / minecraft:loot_table]:dndecor:blocks/solid_beige_container - Unknown registry key in ResourceKey[minecraft:root / minecraft:item]: dndecor:solid_beige_container
[29авг.2026 23:03:09.289] [Worker-ResourceReload-9/ERROR] [net.minecraft.world.level.storage.loot.LootDataType/]: Couldn't parse element ResourceKey[minecraft:root / minecraft:loot_table]:dndecor:blocks/maroon_large_fan - Unknown registry key in ResourceKey[minecraft:root / minecraft:item]: dndecor:maroon_large_fan
[29авг.2026 23:03:09.293] [Worker-ResourceReload-9/ERROR] [net.minecraft.world.level.storage.loot.LootDataType/]: Couldn't parse element ResourceKey[minecraft:root / minecraft:loot_table]:dndecor:blocks/verdant_display_board - Unknown registry key in ResourceKey[minecraft:root / minecraft:item]: dndecor:verdant_display_board
[29авг.2026 23:03:09.293] [Worker-ResourceReload-9/ERROR] [net.minecraft.world.level.storage.loot.LootDataType/]: Couldn't parse element ResourceKey[minecraft:root / minecraft:loot_table]:dndecor:blocks/solid_ginger_container - Unknown registry key in ResourceKey[minecraft:root / minecraft:item]: dndecor:solid_ginger_container
[29авг.2026 23:03:09.298] [Worker-ResourceReload-9/ERROR] [net.minecraft.world.level.storage.loot.LootDataType/]: Couldn't parse element ResourceKey[minecraft:root / minecraft:loot_table]:dndecor:blocks/beige_large_fan - Unknown registry key in ResourceKey[minecraft:root / minecraft:item]: dndecor:beige_large_fan
[29авг.2026 23:03:09.300] [Worker-ResourceReload-9/ERROR] [net.minecraft.world.level.storage.loot.LootDataType/]: Couldn't parse element ResourceKey[minecraft:root / minecraft:loot_table]:create_integrated_farming:blocks/goose_roost_ping - Unknown registry key in ResourceKey[minecraft:root / minecraft:item]: create_integrated_farming:goose_roost_ping
[29авг.2026 23:03:09.301] [Worker-ResourceReload-9/ERROR] [net.minecraft.world.level.storage.loot.LootDataType/]: Couldn't parse element ResourceKey[minecraft:root / minecraft:loot_table]:idas:chests/haunted_manor/if_haunted_manor - Unknown registry key in ResourceKey[minecraft:root / minecraft:item]: iceandfire:ectoplasm; Unknown registry key in ResourceKey[minecraft:root / minecraft:item]: iceandfire:silver_nugget
[29авг.2026 23:03:09.307] [Worker-ResourceReload-9/ERROR] [net.minecraft.world.level.storage.loot.LootDataType/]: Couldn't parse element ResourceKey[minecraft:root / minecraft:loot_table]:idas:chests/labyrinth/if_labyrinth_tomb - Unknown registry key in ResourceKey[minecraft:root / minecraft:item]: iceandfire:dragonbone; Unknown registry key in ResourceKey[minecraft:root / minecraft:item]: iceandfire:witherbone; Unknown registry key in ResourceKey[minecraft:root / minecraft:item]: iceandfire:witherbone; Unknown registry key in ResourceKey[minecraft:root / minecraft:item]: iceandfire:sapphire_gem
[29авг.2026 23:03:09.308] [Worker-ResourceReload-9/ERROR] [net.minecraft.world.level.storage.loot.LootDataType/]: Couldn't parse element ResourceKey[minecraft:root / minecraft:loot_table]:dndecor:blocks/aqua_large_cogwheel - Unknown registry key in ResourceKey[minecraft:root / minecraft:item]: dndecor:aqua_large_cogwheel
[29авг.2026 23:03:09.309] [Worker-ResourceReload-9/ERROR] [net.minecraft.world.level.storage.loot.LootDataType/]: Couldn't parse element ResourceKey[minecraft:root / minecraft:loot_table]:dndecor:blocks/ginger_cogwheel - Unknown registry key in ResourceKey[minecraft:root / minecraft:item]: dndecor:ginger_cogwheel
[29авг.2026 23:03:09.310] [Worker-ResourceReload-9/ERROR] [net.minecraft.world.level.storage.loot.LootDataType/]: Couldn't parse element ResourceKey[minecraft:root / minecraft:loot_table]:dndecor:blocks/olive_sheet_metal - Unknown registry key in ResourceKey[minecraft:root / minecraft:item]: dndecor:olive_sheet_metal
[29авг.2026 23:03:09.311] [Worker-ResourceReload-9/ERROR] [net.minecraft.world.level.storage.loot.LootDataType/]: Couldn't parse element ResourceKey[minecraft:root / minecraft:loot_table]:dndecor:blocks/slate_large_metal_girder - Unknown registry key in ResourceKey[minecraft:root / minecraft:item]: dndecor:slate_large_metal_girder
[29авг.2026 23:03:09.311] [Worker-ResourceReload-9/ERROR] [net.minecraft.world.level.storage.loot.LootDataType/]: Couldn't parse element ResourceKey[minecraft:root / minecraft:loot_table]:dndecor:blocks/olive_dark_metal_block - Unknown registry key in ResourceKey[minecraft:root / minecraft:item]: dndecor:olive_dark_metal_block
[29авг.2026 23:03:09.313] [Worker-ResourceReload-9/ERROR] [net.minecraft.world.level.storage.loot.LootDataType/]: Couldn't parse element ResourceKey[minecraft:root / minecraft:loot_table]:create_connected:blocks/dye_depot_rose_fan_dyeing_catalyst - Unknown registry key in ResourceKey[minecraft:root / minecraft:item]: create_connected:dye_depot_rose_fan_dyeing_catalyst
[29авг.2026 23:03:09.314] [Worker-ResourceReload-9/ERROR] [net.minecraft.world.level.storage.loot.LootDataType/]: Couldn't parse element ResourceKey[minecraft:root / minecraft:loot_table]:dndecor:blocks/coral_stone_metal - Unknown registry key in ResourceKey[minecraft:root / minecraft:item]: dndecor:coral_stone_metal
[29авг.2026 23:03:09.316] [Worker-ResourceReload-9/ERROR] [net.minecraft.world.level.storage.loot.LootDataType/]: Couldn't parse element ResourceKey[minecraft:root / minecraft:loot_table]:dndecor:blocks/coral_large_cogwheel - Unknown registry key in ResourceKey[minecraft:root / minecraft:item]: dndecor:coral_large_cogwheel
[29авг.2026 23:03:09.319] [Worker-ResourceReload-9/ERROR] [net.minecraft.world.level.storage.loot.LootDataType/]: Couldn't parse element ResourceKey[minecraft:root / minecraft:loot_table]:dndecor:blocks/mint_small_deepslate_tiles - Unknown registry key in ResourceKey[minecraft:root / minecraft:item]: dndecor:mint_small_deepslate_tiles
[29авг.2026 23:03:09.321] [Worker-ResourceReload-9/ERROR] [net.minecraft.world.level.storage.loot.LootDataType/]: Couldn't parse element ResourceKey[minecraft:root / minecraft:loot_table]:dndecor:blocks/beige_flywheel - Unknown registry key in ResourceKey[minecraft:root / minecraft:item]: dndecor:beige_flywheel
[29авг.2026 23:03:09.322] [Worker-ResourceReload-9/ERROR] [net.minecraft.world.level.storage.loot.LootDataType/]: Couldn't parse element ResourceKey[minecraft:root / minecraft:loot_table]:dndecor:blocks/teal_container - Unknown registry key in ResourceKey[minecraft:root / minecraft:item]: dndecor:teal_container
[29авг.2026 23:03:09.324] [Worker-ResourceReload-9/ERROR] [net.minecraft.world.level.storage.loot.LootDataType/]: Couldn't parse element ResourceKey[minecraft:root / minecraft:loot_table]:dndecor:blocks/indigo_dark_metal_block - Unknown registry key in ResourceKey[minecraft:root / minecraft:item]: dndecor:indigo_dark_metal_block
[29авг.2026 23:03:09.325] [Worker-ResourceReload-9/ERROR] [net.minecraft.world.level.storage.loot.LootDataType/]: Couldn't parse element ResourceKey[minecraft:root / minecraft:loot_table]:dndecor:blocks/tan_velvet_block - Unknown registry key in ResourceKey[minecraft:root / minecraft:item]: dndecor:tan_velvet_block
[29авг.2026 23:03:09.326] [Worker-ResourceReload-9/ERROR] [net.minecraft.world.level.storage.loot.LootDataType/]: Couldn't parse element ResourceKey[minecraft:root / minecraft:loot_table]:dndecor:blocks/aqua_large_fan - Unknown registry key in ResourceKey[minecraft:root / minecraft:item]: dndecor:aqua_large_fan
[29авг.2026 23:03:09.335] [Worker-ResourceReload-9/ERROR] [net.minecraft.world.level.storage.loot.LootDataType/]: Couldn't parse element ResourceKey[minecraft:root / minecraft:loot_table]:dndecor:blocks/amber_velvet_block - Unknown registry key in ResourceKey[minecraft:root / minecraft:item]: dndecor:amber_velvet_block
[29авг.2026 23:03:09.337] [Worker-ResourceReload-9/ERROR] [net.minecraft.world.level.storage.loot.LootDataType/]: Couldn't parse element ResourceKey[minecraft:root / minecraft:loot_table]:dndecor:blocks/mint_dark_metal_plating - Unknown registry key in ResourceKey[minecraft:root / minecraft:item]: dndecor:mint_dark_metal_plating
[29авг.2026 23:03:09.338] [Worker-ResourceReload-9/ERROR] [net.minecraft.world.level.storage.loot.LootDataType/]: Couldn't parse element ResourceKey[minecraft:root / minecraft:loot_table]:dndecor:blocks/beige_sheet_metal - Unknown registry key in ResourceKey[minecraft:root / minecraft:item]: dndecor:beige_sheet_metal
[29авг.2026 23:03:09.338] [Worker-ResourceReload-9/ERROR] [net.minecraft.world.level.storage.loot.LootDataType/]: Couldn't parse element ResourceKey[minecraft:root / minecraft:loot_table]:create_connected:blocks/dye_depot_mint_fan_dyeing_catalyst - Unknown registry key in ResourceKey[minecraft:root / minecraft:item]: create_connected:dye_depot_mint_fan_dyeing_catalyst
[29авг.2026 23:03:09.339] [Worker-ResourceReload-9/ERROR] [net.minecraft.world.level.storage.loot.LootDataType/]: Couldn't parse element ResourceKey[minecraft:root / minecraft:loot_table]:dndecor:blocks/olive_small_deepslate_tiles - Unknown registry key in ResourceKey[minecraft:root / minecraft:item]: dndecor:olive_small_deepslate_tiles
[29авг.2026 23:03:09.341] [Worker-ResourceReload-9/ERROR] [net.minecraft.world.level.storage.loot.LootDataType/]: Couldn't parse element ResourceKey[minecraft:root / minecraft:loot_table]:dndecor:blocks/aqua_industrial_cogwheel - Unknown registry key in ResourceKey[minecraft:root / minecraft:item]: dndecor:aqua_industrial_cogwheel
[29авг.2026 23:03:09.343] [Worker-ResourceReload-9/ERROR] [net.minecraft.world.level.storage.loot.LootDataType/]: Couldn't parse element ResourceKey[minecraft:root / minecraft:loot_table]:dndecor:blocks/navy_small_deepslate_tiles - Unknown registry key in ResourceKey[minecraft:root / minecraft:item]: dndecor:navy_small_deepslate_tiles
[29авг.2026 23:03:09.344] [Worker-ResourceReload-9/ERROR] [net.minecraft.world.level.storage.loot.LootDataType/]: Couldn't parse element ResourceKey[minecraft:root / minecraft:loot_table]:dndecor:blocks/navy_display_board - Unknown registry key in ResourceKey[minecraft:root / minecraft:item]: dndecor:navy_display_board
[29авг.2026 23:03:09.348] [Worker-ResourceReload-9/ERROR] [net.minecraft.world.level.storage.loot.LootDataType/]: Couldn't parse element ResourceKey[minecraft:root / minecraft:loot_table]:dndecor:blocks/teal_large_industrial_cogwheel - Unknown registry key in ResourceKey[minecraft:root / minecraft:item]: dndecor:teal_large_industrial_cogwheel
[29авг.2026 23:03:09.349] [Worker-ResourceReload-9/ERROR] [net.minecraft.world.level.storage.loot.LootDataType/]: Couldn't parse element ResourceKey[minecraft:root / minecraft:loot_table]:dndecor:blocks/mint_dark_metal_block - Unknown registry key in ResourceKey[minecraft:root / minecraft:item]: dndecor:mint_dark_metal_block
[29авг.2026 23:03:09.353] [Worker-ResourceReload-9/ERROR] [net.minecraft.world.level.storage.loot.LootDataType/]: Couldn't parse element ResourceKey[minecraft:root / minecraft:loot_table]:dndecor:blocks/indigo_large_fan - Unknown registry key in ResourceKey[minecraft:root / minecraft:item]: dndecor:indigo_large_fan
[29авг.2026 23:03:09.355] [Worker-ResourceReload-9/ERROR] [net.minecraft.world.level.storage.loot.LootDataType/]: Couldn't parse element ResourceKey[minecraft:root / minecraft:loot_table]:dndecor:blocks/maroon_sheet_metal - Unknown registry key in ResourceKey[minecraft:root / minecraft:item]: dndecor:maroon_sheet_metal
[29авг.2026 23:03:09.356] [Worker-ResourceReload-9/ERROR] [net.minecraft.world.level.storage.loot.LootDataType/]: Couldn't parse element ResourceKey[minecraft:root / minecraft:loot_table]:dndecor:blocks/ginger_velvet_block - Unknown registry key in ResourceKey[minecraft:root / minecraft:item]: dndecor:ginger_velvet_block
[29авг.2026 23:03:09.357] [Worker-ResourceReload-9/ERROR] [net.minecraft.world.level.storage.loot.LootDataType/]: Couldn't parse element ResourceKey[minecraft:root / minecraft:loot_table]:create_enchantment_industry:blocks/affix_augmentor - Unknown registry key in ResourceKey[minecraft:root / minecraft:item]: create_enchantment_industry:affix_augmentor
[29авг.2026 23:03:09.360] [Worker-ResourceReload-9/ERROR] [net.minecraft.world.level.storage.loot.LootDataType/]: Couldn't parse element ResourceKey[minecraft:root / minecraft:loot_table]:dndecor:blocks/solid_amber_container - Unknown registry key in ResourceKey[minecraft:root / minecraft:item]: dndecor:solid_amber_container
[29авг.2026 23:03:09.360] [Worker-ResourceReload-9/ERROR] [net.minecraft.world.level.storage.loot.LootDataType/]: Couldn't parse element ResourceKey[minecraft:root / minecraft:loot_table]:dndecor:blocks/navy_dark_metal_block - Unknown registry key in ResourceKey[minecraft:root / minecraft:item]: dndecor:navy_dark_metal_block
[29авг.2026 23:03:09.364] [Worker-ResourceReload-9/ERROR] [net.minecraft.world.level.storage.loot.LootDataType/]: Couldn't parse element ResourceKey[minecraft:root / minecraft:loot_table]:create_enchantment_industry:blocks/brass_bookshelf - Unknown registry key in ResourceKey[minecraft:root / minecraft:item]: create_enchantment_industry:brass_bookshelf
[29авг.2026 23:03:09.373] [Worker-ResourceReload-9/ERROR] [net.minecraft.world.level.storage.loot.LootDataType/]: Couldn't parse element ResourceKey[minecraft:root / minecraft:loot_table]:dndecor:blocks/forest_large_metal_girder - Unknown registry key in ResourceKey[minecraft:root / minecraft:item]: dndecor:forest_large_metal_girder
[29авг.2026 23:03:09.375] [Worker-ResourceReload-9/ERROR] [net.minecraft.world.level.storage.loot.LootDataType/]: Couldn't parse element ResourceKey[minecraft:root / minecraft:loot_table]:dndecor:blocks/indigo_small_deepslate_tiles - Unknown registry key in ResourceKey[minecraft:root / minecraft:item]: dndecor:indigo_small_deepslate_tiles
[29авг.2026 23:03:09.375] [Worker-ResourceReload-9/ERROR] [net.minecraft.world.level.storage.loot.LootDataType/]: Couldn't parse element ResourceKey[minecraft:root / minecraft:loot_table]:dndecor:blocks/verdant_large_industrial_cogwheel - Unknown registry key in ResourceKey[minecraft:root / minecraft:item]: dndecor:verdant_large_industrial_cogwheel
[29авг.2026 23:03:09.375] [Worker-ResourceReload-9/ERROR] [net.minecraft.world.level.storage.loot.LootDataType/]: Couldn't parse element ResourceKey[minecraft:root / minecraft:loot_table]:dndecor:blocks/rose_stone_metal - Unknown registry key in ResourceKey[minecraft:root / minecraft:item]: dndecor:rose_stone_metal
[29авг.2026 23:03:09.378] [Worker-ResourceReload-9/ERROR] [net.minecraft.world.level.storage.loot.LootDataType/]: Couldn't parse element ResourceKey[minecraft:root / minecraft:loot_table]:dndecor:blocks/coral_display_board - Unknown registry key in ResourceKey[minecraft:root / minecraft:item]: dndecor:coral_display_board
[29авг.2026 23:03:09.378] [Worker-ResourceReload-9/ERROR] [net.minecraft.world.level.storage.loot.LootDataType/]: Couldn't parse element ResourceKey[minecraft:root / minecraft:loot_table]:dndecor:blocks/beige_container - Unknown registry key in ResourceKey[minecraft:root / minecraft:item]: dndecor:beige_container
[29авг.2026 23:03:09.381] [Worker-ResourceReload-9/ERROR] [net.minecraft.world.level.storage.loot.LootDataType/]: Couldn't parse element ResourceKey[minecraft:root / minecraft:loot_table]:dndecor:blocks/aqua_cogwheel - Unknown registry key in ResourceKey[minecraft:root / minecraft:item]: dndecor:aqua_cogwheel
[29авг.2026 23:03:09.381] [Worker-ResourceReload-9/ERROR] [net.minecraft.world.level.storage.loot.LootDataType/]: Couldn't parse element ResourceKey[minecraft:root / minecraft:loot_table]:dndecor:blocks/amber_display_board - Unknown registry key in ResourceKey[minecraft:root / minecraft:item]: dndecor:amber_display_board
[29авг.2026 23:03:09.381] [Worker-ResourceReload-9/ERROR] [net.minecraft.world.level.storage.loot.LootDataType/]: Couldn't parse element ResourceKey[minecraft:root / minecraft:loot_table]:dndecor:blocks/beige_large_cogwheel - Unknown registry key in ResourceKey[minecraft:root / minecraft:item]: dndecor:beige_large_cogwheel
[29авг.2026 23:03:09.386] [Worker-ResourceReload-9/ERROR] [net.minecraft.world.level.storage.loot.LootDataType/]: Couldn't parse element ResourceKey[minecraft:root / minecraft:loot_table]:dndecor:blocks/ginger_industrial_cogwheel - Unknown registry key in ResourceKey[minecraft:root / minecraft:item]: dndecor:ginger_industrial_cogwheel
[29авг.2026 23:03:09.389] [Worker-ResourceReload-9/ERROR] [net.minecraft.world.level.storage.loot.LootDataType/]: Couldn't parse element ResourceKey[minecraft:root / minecraft:loot_table]:dndecor:blocks/navy_stone_metal - Unknown registry key in ResourceKey[minecraft:root / minecraft:item]: dndecor:navy_stone_metal
[29авг.2026 23:03:09.390] [Worker-ResourceReload-9/ERROR] [net.minecraft.world.level.storage.loot.LootDataType/]: Couldn't parse element ResourceKey[minecraft:root / minecraft:loot_table]:dndecor:blocks/beige_industrial_cogwheel - Unknown registry key in ResourceKey[minecraft:root / minecraft:item]: dndecor:beige_industrial_cogwheel
[29авг.2026 23:03:09.390] [Worker-ResourceReload-9/ERROR] [net.minecraft.world.level.storage.loot.LootDataType/]: Couldn't parse element ResourceKey[minecraft:root / minecraft:loot_table]:dndecor:blocks/coral_large_metal_girder - Unknown registry key in ResourceKey[minecraft:root / minecraft:item]: dndecor:coral_large_metal_girder
[29авг.2026 23:03:09.390] [Worker-ResourceReload-9/ERROR] [net.minecraft.world.level.storage.loot.LootDataType/]: Couldn't parse element ResourceKey[minecraft:root / minecraft:loot_table]:dndecor:blocks/beige_cogwheel - Unknown registry key in ResourceKey[minecraft:root / minecraft:item]: dndecor:beige_cogwheel
[29авг.2026 23:03:09.391] [Worker-ResourceReload-9/ERROR] [net.minecraft.world.level.storage.loot.LootDataType/]: Couldn't parse element ResourceKey[minecraft:root / minecraft:loot_table]:dndecor:blocks/teal_sheet_metal - Unknown registry key in ResourceKey[minecraft:root / minecraft:item]: dndecor:teal_sheet_metal
[29авг.2026 23:03:09.395] [Worker-ResourceReload-9/ERROR] [net.minecraft.world.level.storage.loot.LootDataType/]: Couldn't parse element ResourceKey[minecraft:root / minecraft:loot_table]:dndecor:blocks/ginger_dark_metal_plating - Unknown registry key in ResourceKey[minecraft:root / minecraft:item]: dndecor:ginger_dark_metal_plating
[29авг.2026 23:03:09.395] [Worker-ResourceReload-9/ERROR] [net.minecraft.world.level.storage.loot.LootDataType/]: Couldn't parse element ResourceKey[minecraft:root / minecraft:loot_table]:dndecor:blocks/maroon_container - Unknown registry key in ResourceKey[minecraft:root / minecraft:item]: dndecor:maroon_container
[29авг.2026 23:03:09.399] [Worker-ResourceReload-9/ERROR] [net.minecraft.world.level.storage.loot.LootDataType/]: Couldn't parse element ResourceKey[minecraft:root / minecraft:loot_table]:dndecor:blocks/olive_industrial_cogwheel - Unknown registry key in ResourceKey[minecraft:root / minecraft:item]: dndecor:olive_industrial_cogwheel
[29авг.2026 23:03:09.400] [Worker-ResourceReload-9/ERROR] [net.minecraft.world.level.storage.loot.LootDataType/]: Couldn't parse element ResourceKey[minecraft:root / minecraft:loot_table]:dndecor:blocks/rose_sheet_metal - Unknown registry key in ResourceKey[minecraft:root / minecraft:item]: dndecor:rose_sheet_metal
[29авг.2026 23:03:09.401] [Worker-ResourceReload-9/ERROR] [net.minecraft.world.level.storage.loot.LootDataType/]: Couldn't parse element ResourceKey[minecraft:root / minecraft:loot_table]:dndecor:blocks/maroon_display_board - Unknown registry key in ResourceKey[minecraft:root / minecraft:item]: dndecor:maroon_display_board
[29авг.2026 23:03:09.408] [Worker-ResourceReload-9/ERROR] [net.minecraft.world.level.storage.loot.LootDataType/]: Couldn't parse element ResourceKey[minecraft:root / minecraft:loot_table]:dndecor:blocks/teal_large_cogwheel - Unknown registry key in ResourceKey[minecraft:root / minecraft:item]: dndecor:teal_large_cogwheel
[29авг.2026 23:03:09.412] [Worker-ResourceReload-9/ERROR] [net.minecraft.world.level.storage.loot.LootDataType/]: Couldn't parse element ResourceKey[minecraft:root / minecraft:loot_table]:dndecor:blocks/beige_velvet_block - Unknown registry key in ResourceKey[minecraft:root / minecraft:item]: dndecor:beige_velvet_block
[29авг.2026 23:03:09.412] [Worker-ResourceReload-9/ERROR] [net.minecraft.world.level.storage.loot.LootDataType/]: Couldn't parse element ResourceKey[minecraft:root / minecraft:loot_table]:dndecor:blocks/forest_large_cogwheel - Unknown registry key in ResourceKey[minecraft:root / minecraft:item]: dndecor:forest_large_cogwheel
[29авг.2026 23:03:09.413] [Worker-ResourceReload-9/ERROR] [net.minecraft.world.level.storage.loot.LootDataType/]: Couldn't parse element ResourceKey[minecraft:root / minecraft:loot_table]:dndecor:blocks/verdant_sheet_metal - Unknown registry key in ResourceKey[minecraft:root / minecraft:item]: dndecor:verdant_sheet_metal
[29авг.2026 23:03:09.414] [Worker-ResourceReload-9/ERROR] [net.minecraft.world.level.storage.loot.LootDataType/]: Couldn't parse element ResourceKey[minecraft:root / minecraft:loot_table]:dndecor:blocks/beige_display_board - Unknown registry key in ResourceKey[minecraft:root / minecraft:item]: dndecor:beige_display_board
[29авг.2026 23:03:09.418] [Worker-ResourceReload-9/ERROR] [net.minecraft.world.level.storage.loot.LootDataType/]: Couldn't parse element ResourceKey[minecraft:root / minecraft:loot_table]:dndecor:blocks/olive_stone_metal - Unknown registry key in ResourceKey[minecraft:root / minecraft:item]: dndecor:olive_stone_metal
[29авг.2026 23:03:09.418] [Worker-ResourceReload-9/ERROR] [net.minecraft.world.level.storage.loot.LootDataType/]: Couldn't parse element ResourceKey[minecraft:root / minecraft:loot_table]:create_enchantment_industry:blocks/creative_bookshelf - Unknown registry key in ResourceKey[minecraft:root / minecraft:item]: create_enchantment_industry:creative_bookshelf
[29авг.2026 23:03:09.418] [Worker-ResourceReload-9/ERROR] [net.minecraft.world.level.storage.loot.LootDataType/]: Couldn't parse element ResourceKey[minecraft:root / minecraft:loot_table]:dndecor:blocks/beige_small_deepslate_tiles - Unknown registry key in ResourceKey[minecraft:root / minecraft:item]: dndecor:beige_small_deepslate_tiles
[29авг.2026 23:03:09.421] [Worker-ResourceReload-9/ERROR] [net.minecraft.world.level.storage.loot.LootDataType/]: Couldn't parse element ResourceKey[minecraft:root / minecraft:loot_table]:create_integrated_farming:blocks/goose_roost_sus - Unknown registry key in ResourceKey[minecraft:root / minecraft:item]: create_integrated_farming:goose_roost_sus
[29авг.2026 23:03:09.422] [Worker-ResourceReload-9/ERROR] [net.minecraft.world.level.storage.loot.LootDataType/]: Couldn't parse element ResourceKey[minecraft:root / minecraft:loot_table]:dndecor:blocks/forest_small_deepslate_tiles - Unknown registry key in ResourceKey[minecraft:root / minecraft:item]: dndecor:forest_small_deepslate_tiles
[29авг.2026 23:03:09.423] [Worker-ResourceReload-9/ERROR] [net.minecraft.world.level.storage.loot.LootDataType/]: Couldn't parse element ResourceKey[minecraft:root / minecraft:loot_table]:dndecor:blocks/verdant_large_cogwheel - Unknown registry key in ResourceKey[minecraft:root / minecraft:item]: dndecor:verdant_large_cogwheel
[29авг.2026 23:03:09.426] [Worker-ResourceReload-9/ERROR] [net.minecraft.world.level.storage.loot.LootDataType/]: Couldn't parse element ResourceKey[minecraft:root / minecraft:loot_table]:dndecor:blocks/tan_display_board - Unknown registry key in ResourceKey[minecraft:root / minecraft:item]: dndecor:tan_display_board
[29авг.2026 23:03:09.429] [Worker-ResourceReload-9/ERROR] [net.minecraft.world.level.storage.loot.LootDataType/]: Couldn't parse element ResourceKey[minecraft:root / minecraft:loot_table]:dndecor:blocks/slate_stone_metal - Unknown registry key in ResourceKey[minecraft:root / minecraft:item]: dndecor:slate_stone_metal
[29авг.2026 23:03:09.431] [Worker-ResourceReload-9/ERROR] [net.minecraft.world.level.storage.loot.LootDataType/]: Couldn't parse element ResourceKey[minecraft:root / minecraft:loot_table]:dndecor:blocks/teal_stone_metal - Unknown registry key in ResourceKey[minecraft:root / minecraft:item]: dndecor:teal_stone_metal
[29авг.2026 23:03:09.433] [Worker-ResourceReload-9/ERROR] [net.minecraft.world.level.storage.loot.LootDataType/]: Couldn't parse element ResourceKey[minecraft:root / minecraft:loot_table]:dndecor:blocks/mint_industrial_cogwheel - Unknown registry key in ResourceKey[minecraft:root / minecraft:item]: dndecor:mint_industrial_cogwheel
[29авг.2026 23:03:09.434] [Worker-ResourceReload-9/ERROR] [net.minecraft.world.level.storage.loot.LootDataType/]: Couldn't parse element ResourceKey[minecraft:root / minecraft:loot_table]:create_connected:blocks/dye_depot_tan_fan_dyeing_catalyst - Unknown registry key in ResourceKey[minecraft:root / minecraft:item]: create_connected:dye_depot_tan_fan_dyeing_catalyst
[29авг.2026 23:03:09.436] [Worker-ResourceReload-9/ERROR] [net.minecraft.world.level.storage.loot.LootDataType/]: Couldn't parse element ResourceKey[minecraft:root / minecraft:loot_table]:dndecor:blocks/ginger_large_industrial_cogwheel - Unknown registry key in ResourceKey[minecraft:root / minecraft:item]: dndecor:ginger_large_industrial_cogwheel
[29авг.2026 23:03:09.436] [Worker-ResourceReload-9/ERROR] [net.minecraft.world.level.storage.loot.LootDataType/]: Couldn't parse element ResourceKey[minecraft:root / minecraft:loot_table]:create_connected:blocks/dye_depot_indigo_fan_dyeing_catalyst - Unknown registry key in ResourceKey[minecraft:root / minecraft:item]: create_connected:dye_depot_indigo_fan_dyeing_catalyst
[29авг.2026 23:03:09.439] [Worker-ResourceReload-9/ERROR] [net.minecraft.world.level.storage.loot.LootDataType/]: Couldn't parse element ResourceKey[minecraft:root / minecraft:loot_table]:dndecor:blocks/aqua_flywheel - Unknown registry key in ResourceKey[minecraft:root / minecraft:item]: dndecor:aqua_flywheel
[29авг.2026 23:03:09.439] [Worker-ResourceReload-9/ERROR] [net.minecraft.world.level.storage.loot.LootDataType/]: Couldn't parse element ResourceKey[minecraft:root / minecraft:loot_table]:create_integrated_farming:blocks/goose_roost_untitled - Unknown registry key in ResourceKey[minecraft:root / minecraft:item]: create_integrated_farming:goose_roost_untitled
[29авг.2026 23:03:09.439] [Worker-ResourceReload-9/ERROR] [net.minecraft.world.level.storage.loot.LootDataType/]: Couldn't parse element ResourceKey[minecraft:root / minecraft:loot_table]:dndecor:blocks/amber_large_fan - Unknown registry key in ResourceKey[minecraft:root / minecraft:item]: dndecor:amber_large_fan
[29авг.2026 23:03:09.440] [Worker-ResourceReload-9/ERROR] [net.minecraft.world.level.storage.loot.LootDataType/]: Couldn't parse element ResourceKey[minecraft:root / minecraft:loot_table]:create_connected:blocks/dye_depot_navy_fan_dyeing_catalyst - Unknown registry key in ResourceKey[minecraft:root / minecraft:item]: create_connected:dye_depot_navy_fan_dyeing_catalyst
[29авг.2026 23:03:09.441] [Worker-ResourceReload-9/ERROR] [net.minecraft.world.level.storage.loot.LootDataType/]: Couldn't parse element ResourceKey[minecraft:root / minecraft:loot_table]:create_integrated_farming:blocks/duck_roost_normal - Unknown registry key in ResourceKey[minecraft:root / minecraft:item]: create_integrated_farming:duck_roost_normal
[29авг.2026 23:03:09.441] [Worker-ResourceReload-9/ERROR] [net.minecraft.world.level.storage.loot.LootDataType/]: Couldn't parse element ResourceKey[minecraft:root / minecraft:loot_table]:dndecor:blocks/amber_large_cogwheel - Unknown registry key in ResourceKey[minecraft:root / minecraft:item]: dndecor:amber_large_cogwheel
[29авг.2026 23:03:09.446] [Worker-ResourceReload-9/ERROR] [net.minecraft.world.level.storage.loot.LootDataType/]: Couldn't parse element ResourceKey[minecraft:root / minecraft:loot_table]:dndecor:blocks/maroon_cogwheel - Unknown registry key in ResourceKey[minecraft:root / minecraft:item]: dndecor:maroon_cogwheel
[29авг.2026 23:03:09.446] [Worker-ResourceReload-9/ERROR] [net.minecraft.world.level.storage.loot.LootDataType/]: Couldn't parse element ResourceKey[minecraft:root / minecraft:loot_table]:dndecor:blocks/aqua_dark_metal_block - Unknown registry key in ResourceKey[minecraft:root / minecraft:item]: dndecor:aqua_dark_metal_block
[29авг.2026 23:03:09.447] [Worker-ResourceReload-9/ERROR] [net.minecraft.world.level.storage.loot.LootDataType/]: Couldn't parse element ResourceKey[minecraft:root / minecraft:loot_table]:dndecor:blocks/indigo_dark_metal_plating - Unknown registry key in ResourceKey[minecraft:root / minecraft:item]: dndecor:indigo_dark_metal_plating
[29авг.2026 23:03:09.450] [Worker-ResourceReload-9/ERROR] [net.minecraft.world.level.storage.loot.LootDataType/]: Couldn't parse element ResourceKey[minecraft:root / minecraft:loot_table]:dndecor:blocks/tan_sheet_metal - Unknown registry key in ResourceKey[minecraft:root / minecraft:item]: dndecor:tan_sheet_metal
[29авг.2026 23:03:09.450] [Worker-ResourceReload-9/ERROR] [net.minecraft.world.level.storage.loot.LootDataType/]: Couldn't parse element ResourceKey[minecraft:root / minecraft:loot_table]:create_integrated_farming:blocks/goose_roost_normal - Unknown registry key in ResourceKey[minecraft:root / minecraft:item]: create_integrated_farming:goose_roost_normal
[29авг.2026 23:03:09.450] [Worker-ResourceReload-9/ERROR] [net.minecraft.world.level.storage.loot.LootDataType/]: Couldn't parse element ResourceKey[minecraft:root / minecraft:loot_table]:dndecor:blocks/forest_cogwheel - Unknown registry key in ResourceKey[minecraft:root / minecraft:item]: dndecor:forest_cogwheel
[29авг.2026 23:03:09.453] [Worker-ResourceReload-9/ERROR] [net.minecraft.world.level.storage.loot.LootDataType/]: Couldn't parse element ResourceKey[minecraft:root / minecraft:loot_table]:dndecor:blocks/solid_indigo_container - Unknown registry key in ResourceKey[minecraft:root / minecraft:item]: dndecor:solid_indigo_container
[29авг.2026 23:03:09.454] [Worker-ResourceReload-9/ERROR] [net.minecraft.world.level.storage.loot.LootDataType/]: Couldn't parse element ResourceKey[minecraft:root / minecraft:loot_table]:dndecor:blocks/solid_rose_container - Unknown registry key in ResourceKey[minecraft:root / minecraft:item]: dndecor:solid_rose_container
[29авг.2026 23:03:09.457] [Worker-ResourceReload-9/ERROR] [net.minecraft.world.level.storage.loot.LootDataType/]: Couldn't parse element ResourceKey[minecraft:root / minecraft:loot_table]:dndecor:blocks/rose_velvet_block - Unknown registry key in ResourceKey[minecraft:root / minecraft:item]: dndecor:rose_velvet_block
[29авг.2026 23:03:09.459] [Worker-ResourceReload-9/ERROR] [net.minecraft.world.level.storage.loot.LootDataType/]: Couldn't parse element ResourceKey[minecraft:root / minecraft:loot_table]:dndecor:blocks/tan_cogwheel - Unknown registry key in ResourceKey[minecraft:root / minecraft:item]: dndecor:tan_cogwheel
[29авг.2026 23:03:09.460] [Worker-ResourceReload-9/ERROR] [net.minecraft.world.level.storage.loot.LootDataType/]: Couldn't parse element ResourceKey[minecraft:root / minecraft:loot_table]:dndecor:blocks/olive_large_industrial_cogwheel - Unknown registry key in ResourceKey[minecraft:root / minecraft:item]: dndecor:olive_large_industrial_cogwheel
[29авг.2026 23:03:09.460] [Worker-ResourceReload-9/ERROR] [net.minecraft.world.level.storage.loot.LootDataType/]: Couldn't parse element ResourceKey[minecraft:root / minecraft:loot_table]:dndecor:blocks/maroon_dark_metal_block - Unknown registry key in ResourceKey[minecraft:root / minecraft:item]: dndecor:maroon_dark_metal_block
[29авг.2026 23:03:09.461] [Worker-ResourceReload-9/ERROR] [net.minecraft.world.level.storage.loot.LootDataType/]: Couldn't parse element ResourceKey[minecraft:root / minecraft:loot_table]:dndecor:blocks/solid_navy_container - Unknown registry key in ResourceKey[minecraft:root / minecraft:item]: dndecor:solid_navy_container
[29авг.2026 23:03:09.462] [Worker-ResourceReload-9/ERROR] [net.minecraft.world.level.storage.loot.LootDataType/]: Couldn't parse element ResourceKey[minecraft:root / minecraft:loot_table]:dndecor:blocks/teal_dark_metal_block - Unknown registry key in ResourceKey[minecraft:root / minecraft:item]: dndecor:teal_dark_metal_block
[29авг.2026 23:03:09.463] [Worker-ResourceReload-9/ERROR] [net.minecraft.world.level.storage.loot.LootDataType/]: Couldn't parse element ResourceKey[minecraft:root / minecraft:loot_table]:dndecor:blocks/amber_large_metal_girder - Unknown registry key in ResourceKey[minecraft:root / minecraft:item]: dndecor:amber_large_metal_girder
[29авг.2026 23:03:09.465] [Worker-ResourceReload-9/ERROR] [net.minecraft.world.level.storage.loot.LootDataType/]: Couldn't parse element ResourceKey[minecraft:root / minecraft:loot_table]:dndecor:blocks/rose_dark_metal_plating - Unknown registry key in ResourceKey[minecraft:root / minecraft:item]: dndecor:rose_dark_metal_plating
[29авг.2026 23:03:09.466] [Worker-ResourceReload-9/ERROR] [net.minecraft.world.level.storage.loot.LootDataType/]: Couldn't parse element ResourceKey[minecraft:root / minecraft:loot_table]:dndecor:blocks/aqua_dark_metal_plating - Unknown registry key in ResourceKey[minecraft:root / minecraft:item]: dndecor:aqua_dark_metal_plating
[29авг.2026 23:03:09.472] [Worker-ResourceReload-9/ERROR] [net.minecraft.world.level.storage.loot.LootDataType/]: Couldn't parse element ResourceKey[minecraft:root / minecraft:loot_table]:dndecor:blocks/olive_container - Unknown registry key in ResourceKey[minecraft:root / minecraft:item]: dndecor:olive_container
[29авг.2026 23:03:09.473] [Worker-ResourceReload-9/ERROR] [net.minecraft.world.level.storage.loot.LootDataType/]: Couldn't parse element ResourceKey[minecraft:root / minecraft:loot_table]:create_connected:blocks/dye_depot_coral_fan_dyeing_catalyst - Unknown registry key in ResourceKey[minecraft:root / minecraft:item]: create_connected:dye_depot_coral_fan_dyeing_catalyst
[29авг.2026 23:03:09.475] [Worker-ResourceReload-9/ERROR] [net.minecraft.world.level.storage.loot.LootDataType/]: Couldn't parse element ResourceKey[minecraft:root / minecraft:loot_table]:dndecor:blocks/slate_display_board - Unknown registry key in ResourceKey[minecraft:root / minecraft:item]: dndecor:slate_display_board
[29авг.2026 23:03:09.478] [Worker-ResourceReload-9/ERROR] [net.minecraft.world.level.storage.loot.LootDataType/]: Couldn't parse element ResourceKey[minecraft:root / minecraft:loot_table]:dndecor:blocks/teal_cogwheel - Unknown registry key in ResourceKey[minecraft:root / minecraft:item]: dndecor:teal_cogwheel
[29авг.2026 23:03:09.479] [Worker-ResourceReload-9/ERROR] [net.minecraft.world.level.storage.loot.LootDataType/]: Couldn't parse element ResourceKey[minecraft:root / minecraft:loot_table]:dndecor:blocks/navy_industrial_cogwheel - Unknown registry key in ResourceKey[minecraft:root / minecraft:item]: dndecor:navy_industrial_cogwheel
[29авг.2026 23:03:09.480] [Worker-ResourceReload-9/ERROR] [net.minecraft.world.level.storage.loot.LootDataType/]: Couldn't parse element ResourceKey[minecraft:root / minecraft:loot_table]:dndecor:blocks/verdant_large_metal_girder - Unknown registry key in ResourceKey[minecraft:root / minecraft:item]: dndecor:verdant_large_metal_girder
[29авг.2026 23:03:09.484] [Worker-ResourceReload-9/ERROR] [net.minecraft.world.level.storage.loot.LootDataType/]: Couldn't parse element ResourceKey[minecraft:root / minecraft:loot_table]:create_connected:blocks/dye_depot_forest_fan_dyeing_catalyst - Unknown registry key in ResourceKey[minecraft:root / minecraft:item]: create_connected:dye_depot_forest_fan_dyeing_catalyst
[29авг.2026 23:03:09.486] [Worker-ResourceReload-9/ERROR] [net.minecraft.world.level.storage.loot.LootDataType/]: Couldn't parse element ResourceKey[minecraft:root / minecraft:loot_table]:dndecor:blocks/coral_velvet_block - Unknown registry key in ResourceKey[minecraft:root / minecraft:item]: dndecor:coral_velvet_block
[29авг.2026 23:03:09.490] [Worker-ResourceReload-9/ERROR] [net.minecraft.world.level.storage.loot.LootDataType/]: Couldn't parse element ResourceKey[minecraft:root / minecraft:loot_table]:dndecor:blocks/coral_flywheel - Unknown registry key in ResourceKey[minecraft:root / minecraft:item]: dndecor:coral_flywheel
[29авг.2026 23:03:09.493] [Worker-ResourceReload-9/ERROR] [net.minecraft.world.level.storage.loot.LootDataType/]: Couldn't parse element ResourceKey[minecraft:root / minecraft:loot_table]:dndecor:blocks/navy_large_metal_girder - Unknown registry key in ResourceKey[minecraft:root / minecraft:item]: dndecor:navy_large_metal_girder
[29авг.2026 23:03:09.493] [Worker-ResourceReload-9/ERROR] [net.minecraft.world.level.storage.loot.LootDataType/]: Couldn't parse element ResourceKey[minecraft:root / minecraft:loot_table]:dndecor:blocks/slate_large_cogwheel - Unknown registry key in ResourceKey[minecraft:root / minecraft:item]: dndecor:slate_large_cogwheel
[29авг.2026 23:03:09.494] [Worker-ResourceReload-9/ERROR] [net.minecraft.world.level.storage.loot.LootDataType/]: Couldn't parse element ResourceKey[minecraft:root / minecraft:loot_table]:dndecor:blocks/beige_dark_metal_block - Unknown registry key in ResourceKey[minecraft:root / minecraft:item]: dndecor:beige_dark_metal_block
[29авг.2026 23:03:09.494] [Worker-ResourceReload-9/ERROR] [net.minecraft.world.level.storage.loot.LootDataType/]: Couldn't parse element ResourceKey[minecraft:root / minecraft:loot_table]:dndecor:blocks/maroon_stone_metal - Unknown registry key in ResourceKey[minecraft:root / minecraft:item]: dndecor:maroon_stone_metal
[29авг.2026 23:03:09.495] [Worker-ResourceReload-9/ERROR] [net.minecraft.world.level.storage.loot.LootDataType/]: Couldn't parse element ResourceKey[minecraft:root / minecraft:loot_table]:dndecor:blocks/rose_large_cogwheel - Unknown registry key in ResourceKey[minecraft:root / minecraft:item]: dndecor:rose_large_cogwheel
[29авг.2026 23:03:09.497] [Worker-ResourceReload-9/ERROR] [net.minecraft.world.level.storage.loot.LootDataType/]: Couldn't parse element ResourceKey[minecraft:root / minecraft:loot_table]:dndecor:blocks/solid_coral_container - Unknown registry key in ResourceKey[minecraft:root / minecraft:item]: dndecor:solid_coral_container
[29авг.2026 23:03:09.498] [Worker-ResourceReload-9/ERROR] [net.minecraft.world.level.storage.loot.LootDataType/]: Couldn't parse element ResourceKey[minecraft:root / minecraft:loot_table]:dndecor:blocks/ginger_flywheel - Unknown registry key in ResourceKey[minecraft:root / minecraft:item]: dndecor:ginger_flywheel
[29авг.2026 23:03:09.499] [Worker-ResourceReload-9/ERROR] [net.minecraft.world.level.storage.loot.LootDataType/]: Couldn't parse element ResourceKey[minecraft:root / minecraft:loot_table]:dndecor:blocks/teal_large_fan - Unknown registry key in ResourceKey[minecraft:root / minecraft:item]: dndecor:teal_large_fan
[29авг.2026 23:03:09.499] [Worker-ResourceReload-9/ERROR] [net.minecraft.world.level.storage.loot.LootDataType/]: Couldn't parse element ResourceKey[minecraft:root / minecraft:loot_table]:create_integrated_farming:blocks/goose_roost_greylag - Unknown registry key in ResourceKey[minecraft:root / minecraft:item]: create_integrated_farming:goose_roost_greylag
[29авг.2026 23:03:09.499] [Worker-ResourceReload-9/ERROR] [net.minecraft.world.level.storage.loot.LootDataType/]: Couldn't parse element ResourceKey[minecraft:root / minecraft:loot_table]:dndecor:blocks/forest_stone_metal - Unknown registry key in ResourceKey[minecraft:root / minecraft:item]: dndecor:forest_stone_metal
[29авг.2026 23:03:09.499] [Worker-ResourceReload-9/ERROR] [net.minecraft.world.level.storage.loot.LootDataType/]: Couldn't parse element ResourceKey[minecraft:root / minecraft:loot_table]:dndecor:blocks/beige_dark_metal_plating - Unknown registry key in ResourceKey[minecraft:root / minecraft:item]: dndecor:beige_dark_metal_plating
[29авг.2026 23:03:09.499] [Worker-ResourceReload-9/ERROR] [net.minecraft.world.level.storage.loot.LootDataType/]: Couldn't parse element ResourceKey[minecraft:root / minecraft:loot_table]:dndecor:blocks/verdant_velvet_block - Unknown registry key in ResourceKey[minecraft:root / minecraft:item]: dndecor:verdant_velvet_block
[29авг.2026 23:03:09.500] [Worker-ResourceReload-9/ERROR] [net.minecraft.world.level.storage.loot.LootDataType/]: Couldn't parse element ResourceKey[minecraft:root / minecraft:loot_table]:dndecor:blocks/aqua_display_board - Unknown registry key in ResourceKey[minecraft:root / minecraft:item]: dndecor:aqua_display_board
[29авг.2026 23:03:09.507] [Worker-ResourceReload-9/ERROR] [net.minecraft.world.level.storage.loot.LootDataType/]: Couldn't parse element ResourceKey[minecraft:root / minecraft:loot_table]:dndecor:blocks/aqua_small_deepslate_tiles - Unknown registry key in ResourceKey[minecraft:root / minecraft:item]: dndecor:aqua_small_deepslate_tiles
[29авг.2026 23:03:09.508] [Worker-ResourceReload-9/ERROR] [net.minecraft.world.level.storage.loot.LootDataType/]: Couldn't parse element ResourceKey[minecraft:root / minecraft:loot_table]:dndecor:blocks/forest_container - Unknown registry key in ResourceKey[minecraft:root / minecraft:item]: dndecor:forest_container
[29авг.2026 23:03:09.508] [Worker-ResourceReload-9/ERROR] [net.minecraft.world.level.storage.loot.LootDataType/]: Couldn't parse element ResourceKey[minecraft:root / minecraft:loot_table]:dndecor:blocks/amber_flywheel - Unknown registry key in ResourceKey[minecraft:root / minecraft:item]: dndecor:amber_flywheel
[29авг.2026 23:03:09.509] [Worker-ResourceReload-9/ERROR] [net.minecraft.world.level.storage.loot.LootDataType/]: Couldn't parse element ResourceKey[minecraft:root / minecraft:loot_table]:dndecor:blocks/solid_tan_container - Unknown registry key in ResourceKey[minecraft:root / minecraft:item]: dndecor:solid_tan_container
[29авг.2026 23:03:09.511] [Worker-ResourceReload-9/ERROR] [net.minecraft.world.level.storage.loot.LootDataType/]: Couldn't parse element ResourceKey[minecraft:root / minecraft:loot_table]:dndecor:blocks/slate_sheet_metal - Unknown registry key in ResourceKey[minecraft:root / minecraft:item]: dndecor:slate_sheet_metal
[29авг.2026 23:03:09.513] [Worker-ResourceReload-9/ERROR] [net.minecraft.world.level.storage.loot.LootDataType/]: Couldn't parse element ResourceKey[minecraft:root / minecraft:loot_table]:dndecor:blocks/teal_small_deepslate_tiles - Unknown registry key in ResourceKey[minecraft:root / minecraft:item]: dndecor:teal_small_deepslate_tiles
[29авг.2026 23:03:09.513] [Worker-ResourceReload-9/ERROR] [net.minecraft.world.level.storage.loot.LootDataType/]: Couldn't parse element ResourceKey[minecraft:root / minecraft:loot_table]:dndecor:blocks/forest_sheet_metal - Unknown registry key in ResourceKey[minecraft:root / minecraft:item]: dndecor:forest_sheet_metal
[29авг.2026 23:03:09.514] [Worker-ResourceReload-9/ERROR] [net.minecraft.world.level.storage.loot.LootDataType/]: Couldn't parse element ResourceKey[minecraft:root / minecraft:loot_table]:dndecor:blocks/slate_large_industrial_cogwheel - Unknown registry key in ResourceKey[minecraft:root / minecraft:item]: dndecor:slate_large_industrial_cogwheel
[29авг.2026 23:03:09.514] [Worker-ResourceReload-9/ERROR] [net.minecraft.world.level.storage.loot.LootDataType/]: Couldn't parse element ResourceKey[minecraft:root / minecraft:loot_table]:dndecor:blocks/beige_large_metal_girder - Unknown registry key in ResourceKey[minecraft:root / minecraft:item]: dndecor:beige_large_metal_girder
[29авг.2026 23:03:09.514] [Worker-ResourceReload-9/ERROR] [net.minecraft.world.level.storage.loot.LootDataType/]: Couldn't parse element ResourceKey[minecraft:root / minecraft:loot_table]:dndecor:blocks/amber_sheet_metal - Unknown registry key in ResourceKey[minecraft:root / minecraft:item]: dndecor:amber_sheet_metal
[29авг.2026 23:03:09.515] [Worker-ResourceReload-9/ERROR] [net.minecraft.world.level.storage.loot.LootDataType/]: Couldn't parse element ResourceKey[minecraft:root / minecraft:loot_table]:create_connected:blocks/dye_depot_aqua_fan_dyeing_catalyst - Unknown registry key in ResourceKey[minecraft:root / minecraft:item]: create_connected:dye_depot_aqua_fan_dyeing_catalyst
[29авг.2026 23:03:09.515] [Worker-ResourceReload-9/ERROR] [net.minecraft.world.level.storage.loot.LootDataType/]: Couldn't parse element ResourceKey[minecraft:root / minecraft:loot_table]:dndecor:blocks/coral_large_industrial_cogwheel - Unknown registry key in ResourceKey[minecraft:root / minecraft:item]: dndecor:coral_large_industrial_cogwheel
[29авг.2026 23:03:09.518] [Worker-ResourceReload-9/ERROR] [net.minecraft.world.level.storage.loot.LootDataType/]: Couldn't parse element ResourceKey[minecraft:root / minecraft:loot_table]:dndecor:blocks/verdant_stone_metal - Unknown registry key in ResourceKey[minecraft:root / minecraft:item]: dndecor:verdant_stone_metal
[29авг.2026 23:03:09.520] [Worker-ResourceReload-9/ERROR] [net.minecraft.world.level.storage.loot.LootDataType/]: Couldn't parse element ResourceKey[minecraft:root / minecraft:loot_table]:dndecor:blocks/coral_large_fan - Unknown registry key in ResourceKey[minecraft:root / minecraft:item]: dndecor:coral_large_fan
[29авг.2026 23:03:09.520] [Worker-ResourceReload-9/ERROR] [net.minecraft.world.level.storage.loot.LootDataType/]: Couldn't parse element ResourceKey[minecraft:root / minecraft:loot_table]:dndecor:blocks/tan_stone_metal - Unknown registry key in ResourceKey[minecraft:root / minecraft:item]: dndecor:tan_stone_metal
[29авг.2026 23:03:09.522] [Worker-ResourceReload-9/ERROR] [net.minecraft.world.level.storage.loot.LootDataType/]: Couldn't parse element ResourceKey[minecraft:root / minecraft:loot_table]:dndecor:blocks/aqua_large_metal_girder - Unknown registry key in ResourceKey[minecraft:root / minecraft:item]: dndecor:aqua_large_metal_girder
[29авг.2026 23:03:09.524] [Worker-ResourceReload-9/ERROR] [net.minecraft.world.level.storage.loot.LootDataType/]: Couldn't parse element ResourceKey[minecraft:root / minecraft:loot_table]:dndecor:blocks/tan_industrial_cogwheel - Unknown registry key in ResourceKey[minecraft:root / minecraft:item]: dndecor:tan_industrial_cogwheel
[29авг.2026 23:03:09.528] [Worker-ResourceReload-9/ERROR] [net.minecraft.world.level.storage.loot.LootDataType/]: Couldn't parse element ResourceKey[minecraft:root / minecraft:loot_table]:dndecor:blocks/navy_velvet_block - Unknown registry key in ResourceKey[minecraft:root / minecraft:item]: dndecor:navy_velvet_block
[29авг.2026 23:03:09.531] [Worker-ResourceReload-9/ERROR] [net.minecraft.world.level.storage.loot.LootDataType/]: Couldn't parse element ResourceKey[minecraft:root / minecraft:loot_table]:dndecor:blocks/verdant_container - Unknown registry key in ResourceKey[minecraft:root / minecraft:item]: dndecor:verdant_container
[29авг.2026 23:03:09.532] [Worker-ResourceReload-9/ERROR] [net.minecraft.world.level.storage.loot.LootDataType/]: Couldn't parse element ResourceKey[minecraft:root / minecraft:loot_table]:dndecor:blocks/indigo_large_metal_girder - Unknown registry key in ResourceKey[minecraft:root / minecraft:item]: dndecor:indigo_large_metal_girder
[29авг.2026 23:03:09.532] [Worker-ResourceReload-9/ERROR] [net.minecraft.world.level.storage.loot.LootDataType/]: Couldn't parse element ResourceKey[minecraft:root / minecraft:loot_table]:dndecor:blocks/mint_display_board - Unknown registry key in ResourceKey[minecraft:root / minecraft:item]: dndecor:mint_display_board
[29авг.2026 23:03:09.533] [Worker-ResourceReload-9/ERROR] [net.minecraft.world.level.storage.loot.LootDataType/]: Couldn't parse element ResourceKey[minecraft:root / minecraft:loot_table]:idas:chests/dread_citadel/dread_citadel_throne - Unknown registry key in ResourceKey[minecraft:root / minecraft:item]: iceandfire:dread_knight_sword; Unknown registry key in ResourceKey[minecraft:root / minecraft:item]: iceandfire:dragonarmor_diamond_tail; Unknown registry key in ResourceKey[minecraft:root / minecraft:item]: iceandfire:dragonarmor_diamond_body; Unknown registry key in ResourceKey[minecraft:root / minecraft:item]: iceandfire:dragonarmor_diamond_neck; Unknown registry key in ResourceKey[minecraft:root / minecraft:item]: iceandfire:dragonarmor_diamond_head; Unknown registry key in ResourceKey[minecraft:root / minecraft:item]: iceandfire:dread_key; Unknown registry key in ResourceKey[minecraft:root / minecraft:item]: iceandfire:dragon_flute; Unknown registry key in ResourceKey[minecraft:root / minecraft:item]: iceandfire:dragonegg_blue; Unknown registry key in ResourceKey[minecraft:root / minecraft:item]: iceandfire:ice_dragon_flesh; Unknown registry key in ResourceKey[minecraft:root / minecraft:item]: iceandfire:sapphire_block; Unknown registry key in ResourceKey[minecraft:root / minecraft:item]: iceandfire:ice_dragon_heart; Unknown registry key in ResourceKey[minecraft:root / minecraft:item]: iceandfire:ice_dragon_blood; Unknown registry key in ResourceKey[minecraft:root / minecraft:item]: iceandfire:dragon_ice; Unknown registry key in ResourceKey[minecraft:root / minecraft:item]: iceandfire:manuscript; Unknown registry key in ResourceKey[minecraft:root / minecraft:item]: iceandfire:dragonbone; Unknown registry key in ResourceKey[minecraft:root / minecraft:item]: iceandfire:silver_block; Unknown registry key in ResourceKey[minecraft:root / minecraft:item]: iceandfire:ash; Unknown registry key in ResourceKey[minecraft:root / minecraft:item]: iceandfire:dread_torch; Unknown registry key in ResourceKey[minecraft:root / minecraft:item]: iceandfire:troll_tusk; Unknown registry key in ResourceKey[minecraft:root / minecraft:item]: iceandfire:witherbone; Unknown registry key in ResourceKey[minecraft:root / minecraft:item]: iceandfire:troll_leather_frost; Unknown registry key in ResourceKey[minecraft:root / minecraft:item]: iceandfire:dread_shard
[29авг.2026 23:03:09.534] [Worker-ResourceReload-9/ERROR] [net.minecraft.world.level.storage.loot.LootDataType/]: Couldn't parse element ResourceKey[minecraft:root / minecraft:loot_table]:dndecor:blocks/mint_large_fan - Unknown registry key in ResourceKey[minecraft:root / minecraft:item]: dndecor:mint_large_fan
[29авг.2026 23:03:09.535] [Worker-ResourceReload-9/ERROR] [net.minecraft.world.level.storage.loot.LootDataType/]: Couldn't parse element ResourceKey[minecraft:root / minecraft:loot_table]:dndecor:blocks/slate_industrial_cogwheel - Unknown registry key in ResourceKey[minecraft:root / minecraft:item]: dndecor:slate_industrial_cogwheel
[29авг.2026 23:03:09.535] [Worker-ResourceReload-9/ERROR] [net.minecraft.world.level.storage.loot.LootDataType/]: Couldn't parse element ResourceKey[minecraft:root / minecraft:loot_table]:create_connected:blocks/dye_depot_ginger_fan_dyeing_catalyst - Unknown registry key in ResourceKey[minecraft:root / minecraft:item]: create_connected:dye_depot_ginger_fan_dyeing_catalyst
[29авг.2026 23:03:09.535] [Worker-ResourceReload-9/ERROR] [net.minecraft.world.level.storage.loot.LootDataType/]: Couldn't parse element ResourceKey[minecraft:root / minecraft:loot_table]:dndecor:blocks/aqua_large_industrial_cogwheel - Unknown registry key in ResourceKey[minecraft:root / minecraft:item]: dndecor:aqua_large_industrial_cogwheel
[29авг.2026 23:03:09.537] [Worker-ResourceReload-9/ERROR] [net.minecraft.world.level.storage.loot.LootDataType/]: Couldn't parse element ResourceKey[minecraft:root / minecraft:loot_table]:dndecor:blocks/verdant_dark_metal_plating - Unknown registry key in ResourceKey[minecraft:root / minecraft:item]: dndecor:verdant_dark_metal_plating
[29авг.2026 23:03:09.539] [Worker-ResourceReload-9/ERROR] [net.minecraft.world.level.storage.loot.LootDataType/]: Couldn't parse element ResourceKey[minecraft:root / minecraft:loot_table]:dndecor:blocks/rose_industrial_cogwheel - Unknown registry key in ResourceKey[minecraft:root / minecraft:item]: dndecor:rose_industrial_cogwheel
[29авг.2026 23:03:09.540] [Worker-ResourceReload-9/ERROR] [net.minecraft.world.level.storage.loot.LootDataType/]: Couldn't parse element ResourceKey[minecraft:root / minecraft:loot_table]:dndecor:blocks/solid_verdant_container - Unknown registry key in ResourceKey[minecraft:root / minecraft:item]: dndecor:solid_verdant_container
[29авг.2026 23:03:09.541] [Worker-ResourceReload-9/ERROR] [net.minecraft.world.level.storage.loot.LootDataType/]: Couldn't parse element ResourceKey[minecraft:root / minecraft:loot_table]:dndecor:blocks/slate_velvet_block - Unknown registry key in ResourceKey[minecraft:root / minecraft:item]: dndecor:slate_velvet_block
[29авг.2026 23:03:09.541] [Worker-ResourceReload-9/ERROR] [net.minecraft.world.level.storage.loot.LootDataType/]: Couldn't parse element ResourceKey[minecraft:root / minecraft:loot_table]:dndecor:blocks/indigo_large_industrial_cogwheel - Unknown registry key in ResourceKey[minecraft:root / minecraft:item]: dndecor:indigo_large_industrial_cogwheel
[29авг.2026 23:03:09.542] [Worker-ResourceReload-9/ERROR] [net.minecraft.world.level.storage.loot.LootDataType/]: Couldn't parse element ResourceKey[minecraft:root / minecraft:loot_table]:dndecor:blocks/amber_industrial_cogwheel - Unknown registry key in ResourceKey[minecraft:root / minecraft:item]: dndecor:amber_industrial_cogwheel
[29авг.2026 23:03:09.543] [Worker-ResourceReload-9/ERROR] [net.minecraft.world.level.storage.loot.LootDataType/]: Couldn't parse element ResourceKey[minecraft:root / minecraft:loot_table]:dndecor:blocks/coral_small_deepslate_tiles - Unknown registry key in ResourceKey[minecraft:root / minecraft:item]: dndecor:coral_small_deepslate_tiles
[29авг.2026 23:03:09.544] [Worker-ResourceReload-9/ERROR] [net.minecraft.world.level.storage.loot.LootDataType/]: Couldn't parse element ResourceKey[minecraft:root / minecraft:loot_table]:create_integrated_farming:blocks/duck_roost_female - Unknown registry key in ResourceKey[minecraft:root / minecraft:item]: create_integrated_farming:duck_roost_female
[29авг.2026 23:03:09.546] [Worker-ResourceReload-9/ERROR] [net.minecraft.world.level.storage.loot.LootDataType/]: Couldn't parse element ResourceKey[minecraft:root / minecraft:loot_table]:dndecor:blocks/slate_container - Unknown registry key in ResourceKey[minecraft:root / minecraft:item]: dndecor:slate_container
[29авг.2026 23:03:09.548] [Worker-ResourceReload-9/ERROR] [net.minecraft.world.level.storage.loot.LootDataType/]: Couldn't parse element ResourceKey[minecraft:root / minecraft:loot_table]:dndecor:blocks/teal_dark_metal_plating - Unknown registry key in ResourceKey[minecraft:root / minecraft:item]: dndecor:teal_dark_metal_plating
[29авг.2026 23:03:09.549] [Worker-ResourceReload-9/ERROR] [net.minecraft.world.level.storage.loot.LootDataType/]: Couldn't parse element ResourceKey[minecraft:root / minecraft:loot_table]:create_integrated_farming:blocks/goose_roost_canadian - Unknown registry key in ResourceKey[minecraft:root / minecraft:item]: create_integrated_farming:goose_roost_canadian
[29авг.2026 23:03:09.551] [Worker-ResourceReload-9/ERROR] [net.minecraft.world.level.storage.loot.LootDataType/]: Couldn't parse element ResourceKey[minecraft:root / minecraft:loot_table]:dndecor:blocks/ginger_large_metal_girder - Unknown registry key in ResourceKey[minecraft:root / minecraft:item]: dndecor:ginger_large_metal_girder
[29авг.2026 23:03:09.559] [Worker-ResourceReload-9/ERROR] [net.minecraft.world.level.storage.loot.LootDataType/]: Couldn't parse element ResourceKey[minecraft:root / minecraft:loot_table]:dndecor:blocks/mint_large_industrial_cogwheel - Unknown registry key in ResourceKey[minecraft:root / minecraft:item]: dndecor:mint_large_industrial_cogwheel
[29авг.2026 23:03:09.560] [Worker-ResourceReload-9/ERROR] [net.minecraft.world.level.storage.loot.LootDataType/]: Couldn't parse element ResourceKey[minecraft:root / minecraft:loot_table]:dndecor:blocks/olive_large_metal_girder - Unknown registry key in ResourceKey[minecraft:root / minecraft:item]: dndecor:olive_large_metal_girder
[29авг.2026 23:03:09.560] [Worker-ResourceReload-9/ERROR] [net.minecraft.world.level.storage.loot.LootDataType/]: Couldn't parse element ResourceKey[minecraft:root / minecraft:loot_table]:createdieselgenerators:blocks/andesite_girder_strut - Unknown registry key in ResourceKey[minecraft:root / minecraft:item]: createdieselgenerators:andesite_girder_strut
[29авг.2026 23:03:09.561] [Worker-ResourceReload-9/ERROR] [net.minecraft.world.level.storage.loot.LootDataType/]: Couldn't parse element ResourceKey[minecraft:root / minecraft:loot_table]:dndecor:blocks/navy_large_cogwheel - Unknown registry key in ResourceKey[minecraft:root / minecraft:item]: dndecor:navy_large_cogwheel
[29авг.2026 23:03:09.564] [Worker-ResourceReload-9/ERROR] [net.minecraft.world.level.storage.loot.LootDataType/]: Couldn't parse element ResourceKey[minecraft:root / minecraft:loot_table]:dndecor:blocks/rose_flywheel - Unknown registry key in ResourceKey[minecraft:root / minecraft:item]: dndecor:rose_flywheel
[29авг.2026 23:03:09.564] [Worker-ResourceReload-9/ERROR] [net.minecraft.world.level.storage.loot.LootDataType/]: Couldn't parse element ResourceKey[minecraft:root / minecraft:loot_table]:idas:chests/dread_citadel/dread_citadel_library - Unknown registry key in ResourceKey[minecraft:root / minecraft:item]: iceandfire:dragon_ice; Unknown registry key in ResourceKey[minecraft:root / minecraft:item]: iceandfire:manuscript; Unknown registry key in ResourceKey[minecraft:root / minecraft:item]: iceandfire:dread_shard
[29авг.2026 23:03:09.564] [Worker-ResourceReload-9/ERROR] [net.minecraft.world.level.storage.loot.LootDataType/]: Couldn't parse element ResourceKey[minecraft:root / minecraft:loot_table]:dndecor:blocks/solid_aqua_container - Unknown registry key in ResourceKey[minecraft:root / minecraft:item]: dndecor:solid_aqua_container
[29авг.2026 23:03:09.565] [Worker-ResourceReload-9/ERROR] [net.minecraft.world.level.storage.loot.LootDataType/]: Couldn't parse element ResourceKey[minecraft:root / minecraft:loot_table]:dndecor:blocks/amber_large_industrial_cogwheel - Unknown registry key in ResourceKey[minecraft:root / minecraft:item]: dndecor:amber_large_industrial_cogwheel
[29авг.2026 23:03:09.567] [Worker-ResourceReload-9/ERROR] [net.minecraft.world.level.storage.loot.LootDataType/]: Couldn't parse element ResourceKey[minecraft:root / minecraft:loot_table]:dndecor:blocks/mint_flywheel - Unknown registry key in ResourceKey[minecraft:root / minecraft:item]: dndecor:mint_flywheel
[29авг.2026 23:03:09.570] [Worker-ResourceReload-9/ERROR] [net.minecraft.world.level.storage.loot.LootDataType/]: Couldn't parse element ResourceKey[minecraft:root / minecraft:loot_table]:dndecor:blocks/forest_industrial_cogwheel - Unknown registry key in ResourceKey[minecraft:root / minecraft:item]: dndecor:forest_industrial_cogwheel
[29авг.2026 23:03:09.571] [Worker-ResourceReload-9/ERROR] [net.minecraft.world.level.storage.loot.LootDataType/]: Couldn't parse element ResourceKey[minecraft:root / minecraft:loot_table]:dndecor:blocks/tan_container - Unknown registry key in ResourceKey[minecraft:root / minecraft:item]: dndecor:tan_container
[29авг.2026 23:03:09.571] [Worker-ResourceReload-9/ERROR] [net.minecraft.world.level.storage.loot.LootDataType/]: Couldn't parse element ResourceKey[minecraft:root / minecraft:loot_table]:dndecor:blocks/verdant_dark_metal_block - Unknown registry key in ResourceKey[minecraft:root / minecraft:item]: dndecor:verdant_dark_metal_block
[29авг.2026 23:03:09.573] [Worker-ResourceReload-9/ERROR] [net.minecraft.world.level.storage.loot.LootDataType/]: Couldn't parse element ResourceKey[minecraft:root / minecraft:loot_table]:dndecor:blocks/indigo_industrial_cogwheel - Unknown registry key in ResourceKey[minecraft:root / minecraft:item]: dndecor:indigo_industrial_cogwheel
[29авг.2026 23:03:09.573] [Worker-ResourceReload-9/ERROR] [net.minecraft.world.level.storage.loot.LootDataType/]: Couldn't parse element ResourceKey[minecraft:root / minecraft:loot_table]:dndecor:blocks/forest_large_fan - Unknown registry key in ResourceKey[minecraft:root / minecraft:item]: dndecor:forest_large_fan
[29авг.2026 23:03:09.575] [Worker-ResourceReload-9/ERROR] [net.minecraft.world.level.storage.loot.LootDataType/]: Couldn't parse element ResourceKey[minecraft:root / minecraft:loot_table]:dndecor:blocks/teal_display_board - Unknown registry key in ResourceKey[minecraft:root / minecraft:item]: dndecor:teal_display_board
[29авг.2026 23:03:09.579] [Worker-ResourceReload-9/ERROR] [net.minecraft.world.level.storage.loot.LootDataType/]: Couldn't parse element ResourceKey[minecraft:root / minecraft:loot_table]:create_connected:blocks/dye_depot_maroon_fan_dyeing_catalyst - Unknown registry key in ResourceKey[minecraft:root / minecraft:item]: create_connected:dye_depot_maroon_fan_dyeing_catalyst
[29авг.2026 23:03:09.580] [Worker-ResourceReload-9/ERROR] [net.minecraft.world.level.storage.loot.LootDataType/]: Couldn't parse element ResourceKey[minecraft:root / minecraft:loot_table]:dndecor:blocks/teal_velvet_block - Unknown registry key in ResourceKey[minecraft:root / minecraft:item]: dndecor:teal_velvet_block
[29авг.2026 23:03:09.581] [Worker-ResourceReload-9/ERROR] [net.minecraft.world.level.storage.loot.LootDataType/]: Couldn't parse element ResourceKey[minecraft:root / minecraft:loot_table]:dndecor:blocks/slate_large_fan - Unknown registry key in ResourceKey[minecraft:root / minecraft:item]: dndecor:slate_large_fan
[29авг.2026 23:03:09.583] [Worker-ResourceReload-9/ERROR] [net.minecraft.world.level.storage.loot.LootDataType/]: Couldn't parse element ResourceKey[minecraft:root / minecraft:loot_table]:dndecor:blocks/olive_flywheel - Unknown registry key in ResourceKey[minecraft:root / minecraft:item]: dndecor:olive_flywheel
[29авг.2026 23:03:09.583] [Worker-ResourceReload-9/ERROR] [net.minecraft.world.level.storage.loot.LootDataType/]: Couldn't parse element ResourceKey[minecraft:root / minecraft:loot_table]:dndecor:blocks/navy_container - Unknown registry key in ResourceKey[minecraft:root / minecraft:item]: dndecor:navy_container
[29авг.2026 23:03:09.584] [Worker-ResourceReload-9/ERROR] [net.minecraft.world.level.storage.loot.LootDataType/]: Couldn't parse element ResourceKey[minecraft:root / minecraft:loot_table]:dndecor:blocks/mint_large_cogwheel - Unknown registry key in ResourceKey[minecraft:root / minecraft:item]: dndecor:mint_large_cogwheel
[29авг.2026 23:03:09.586] [Worker-ResourceReload-9/ERROR] [net.minecraft.world.level.storage.loot.LootDataType/]: Couldn't parse element ResourceKey[minecraft:root / minecraft:loot_table]:dndecor:blocks/coral_dark_metal_plating - Unknown registry key in ResourceKey[minecraft:root / minecraft:item]: dndecor:coral_dark_metal_plating
[29авг.2026 23:03:09.586] [Worker-ResourceReload-9/ERROR] [net.minecraft.world.level.storage.loot.LootDataType/]: Couldn't parse element ResourceKey[minecraft:root / minecraft:loot_table]:dndecor:blocks/ginger_container - Unknown registry key in ResourceKey[minecraft:root / minecraft:item]: dndecor:ginger_container
[29авг.2026 23:03:09.589] [Worker-ResourceReload-9/ERROR] [net.minecraft.world.level.storage.loot.LootDataType/]: Couldn't parse element ResourceKey[minecraft:root / minecraft:loot_table]:create_enchantment_industry:blocks/ender_woven_bag - Unknown registry key in ResourceKey[minecraft:root / minecraft:data_component_type]: create_enchantment_industry:stored_entities; Unknown registry key in ResourceKey[minecraft:root / minecraft:item]: create_enchantment_industry:ender_woven_bag
[29авг.2026 23:03:09.590] [Worker-ResourceReload-9/ERROR] [net.minecraft.world.level.storage.loot.LootDataType/]: Couldn't parse element ResourceKey[minecraft:root / minecraft:loot_table]:dndecor:blocks/ginger_large_cogwheel - Unknown registry key in ResourceKey[minecraft:root / minecraft:item]: dndecor:ginger_large_cogwheel
[29авг.2026 23:03:09.591] [Worker-ResourceReload-9/ERROR] [net.minecraft.world.level.storage.loot.LootDataType/]: Couldn't parse element ResourceKey[minecraft:root / minecraft:loot_table]:dndecor:blocks/verdant_large_fan - Unknown registry key in ResourceKey[minecraft:root / minecraft:item]: dndecor:verdant_large_fan
[29авг.2026 23:03:09.593] [Worker-ResourceReload-9/ERROR] [net.minecraft.world.level.storage.loot.LootDataType/]: Couldn't parse element ResourceKey[minecraft:root / minecraft:loot_table]:dndecor:blocks/slate_cogwheel - Unknown registry key in ResourceKey[minecraft:root / minecraft:item]: dndecor:slate_cogwheel
[29авг.2026 23:03:09.595] [Worker-ResourceReload-9/ERROR] [net.minecraft.world.level.storage.loot.LootDataType/]: Couldn't parse element ResourceKey[minecraft:root / minecraft:loot_table]:dndecor:blocks/solid_slate_container - Unknown registry key in ResourceKey[minecraft:root / minecraft:item]: dndecor:solid_slate_container
[29авг.2026 23:03:09.596] [Worker-ResourceReload-9/ERROR] [net.minecraft.world.level.storage.loot.LootDataType/]: Couldn't parse element ResourceKey[minecraft:root / minecraft:loot_table]:create_integrated_farming:blocks/duck_roost_campbell - Unknown registry key in ResourceKey[minecraft:root / minecraft:item]: create_integrated_farming:duck_roost_campbell
[29авг.2026 23:03:09.596] [Worker-ResourceReload-9/ERROR] [net.minecraft.world.level.storage.loot.LootDataType/]: Couldn't parse element ResourceKey[minecraft:root / minecraft:loot_table]:create_connected:blocks/dye_depot_olive_fan_dyeing_catalyst - Unknown registry key in ResourceKey[minecraft:root / minecraft:item]: create_connected:dye_depot_olive_fan_dyeing_catalyst
[29авг.2026 23:03:09.597] [Worker-ResourceReload-9/ERROR] [net.minecraft.world.level.storage.loot.LootDataType/]: Couldn't parse element ResourceKey[minecraft:root / minecraft:loot_table]:dndecor:blocks/indigo_velvet_block - Unknown registry key in ResourceKey[minecraft:root / minecraft:item]: dndecor:indigo_velvet_block
[29авг.2026 23:03:09.601] [Worker-ResourceReload-9/ERROR] [net.minecraft.world.level.storage.loot.LootDataType/]: Couldn't parse element ResourceKey[minecraft:root / minecraft:loot_table]:dndecor:blocks/tan_large_cogwheel - Unknown registry key in ResourceKey[minecraft:root / minecraft:item]: dndecor:tan_large_cogwheel
[29авг.2026 23:03:09.601] [Worker-ResourceReload-9/ERROR] [net.minecraft.world.level.storage.loot.LootDataType/]: Couldn't parse element ResourceKey[minecraft:root / minecraft:loot_table]:dndecor:blocks/navy_dark_metal_plating - Unknown registry key in ResourceKey[minecraft:root / minecraft:item]: dndecor:navy_dark_metal_plating
[29авг.2026 23:03:09.604] [Worker-ResourceReload-9/ERROR] [net.minecraft.world.level.storage.loot.LootDataType/]: Couldn't parse element ResourceKey[minecraft:root / minecraft:loot_table]:create_connected:blocks/dye_depot_verdant_fan_dyeing_catalyst - Unknown registry key in ResourceKey[minecraft:root / minecraft:item]: create_connected:dye_depot_verdant_fan_dyeing_catalyst
[29авг.2026 23:03:09.608] [Worker-ResourceReload-9/ERROR] [net.minecraft.world.level.storage.loot.LootDataType/]: Couldn't parse element ResourceKey[minecraft:root / minecraft:loot_table]:dndecor:blocks/solid_olive_container - Unknown registry key in ResourceKey[minecraft:root / minecraft:item]: dndecor:solid_olive_container
[29авг.2026 23:03:09.610] [Worker-ResourceReload-9/ERROR] [net.minecraft.world.level.storage.loot.LootDataType/]: Couldn't parse element ResourceKey[minecraft:root / minecraft:loot_table]:dndecor:blocks/ginger_small_deepslate_tiles - Unknown registry key in ResourceKey[minecraft:root / minecraft:item]: dndecor:ginger_small_deepslate_tiles
[29авг.2026 23:03:09.617] [Worker-ResourceReload-9/ERROR] [net.minecraft.world.level.storage.loot.LootDataType/]: Couldn't parse element ResourceKey[minecraft:root / minecraft:loot_table]:dndecor:blocks/indigo_sheet_metal - Unknown registry key in ResourceKey[minecraft:root / minecraft:item]: dndecor:indigo_sheet_metal
[29авг.2026 23:03:09.617] [Worker-ResourceReload-9/ERROR] [net.minecraft.world.level.storage.loot.LootDataType/]: Couldn't parse element ResourceKey[minecraft:root / minecraft:loot_table]:create_connected:blocks/dye_depot_beige_fan_dyeing_catalyst - Unknown registry key in ResourceKey[minecraft:root / minecraft:item]: create_connected:dye_depot_beige_fan_dyeing_catalyst
[29авг.2026 23:03:09.618] [Worker-ResourceReload-9/ERROR] [net.minecraft.world.level.storage.loot.LootDataType/]: Couldn't parse element ResourceKey[minecraft:root / minecraft:loot_table]:dndecor:blocks/rose_small_deepslate_tiles - Unknown registry key in ResourceKey[minecraft:root / minecraft:item]: dndecor:rose_small_deepslate_tiles
[29авг.2026 23:03:09.619] [Worker-ResourceReload-9/ERROR] [net.minecraft.world.level.storage.loot.LootDataType/]: Couldn't parse element ResourceKey[minecraft:root / minecraft:loot_table]:dndecor:blocks/forest_large_industrial_cogwheel - Unknown registry key in ResourceKey[minecraft:root / minecraft:item]: dndecor:forest_large_industrial_cogwheel
[29авг.2026 23:03:09.620] [Worker-ResourceReload-9/ERROR] [net.minecraft.world.level.storage.loot.LootDataType/]: Couldn't parse element ResourceKey[minecraft:root / minecraft:loot_table]:dndecor:blocks/ginger_sheet_metal - Unknown registry key in ResourceKey[minecraft:root / minecraft:item]: dndecor:ginger_sheet_metal
[29авг.2026 23:03:09.625] [Worker-ResourceReload-9/ERROR] [net.minecraft.world.level.storage.loot.LootDataType/]: Couldn't parse element ResourceKey[minecraft:root / minecraft:loot_table]:create_integrated_farming:blocks/duck_roost_pekin - Unknown registry key in ResourceKey[minecraft:root / minecraft:item]: create_integrated_farming:duck_roost_pekin
[29авг.2026 23:03:09.627] [Worker-ResourceReload-9/ERROR] [net.minecraft.world.level.storage.loot.LootDataType/]: Couldn't parse element ResourceKey[minecraft:root / minecraft:loot_table]:create_enchantment_industry:blocks/infuser - Unknown registry key in ResourceKey[minecraft:root / minecraft:item]: create_enchantment_industry:infuser
[29авг.2026 23:03:09.627] [Worker-ResourceReload-9/ERROR] [net.minecraft.world.level.storage.loot.LootDataType/]: Couldn't parse element ResourceKey[minecraft:root / minecraft:loot_table]:dndecor:blocks/aqua_stone_metal - Unknown registry key in ResourceKey[minecraft:root / minecraft:item]: dndecor:aqua_stone_metal
[29авг.2026 23:03:09.629] [Worker-ResourceReload-9/ERROR] [net.minecraft.world.level.storage.loot.LootDataType/]: Couldn't parse element ResourceKey[minecraft:root / minecraft:loot_table]:dndecor:blocks/indigo_stone_metal - Unknown registry key in ResourceKey[minecraft:root / minecraft:item]: dndecor:indigo_stone_metal
[29авг.2026 23:03:09.629] [Worker-ResourceReload-9/ERROR] [net.minecraft.world.level.storage.loot.LootDataType/]: Couldn't parse element ResourceKey[minecraft:root / minecraft:loot_table]:dndecor:blocks/amber_dark_metal_plating - Unknown registry key in ResourceKey[minecraft:root / minecraft:item]: dndecor:amber_dark_metal_plating
[29авг.2026 23:03:09.630] [Worker-ResourceReload-9/ERROR] [net.minecraft.world.level.storage.loot.LootDataType/]: Couldn't parse element ResourceKey[minecraft:root / minecraft:loot_table]:dndecor:blocks/rose_large_metal_girder - Unknown registry key in ResourceKey[minecraft:root / minecraft:item]: dndecor:rose_large_metal_girder
[29авг.2026 23:03:09.631] [Worker-ResourceReload-9/ERROR] [net.minecraft.world.level.storage.loot.LootDataType/]: Couldn't parse element ResourceKey[minecraft:root / minecraft:loot_table]:dndecor:blocks/olive_cogwheel - Unknown registry key in ResourceKey[minecraft:root / minecraft:item]: dndecor:olive_cogwheel
[29авг.2026 23:03:09.632] [Worker-ResourceReload-9/ERROR] [net.minecraft.world.level.storage.loot.LootDataType/]: Couldn't parse element ResourceKey[minecraft:root / minecraft:loot_table]:dndecor:blocks/tan_large_metal_girder - Unknown registry key in ResourceKey[minecraft:root / minecraft:item]: dndecor:tan_large_metal_girder
[29авг.2026 23:03:09.633] [Worker-ResourceReload-9/ERROR] [net.minecraft.world.level.storage.loot.LootDataType/]: Couldn't parse element ResourceKey[minecraft:root / minecraft:loot_table]:dndecor:blocks/beige_large_industrial_cogwheel - Unknown registry key in ResourceKey[minecraft:root / minecraft:item]: dndecor:beige_large_industrial_cogwheel
[29авг.2026 23:03:09.635] [Worker-ResourceReload-9/ERROR] [net.minecraft.world.level.storage.loot.LootDataType/]: Couldn't parse element ResourceKey[minecraft:root / minecraft:loot_table]:dndecor:blocks/mint_container - Unknown registry key in ResourceKey[minecraft:root / minecraft:item]: dndecor:mint_container
[29авг.2026 23:03:09.636] [Worker-ResourceReload-9/ERROR] [net.minecraft.world.level.storage.loot.LootDataType/]: Couldn't parse element ResourceKey[minecraft:root / minecraft:loot_table]:dndecor:blocks/mint_velvet_block - Unknown registry key in ResourceKey[minecraft:root / minecraft:item]: dndecor:mint_velvet_block
[29авг.2026 23:03:09.636] [Worker-ResourceReload-9/ERROR] [net.minecraft.world.level.storage.loot.LootDataType/]: Couldn't parse element ResourceKey[minecraft:root / minecraft:loot_table]:dndecor:blocks/olive_large_cogwheel - Unknown registry key in ResourceKey[minecraft:root / minecraft:item]: dndecor:olive_large_cogwheel
[29авг.2026 23:03:09.636] [Worker-ResourceReload-9/ERROR] [net.minecraft.world.level.storage.loot.LootDataType/]: Couldn't parse element ResourceKey[minecraft:root / minecraft:loot_table]:dndecor:blocks/verdant_flywheel - Unknown registry key in ResourceKey[minecraft:root / minecraft:item]: dndecor:verdant_flywheel
[29авг.2026 23:03:09.637] [Worker-ResourceReload-9/ERROR] [net.minecraft.world.level.storage.loot.LootDataType/]: Couldn't parse element ResourceKey[minecraft:root / minecraft:loot_table]:dndecor:blocks/forest_display_board - Unknown registry key in ResourceKey[minecraft:root / minecraft:item]: dndecor:forest_display_board
[29авг.2026 23:03:09.637] [Worker-ResourceReload-9/ERROR] [net.minecraft.world.level.storage.loot.LootDataType/]: Couldn't parse element ResourceKey[minecraft:root / minecraft:loot_table]:dndecor:blocks/rose_dark_metal_block - Unknown registry key in ResourceKey[minecraft:root / minecraft:item]: dndecor:rose_dark_metal_block
[29авг.2026 23:03:09.638] [Worker-ResourceReload-9/ERROR] [net.minecraft.world.level.storage.loot.LootDataType/]: Couldn't parse element ResourceKey[minecraft:root / minecraft:loot_table]:dndecor:blocks/mint_cogwheel - Unknown registry key in ResourceKey[minecraft:root / minecraft:item]: dndecor:mint_cogwheel
[29авг.2026 23:03:09.639] [Worker-ResourceReload-9/ERROR] [net.minecraft.world.level.storage.loot.LootDataType/]: Couldn't parse element ResourceKey[minecraft:root / minecraft:loot_table]:dndecor:blocks/olive_dark_metal_plating - Unknown registry key in ResourceKey[minecraft:root / minecraft:item]: dndecor:olive_dark_metal_plating
[29авг.2026 23:03:09.640] [Worker-ResourceReload-9/ERROR] [net.minecraft.world.level.storage.loot.LootDataType/]: Couldn't parse element ResourceKey[minecraft:root / minecraft:loot_table]:create_connected:blocks/dye_depot_teal_fan_dyeing_catalyst - Unknown registry key in ResourceKey[minecraft:root / minecraft:item]: create_connected:dye_depot_teal_fan_dyeing_catalyst
[29авг.2026 23:03:09.643] [Worker-ResourceReload-9/ERROR] [net.minecraft.world.level.storage.loot.LootDataType/]: Couldn't parse element ResourceKey[minecraft:root / minecraft:loot_table]:dndecor:blocks/olive_large_fan - Unknown registry key in ResourceKey[minecraft:root / minecraft:item]: dndecor:olive_large_fan
[29авг.2026 23:03:09.645] [Worker-ResourceReload-9/ERROR] [net.minecraft.world.level.storage.loot.LootDataType/]: Couldn't parse element ResourceKey[minecraft:root / minecraft:loot_table]:dndecor:blocks/amber_small_deepslate_tiles - Unknown registry key in ResourceKey[minecraft:root / minecraft:item]: dndecor:amber_small_deepslate_tiles
[29авг.2026 23:03:09.648] [Worker-ResourceReload-9/ERROR] [net.minecraft.world.level.storage.loot.LootDataType/]: Couldn't parse element ResourceKey[minecraft:root / minecraft:loot_table]:dndecor:blocks/slate_flywheel - Unknown registry key in ResourceKey[minecraft:root / minecraft:item]: dndecor:slate_flywheel
[29авг.2026 23:03:09.648] [Worker-ResourceReload-9/ERROR] [net.minecraft.world.level.storage.loot.LootDataType/]: Couldn't parse element ResourceKey[minecraft:root / minecraft:loot_table]:dndecor:blocks/amber_stone_metal - Unknown registry key in ResourceKey[minecraft:root / minecraft:item]: dndecor:amber_stone_metal
[29авг.2026 23:03:09.650] [Worker-ResourceReload-9/ERROR] [net.minecraft.world.level.storage.loot.LootDataType/]: Couldn't parse element ResourceKey[minecraft:root / minecraft:loot_table]:dndecor:blocks/teal_large_metal_girder - Unknown registry key in ResourceKey[minecraft:root / minecraft:item]: dndecor:teal_large_metal_girder
[29авг.2026 23:03:09.652] [Worker-ResourceReload-9/ERROR] [net.minecraft.world.level.storage.loot.LootDataType/]: Couldn't parse element ResourceKey[minecraft:root / minecraft:loot_table]:dndecor:blocks/navy_large_industrial_cogwheel - Unknown registry key in ResourceKey[minecraft:root / minecraft:item]: dndecor:navy_large_industrial_cogwheel
[29авг.2026 23:03:09.654] [Worker-ResourceReload-9/ERROR] [net.minecraft.world.level.storage.loot.LootDataType/]: Couldn't parse element ResourceKey[minecraft:root / minecraft:loot_table]:dndecor:blocks/rose_large_industrial_cogwheel - Unknown registry key in ResourceKey[minecraft:root / minecraft:item]: dndecor:rose_large_industrial_cogwheel
[29авг.2026 23:03:09.656] [Worker-ResourceReload-9/ERROR] [net.minecraft.world.level.storage.loot.LootDataType/]: Couldn't parse element ResourceKey[minecraft:root / minecraft:loot_table]:dndecor:blocks/coral_dark_metal_block - Unknown registry key in ResourceKey[minecraft:root / minecraft:item]: dndecor:coral_dark_metal_block
[29авг.2026 23:03:09.656] [Worker-ResourceReload-9/ERROR] [net.minecraft.world.level.storage.loot.LootDataType/]: Couldn't parse element ResourceKey[minecraft:root / minecraft:loot_table]:dndecor:blocks/ginger_dark_metal_block - Unknown registry key in ResourceKey[minecraft:root / minecraft:item]: dndecor:ginger_dark_metal_block
[29авг.2026 23:03:09.657] [Worker-ResourceReload-9/ERROR] [net.minecraft.world.level.storage.loot.LootDataType/]: Couldn't parse element ResourceKey[minecraft:root / minecraft:loot_table]:dndecor:blocks/rose_container - Unknown registry key in ResourceKey[minecraft:root / minecraft:item]: dndecor:rose_container
[29авг.2026 23:03:09.659] [Worker-ResourceReload-9/ERROR] [net.minecraft.world.level.storage.loot.LootDataType/]: Couldn't parse element ResourceKey[minecraft:root / minecraft:loot_table]:dndecor:blocks/amber_cogwheel - Unknown registry key in ResourceKey[minecraft:root / minecraft:item]: dndecor:amber_cogwheel
[29авг.2026 23:03:09.659] [Worker-ResourceReload-9/ERROR] [net.minecraft.world.level.storage.loot.LootDataType/]: Couldn't parse element ResourceKey[minecraft:root / minecraft:loot_table]:dndecor:blocks/indigo_large_cogwheel - Unknown registry key in ResourceKey[minecraft:root / minecraft:item]: dndecor:indigo_large_cogwheel
[29авг.2026 23:03:09.660] [Worker-ResourceReload-9/ERROR] [net.minecraft.world.level.storage.loot.LootDataType/]: Couldn't parse element ResourceKey[minecraft:root / minecraft:loot_table]:dndecor:blocks/maroon_velvet_block - Unknown registry key in ResourceKey[minecraft:root / minecraft:item]: dndecor:maroon_velvet_block
[29авг.2026 23:03:09.660] [Worker-ResourceReload-9/ERROR] [net.minecraft.world.level.storage.loot.LootDataType/]: Couldn't parse element ResourceKey[minecraft:root / minecraft:loot_table]:dndecor:blocks/navy_cogwheel - Unknown registry key in ResourceKey[minecraft:root / minecraft:item]: dndecor:navy_cogwheel
[29авг.2026 23:03:09.661] [Worker-ResourceReload-9/ERROR] [net.minecraft.world.level.storage.loot.LootDataType/]: Couldn't parse element ResourceKey[minecraft:root / minecraft:loot_table]:dndecor:blocks/indigo_flywheel - Unknown registry key in ResourceKey[minecraft:root / minecraft:item]: dndecor:indigo_flywheel
[29авг.2026 23:03:09.661] [Worker-ResourceReload-9/ERROR] [net.minecraft.world.level.storage.loot.LootDataType/]: Couldn't parse element ResourceKey[minecraft:root / minecraft:loot_table]:dndecor:blocks/amber_dark_metal_block - Unknown registry key in ResourceKey[minecraft:root / minecraft:item]: dndecor:amber_dark_metal_block
[29авг.2026 23:03:09.661] [Worker-ResourceReload-9/ERROR] [net.minecraft.world.level.storage.loot.LootDataType/]: Couldn't parse element ResourceKey[minecraft:root / minecraft:loot_table]:dndecor:blocks/verdant_small_deepslate_tiles - Unknown registry key in ResourceKey[minecraft:root / minecraft:item]: dndecor:verdant_small_deepslate_tiles
[29авг.2026 23:03:09.661] [Worker-ResourceReload-9/ERROR] [net.minecraft.world.level.storage.loot.LootDataType/]: Couldn't parse element ResourceKey[minecraft:root / minecraft:loot_table]:dndecor:blocks/solid_mint_container - Unknown registry key in ResourceKey[minecraft:root / minecraft:item]: dndecor:solid_mint_container
[29авг.2026 23:03:09.663] [Worker-ResourceReload-9/ERROR] [net.minecraft.world.level.storage.loot.LootDataType/]: Couldn't parse element ResourceKey[minecraft:root / minecraft:loot_table]:dndecor:blocks/teal_industrial_cogwheel - Unknown registry key in ResourceKey[minecraft:root / minecraft:item]: dndecor:teal_industrial_cogwheel
[29авг.2026 23:03:10.264] [Worker-ResourceReload-4/INFO] [io.wispforest.lmft.LMFTCommon/]: [Load My F***ing Tags]: Loaded Config File!
[29авг.2026 23:03:10.407] [Worker-ResourceReload-11/WARN] [io.wispforest.lmft.LMFTCommon/]: [Load My F***ing Tags]: Couldn't load certain entries within the tag idas:has_structure/byg_redwood_biomes: byg:redwood_thicket (from mod/idas)
[29авг.2026 23:03:10.408] [Worker-ResourceReload-11/WARN] [io.wispforest.lmft.LMFTCommon/]: [Load My F***ing Tags]: Couldn't load certain entries within the tag idas:has_structure/bopmohogany_biomes: biomesoplenty:rainforest (from mod/idas)
[29авг.2026 23:03:10.408] [Worker-ResourceReload-11/WARN] [io.wispforest.lmft.LMFTCommon/]: [Load My F***ing Tags]: Couldn't load certain entries within the tag idas:has_structure/bygmohogany_biomes: byg:tropical_rainforest (from mod/idas)
[29авг.2026 23:03:10.409] [Worker-ResourceReload-11/WARN] [io.wispforest.lmft.LMFTCommon/]: [Load My F***ing Tags]: Couldn't load certain entries within the tag idas:has_structure/bopredwood_biomes: biomesoplenty:redwood_forest (from mod/idas)
[29авг.2026 23:03:10.839] [Worker-ResourceReload-5/ERROR] [net.minecraft.server.packs.resources.SimpleJsonResourceReloadListener/]: Couldn't parse data file create_fantasizing:transporter from create_fantasizing:advancement/transporter.json
com.google.gson.JsonParseException: java.io.EOFException: End of input at line 1 column 1 path $
	at TRANSFORMER/minecraft@1.21.1/net.minecraft.util.GsonHelper.fromNullableJson(GsonHelper.java:527) ~[client-1.21.1-20240808.144430-srg.jar%23438!/:?]
	at TRANSFORMER/minecraft@1.21.1/net.minecraft.util.GsonHelper.fromJson(GsonHelper.java:532) ~[client-1.21.1-20240808.144430-srg.jar%23438!/:?]
	at TRANSFORMER/minecraft@1.21.1/net.minecraft.util.GsonHelper.fromJson(GsonHelper.java:582) ~[client-1.21.1-20240808.144430-srg.jar%23438!/:?]
	at TRANSFORMER/minecraft@1.21.1/net.minecraft.server.packs.resources.SimpleJsonResourceReloadListener.scanDirectory(SimpleJsonResourceReloadListener.java:42) ~[client-1.21.1-20240808.144430-srg.jar%23438!/:?]
	at TRANSFORMER/minecraft@1.21.1/net.minecraft.server.packs.resources.SimpleJsonResourceReloadListener.prepare(SimpleJsonResourceReloadListener.java:30) ~[client-1.21.1-20240808.144430-srg.jar%23438!/:?]
	at TRANSFORMER/minecraft@1.21.1/net.minecraft.server.packs.resources.SimpleJsonResourceReloadListener.prepare(SimpleJsonResourceReloadListener.java:18) ~[client-1.21.1-20240808.144430-srg.jar%23438!/:?]
	at TRANSFORMER/minecraft@1.21.1/net.minecraft.server.packs.resources.SimplePreparableReloadListener.lambda$reload$0(SimplePreparableReloadListener.java:17) ~[client-1.21.1-20240808.144430-srg.jar%23438!/:?]
	at java.base/java.util.concurrent.CompletableFuture$AsyncSupply.run(CompletableFuture.java:1768) [?:?]
	at java.base/java.util.concurrent.CompletableFuture$AsyncSupply.exec(CompletableFuture.java:1760) [?:?]
	at java.base/java.util.concurrent.ForkJoinTask.doExec(ForkJoinTask.java:387) [?:?]
	at java.base/java.util.concurrent.ForkJoinPool$WorkQueue.topLevelExec(ForkJoinPool.java:1312) [?:?]
	at java.base/java.util.concurrent.ForkJoinPool.scan(ForkJoinPool.java:1843) [?:?]
	at java.base/java.util.concurrent.ForkJoinPool.runWorker(ForkJoinPool.java:1808) [?:?]
	at java.base/java.util.concurrent.ForkJoinWorkerThread.run(ForkJoinWorkerThread.java:188) [?:?]
Caused by: java.io.EOFException: End of input at line 1 column 1 path $
	at MC-BOOTSTRAP/com.google.gson@2.10.1/com.google.gson.stream.JsonReader.nextNonWhitespace(JsonReader.java:1457) ~[gson-2.10.1.jar%23142!/:?]
	at MC-BOOTSTRAP/com.google.gson@2.10.1/com.google.gson.stream.JsonReader.doPeek(JsonReader.java:558) ~[gson-2.10.1.jar%23142!/:?]
	at MC-BOOTSTRAP/com.google.gson@2.10.1/com.google.gson.stream.JsonReader.peek(JsonReader.java:433) ~[gson-2.10.1.jar%23142!/:?]
	at MC-BOOTSTRAP/com.google.gson@2.10.1/com.google.gson.internal.bind.TypeAdapters$28.read(TypeAdapters.java:769) ~[gson-2.10.1.jar%23142!/:?]
	at MC-BOOTSTRAP/com.google.gson@2.10.1/com.google.gson.internal.bind.TypeAdapters$28.read(TypeAdapters.java:725) ~[gson-2.10.1.jar%23142!/:?]
	at MC-BOOTSTRAP/com.google.gson@2.10.1/com.google.gson.internal.bind.TypeAdapters$34$1.read(TypeAdapters.java:1007) ~[gson-2.10.1.jar%23142!/:?]
	at TRANSFORMER/minecraft@1.21.1/net.minecraft.util.GsonHelper.fromNullableJson(GsonHelper.java:525) ~[client-1.21.1-20240808.144430-srg.jar%23438!/:?]
	... 13 more
[29авг.2026 23:03:11.161] [Render thread/INFO] [Reliable Remover/]: Created example config at config/reliable_remover/removal_example.json.disabled
[29авг.2026 23:03:11.162] [Render thread/WARN] [Reliable Remover/]: Skipping invalid blacklisted item/block/fluid/effect ID 'tfmg:flamethrower'.
[29авг.2026 23:03:11.162] [Render thread/INFO] [Reliable Remover/]: Loaded 6 reliable remover rules.
[29авг.2026 23:03:11.371] [Render thread/ERROR] [net.minecraft.world.item.crafting.RecipeManager/]: Parsing error loading recipe gearbox:sequenced_assembly/test_assembly: com.google.gson.JsonParseException: Failed to parse either. First: No key id in MapLike[{"item":"create:track"}]; Second: Failed to parse either. First: Not a JSON object: "create:track"; Second: Compat cannot be deserialized; Unknown registry key in ResourceKey[minecraft:root / minecraft:recipe_serializer]: gearbox:mechanizing; Failed to parse either. First: No key amount in MapLike[{"item":"create:incomplete_track"}]; No key id in MapLike[{"item":"create:incomplete_track"}]; Second: Failed to parse either. First: No key id in MapLike[{"item":"create:incomplete_track"}]; Second: Failed to parse either. First: Not a JSON object: "create:incomplete_track"; Second: Compat cannot be deserialized; Failed to parse either. First: No key amount in MapLike[{"item":"create:incomplete_track"}]; No key id in MapLike[{"item":"create:incomplete_track"}]; Second: Failed to parse either. First: No key id in MapLike[{"item":"create:incomplete_track"}]; Second: Failed to parse either. First: Not a JSON object: "create:incomplete_track"; Second: Compat cannot be deserialized; No key transitional_item in MapLike[{"type":"create:sequenced_assembly","ingredient":{"tag":"create:sleepers"},"transitionalItem":{"item":"create:incomplete_track"},"sequence":[{"type":"create:deploying","ingredients":[{"item":"create:incomplete_track"},[{"tag":"forge:nuggets/iron"},{"tag":"forge:nuggets/zinc"}]],"results":[{"item":"create:incomplete_track"}]},{"type":"create:deploying","ingredients":[{"item":"create:incomplete_track"},[{"tag":"forge:nuggets/iron"},{"tag":"forge:nuggets/zinc"}]],"results":[{"item":"create:incomplete_track"}]},{"type":"gearbox:mechanizing","ingredients":[{"item":"create:incomplete_track"}],"results":[{"item":"create:incomplete_track"}]}],"results":[{"item":"create:track"}],"loops":1}]
[29авг.2026 23:03:11.381] [Render thread/ERROR] [net.minecraft.world.item.crafting.RecipeManager/]: Parsing error loading recipe gearbox:centrifuging/test: com.google.gson.JsonParseException: Unknown registry key in ResourceKey[minecraft:root / minecraft:recipe_serializer]: gearbox:centrifuging
[29авг.2026 23:03:11.386] [Render thread/ERROR] [net.minecraft.world.item.crafting.RecipeManager/]: Parsing error loading recipe createcafe:compat/altar/blood_orange2: com.google.gson.JsonParseException: Unknown registry key in ResourceKey[minecraft:root / minecraft:recipe_serializer]: bloodmagic:altar
[29авг.2026 23:03:11.407] [Render thread/ERROR] [net.minecraft.world.item.crafting.RecipeManager/]: Parsing error loading recipe waystones:mossy_waystone: com.google.gson.JsonParseException: Input does not contain a key [type]: MapLike[{}]
[29авг.2026 23:03:11.409] [Render thread/ERROR] [net.minecraft.world.item.crafting.RecipeManager/]: Parsing error loading recipe waystones:waystone: com.google.gson.JsonParseException: Input does not contain a key [type]: MapLike[{}]
[29авг.2026 23:03:11.411] [Render thread/ERROR] [net.minecraft.world.item.crafting.RecipeManager/]: Parsing error loading recipe gearbox:compressing/obsidian: com.google.gson.JsonParseException: Unknown registry key in ResourceKey[minecraft:root / minecraft:recipe_serializer]: gearbox:compressing
[29авг.2026 23:03:11.411] [Render thread/ERROR] [net.minecraft.world.item.crafting.RecipeManager/]: Parsing error loading recipe dndesires:crafting/diamond_shard_from_diamond: com.google.gson.JsonParseException: Input does not contain a key [type]: MapLike[{}]
[29авг.2026 23:03:11.416] [Render thread/ERROR] [net.minecraft.world.item.crafting.RecipeManager/]: Parsing error loading recipe gearbox:reacting/test: com.google.gson.JsonParseException: Unknown registry key in ResourceKey[minecraft:root / minecraft:recipe_serializer]: gearbox:reacting
[29авг.2026 23:03:11.425] [Render thread/ERROR] [net.minecraft.world.item.crafting.RecipeManager/]: Parsing error loading recipe create_things_and_misc:raboutan_sail_c_raft: com.google.gson.JsonParseException: Map entry 'W' : Failed to parse either. First: Not a json array: {"item":"nethers_exoticism:ramboutan_planks"}; Second: No key tag in MapLike[{"item":"nethers_exoticism:ramboutan_planks"}]; Unknown registry key in ResourceKey[minecraft:root / minecraft:item]: nethers_exoticism:ramboutan_planks
[29авг.2026 23:03:11.426] [Render thread/ERROR] [net.minecraft.world.item.crafting.RecipeManager/]: Parsing error loading recipe gearbox:electrolyzing/test: com.google.gson.JsonParseException: Unknown registry key in ResourceKey[minecraft:root / minecraft:recipe_serializer]: gearbox:electrolyzing
[29авг.2026 23:03:11.474] [Render thread/ERROR] [net.minecraft.world.item.crafting.RecipeManager/]: Parsing error loading recipe waystones:deepslate_waystone: com.google.gson.JsonParseException: Input does not contain a key [type]: MapLike[{}]
[29авг.2026 23:03:11.477] [Render thread/ERROR] [net.minecraft.world.item.crafting.RecipeManager/]: Parsing error loading recipe create:mechanical_crafting/end_stone_waystone: com.google.gson.JsonParseException: Unknown registry key in ResourceKey[minecraft:root / minecraft:item]: waystones:end_stone_waystone; Map entry 'W' : Failed to parse either. First: Not a json array: {"item":"waystones:warp_stone"}; Second: No key tag in MapLike[{"item":"waystones:warp_stone"}]; Unknown registry key in ResourceKey[minecraft:root / minecraft:item]: waystones:warp_stone
[29авг.2026 23:03:11.486] [Render thread/ERROR] [net.minecraft.world.item.crafting.RecipeManager/]: Parsing error loading recipe create:mechanical_crafting/deepslate_waystone: com.google.gson.JsonParseException: Unknown registry key in ResourceKey[minecraft:root / minecraft:item]: waystones:deepslate_waystone; Map entry 'W' : Failed to parse either. First: Not a json array: {"item":"waystones:warp_stone"}; Second: No key tag in MapLike[{"item":"waystones:warp_stone"}]; Unknown registry key in ResourceKey[minecraft:root / minecraft:item]: waystones:warp_stone
[29авг.2026 23:03:11.491] [Render thread/ERROR] [net.minecraft.world.item.crafting.RecipeManager/]: Parsing error loading recipe create_things_and_misc:chorus_sail_craft: com.google.gson.JsonParseException: Map entry 'W' : Failed to parse either. First: Not a json array: {"item":"unusualend:chorus_nest_planks"}; Second: No key tag in MapLike[{"item":"unusualend:chorus_nest_planks"}]; Unknown registry key in ResourceKey[minecraft:root / minecraft:item]: unusualend:chorus_nest_planks
[29авг.2026 23:03:11.493] [Render thread/ERROR] [net.minecraft.world.item.crafting.RecipeManager/]: Parsing error loading recipe dndesires:hydraulic_compacting/veridium_gen: com.google.gson.JsonParseException: Input does not contain a key [type]: MapLike[{}]
[29авг.2026 23:03:11.515] [Render thread/ERROR] [net.minecraft.world.item.crafting.RecipeManager/]: Parsing error loading recipe cbc_at:cutting/rocket_pod_rail_cast_mould: com.google.gson.JsonParseException: Failed to parse either. First: No key amount in MapLike[{"item":"cbc_at:rocket_pod_rail_mould"}]; No key id in MapLike[{"item":"cbc_at:rocket_pod_rail_mould"}]; Second: Failed to parse either. First: No key id in MapLike[{"item":"cbc_at:rocket_pod_rail_mould"}]; Second: Failed to parse either. First: Not a JSON object: "cbc_at:rocket_pod_rail_mould"; Second: Compat cannot be deserialized
[29авг.2026 23:03:11.519] [Render thread/ERROR] [net.minecraft.world.item.crafting.RecipeManager/]: Parsing error loading recipe gearbox:pyroprocessing/test: com.google.gson.JsonParseException: Unknown registry key in ResourceKey[minecraft:root / minecraft:recipe_serializer]: gearbox:pyroprocessing
[29авг.2026 23:03:11.521] [Render thread/ERROR] [net.minecraft.world.item.crafting.RecipeManager/]: Parsing error loading recipe gearbox:sapping/test: com.google.gson.JsonParseException: Unknown registry key in ResourceKey[minecraft:root / minecraft:recipe_serializer]: gearbox:sapping
[29авг.2026 23:03:11.526] [Render thread/ERROR] [net.minecraft.world.item.crafting.RecipeManager/]: Parsing error loading recipe gearbox:compressing/test: com.google.gson.JsonParseException: Unknown registry key in ResourceKey[minecraft:root / minecraft:recipe_serializer]: gearbox:compressing
[29авг.2026 23:03:11.549] [Render thread/ERROR] [net.minecraft.world.item.crafting.RecipeManager/]: Parsing error loading recipe create_things_and_misc:crushed_magma_crush: com.google.gson.JsonParseException: Input does not contain a key [type]: MapLike[{}]
[29авг.2026 23:03:11.565] [Render thread/ERROR] [net.minecraft.world.item.crafting.RecipeManager/]: Parsing error loading recipe totemfactory:ghast_tear: com.google.gson.JsonParseException: Input does not contain a key [type]: MapLike[{}]
[29авг.2026 23:03:11.569] [Render thread/ERROR] [net.minecraft.world.item.crafting.RecipeManager/]: Parsing error loading recipe create:mechanical_crafting/waystone: com.google.gson.JsonParseException: Unknown registry key in ResourceKey[minecraft:root / minecraft:item]: waystones:waystone; Map entry 'W' : Failed to parse either. First: Not a json array: {"item":"waystones:warp_stone"}; Second: No key tag in MapLike[{"item":"waystones:warp_stone"}]; Unknown registry key in ResourceKey[minecraft:root / minecraft:item]: waystones:warp_stone
[29авг.2026 23:03:11.592] [Render thread/ERROR] [net.minecraft.world.item.crafting.RecipeManager/]: Parsing error loading recipe create_things_and_misc:mangrove_sail_craft_backport: com.google.gson.JsonParseException: Map entry 'W' : Failed to parse either. First: Not a json array: {"item":"wildbackport:mangrove_planks"}; Second: No key tag in MapLike[{"item":"wildbackport:mangrove_planks"}]; Unknown registry key in ResourceKey[minecraft:root / minecraft:item]: wildbackport:mangrove_planks
[29авг.2026 23:03:11.606] [Render thread/ERROR] [net.minecraft.world.item.crafting.RecipeManager/]: Parsing error loading recipe create:mechanical_crafting/blackstone_waystone: com.google.gson.JsonParseException: Unknown registry key in ResourceKey[minecraft:root / minecraft:item]: waystones:blackstone_waystone; Map entry 'W' : Failed to parse either. First: Not a json array: {"item":"waystones:warp_stone"}; Second: No key tag in MapLike[{"item":"waystones:warp_stone"}]; Unknown registry key in ResourceKey[minecraft:root / minecraft:item]: waystones:warp_stone
[29авг.2026 23:03:11.611] [Render thread/ERROR] [net.minecraft.world.item.crafting.RecipeManager/]: Parsing error loading recipe dndesires:seething/diamond_shard_from_coal_block: com.google.gson.JsonParseException: Input does not contain a key [type]: MapLike[{}]
[29авг.2026 23:03:11.621] [Render thread/ERROR] [net.minecraft.world.item.crafting.RecipeManager/]: Parsing error loading recipe create_things_and_misc:schematic_chair: com.google.gson.JsonParseException: Unknown registry key in ResourceKey[minecraft:root / minecraft:item]: create_things_and_misc:deleted_mod_element
[29авг.2026 23:03:11.624] [Render thread/ERROR] [net.minecraft.world.item.crafting.RecipeManager/]: Parsing error loading recipe cmpackagecouriers:portable_stock_ticker_clear: com.google.gson.JsonParseException: Failed to parse either. First: Not a json array: {"item":"cmpackagecouriers:portable_stock_ticker"}; Second: No key tag in MapLike[{"item":"cmpackagecouriers:portable_stock_ticker"}]; Unknown registry key in ResourceKey[minecraft:root / minecraft:item]: cmpackagecouriers:portable_stock_ticker; No ingredients for shapeless recipe; Unknown registry key in ResourceKey[minecraft:root / minecraft:item]: cmpackagecouriers:portable_stock_ticker
[29авг.2026 23:03:11.631] [Render thread/ERROR] [net.minecraft.world.item.crafting.RecipeManager/]: Parsing error loading recipe cmpackagecouriers:portable_stock_ticker: com.google.gson.JsonParseException: Unknown registry key in ResourceKey[minecraft:root / minecraft:item]: cmpackagecouriers:portable_stock_ticker
[29авг.2026 23:03:11.636] [Render thread/ERROR] [net.minecraft.world.item.crafting.RecipeManager/]: Parsing error loading recipe createcafe:compat/mana_infusion/mana_berries: com.google.gson.JsonParseException: Unknown registry key in ResourceKey[minecraft:root / minecraft:recipe_serializer]: botania:mana_infusion
[29авг.2026 23:03:11.643] [Render thread/ERROR] [net.minecraft.world.item.crafting.RecipeManager/]: Parsing error loading recipe gearbox:transmuting/test01: com.google.gson.JsonParseException: Unknown registry key in ResourceKey[minecraft:root / minecraft:recipe_serializer]: gearbox:transmuting
[29авг.2026 23:03:11.657] [Render thread/ERROR] [net.minecraft.world.item.crafting.RecipeManager/]: Parsing error loading recipe waystones:sandy_waystone: com.google.gson.JsonParseException: Input does not contain a key [type]: MapLike[{}]
[29авг.2026 23:03:11.663] [Render thread/ERROR] [net.minecraft.world.item.crafting.RecipeManager/]: Parsing error loading recipe create_generators:generator_obsidian_8x: com.google.gson.JsonParseException: Input does not contain a key [type]: MapLike[{}]
[29авг.2026 23:03:11.673] [Render thread/ERROR] [net.minecraft.world.item.crafting.RecipeManager/]: Parsing error loading recipe cbc_at:cutting/rocket_pod_breech_cast_mould: com.google.gson.JsonParseException: Failed to parse either. First: No key amount in MapLike[{"item":"cbc_at:rocket_pod_breech_mould"}]; No key id in MapLike[{"item":"cbc_at:rocket_pod_breech_mould"}]; Second: Failed to parse either. First: No key id in MapLike[{"item":"cbc_at:rocket_pod_breech_mould"}]; Second: Failed to parse either. First: Not a JSON object: "cbc_at:rocket_pod_breech_mould"; Second: Compat cannot be deserialized
[29авг.2026 23:03:11.689] [Render thread/ERROR] [net.minecraft.world.item.crafting.RecipeManager/]: Parsing error loading recipe gearbox:centrifuging/test2: com.google.gson.JsonParseException: Unknown registry key in ResourceKey[minecraft:root / minecraft:recipe_serializer]: gearbox:centrifuging
[29авг.2026 23:03:11.700] [Render thread/ERROR] [net.minecraft.world.item.crafting.RecipeManager/]: Parsing error loading recipe gearbox:mechanizing/test: com.google.gson.JsonParseException: Unknown registry key in ResourceKey[minecraft:root / minecraft:recipe_serializer]: gearbox:mechanizing
[29авг.2026 23:03:11.701] [Render thread/ERROR] [net.minecraft.world.item.crafting.RecipeManager/]: Parsing error loading recipe justenoughbreeding:breeding/quark/shiba: com.google.gson.JsonParseException: No key tag in MapLike[{"meat":"true"}]; No key item in MapLike[{"meat":"true"}]
[29авг.2026 23:03:11.765] [Render thread/ERROR] [net.minecraft.world.item.crafting.RecipeManager/]: Parsing error loading recipe dndesires:crafting/diamond_from_diamond_shard: com.google.gson.JsonParseException: Input does not contain a key [type]: MapLike[{}]
[29авг.2026 23:03:11.767] [Render thread/ERROR] [net.minecraft.world.item.crafting.RecipeManager/]: Parsing error loading recipe cbc_at:munition/rocket/rocket_fuzing: com.google.gson.JsonParseException: Unknown registry key in ResourceKey[minecraft:root / minecraft:recipe_serializer]: cbc_at:rocket_munition_fuzing
[29авг.2026 23:03:11.769] [Render thread/ERROR] [net.minecraft.world.item.crafting.RecipeManager/]: Parsing error loading recipe gearbox:pumpjack/test: com.google.gson.JsonParseException: Unknown registry key in ResourceKey[minecraft:root / minecraft:recipe_serializer]: gearbox:pumpjack
[29авг.2026 23:03:11.773] [Render thread/ERROR] [net.minecraft.world.item.crafting.RecipeManager/]: Parsing error loading recipe waystones:blackstone_waystone: com.google.gson.JsonParseException: Input does not contain a key [type]: MapLike[{}]
[29авг.2026 23:03:11.776] [Render thread/ERROR] [net.minecraft.world.item.crafting.RecipeManager/]: Parsing error loading recipe gearbox:distilling/test: com.google.gson.JsonParseException: Unknown registry key in ResourceKey[minecraft:root / minecraft:recipe_serializer]: gearbox:distilling
[29авг.2026 23:03:11.791] [Render thread/ERROR] [net.minecraft.world.item.crafting.RecipeManager/]: Parsing error loading recipe create_things_and_misc:jaboticaba_sail_craft: com.google.gson.JsonParseException: Map entry 'W' : Failed to parse either. First: Not a json array: {"item":"nethers_exoticism:jaboticaba_planks"}; Second: No key tag in MapLike[{"item":"nethers_exoticism:jaboticaba_planks"}]; Unknown registry key in ResourceKey[minecraft:root / minecraft:item]: nethers_exoticism:jaboticaba_planks
[29авг.2026 23:03:11.793] [Render thread/ERROR] [net.minecraft.world.item.crafting.RecipeManager/]: Parsing error loading recipe cbc_at:cutting/twin_autocannon_barrel_cast_mould: com.google.gson.JsonParseException: Failed to parse either. First: No key amount in MapLike[{"item":"cbc_at:twin_autocannon_barrel_mould"}]; No key id in MapLike[{"item":"cbc_at:twin_autocannon_barrel_mould"}]; Second: Failed to parse either. First: No key id in MapLike[{"item":"cbc_at:twin_autocannon_barrel_mould"}]; Second: Failed to parse either. First: Not a JSON object: "cbc_at:twin_autocannon_barrel_mould"; Second: Compat cannot be deserialized
[29авг.2026 23:03:11.796] [Render thread/ERROR] [net.minecraft.world.item.crafting.RecipeManager/]: Parsing error loading recipe gearbox:laser_drilling/test: com.google.gson.JsonParseException: Unknown registry key in ResourceKey[minecraft:root / minecraft:recipe_serializer]: gearbox:laser_drilling
[29авг.2026 23:03:11.818] [Render thread/ERROR] [net.minecraft.world.item.crafting.RecipeManager/]: Parsing error loading recipe create_things_and_misc:copper_scaffolding_craft: com.google.gson.JsonParseException: Unknown registry key in ResourceKey[minecraft:root / minecraft:item]: create_things_and_misc:deleted_mod_element
[29авг.2026 23:03:11.820] [Render thread/ERROR] [net.minecraft.world.item.crafting.RecipeManager/]: Parsing error loading recipe create_things_and_misc:magma_cream_craft: com.google.gson.JsonParseException: Input does not contain a key [type]: MapLike[{}]
[29авг.2026 23:03:11.838] [Render thread/ERROR] [net.minecraft.world.item.crafting.RecipeManager/]: Parsing error loading recipe mechanical_botany:insolating/integration/createcafe/coffee: com.google.gson.JsonParseException: Failed to parse either. First: Failed to parse either. First: No key tag in MapLike[{"item":"createcafe:coffee_seeds"}]; No key fluid in MapLike[{"item":"createcafe:coffee_seeds"}]; No key type in MapLike[{"item":"createcafe:coffee_seeds"}]; Second: Failed to parse either. First: No key amount in MapLike[{"item":"createcafe:coffee_seeds"}]; No key fluid in MapLike[{"item":"createcafe:coffee_seeds"}]; No key type in MapLike[{"item":"createcafe:coffee_seeds"}]; Second: No key amount in MapLike[{"item":"createcafe:coffee_seeds"}]; No key fluid_tag in MapLike[{"item":"createcafe:coffee_seeds"}]; No key type in MapLike[{"item":"createcafe:coffee_seeds"}]; Second: Failed to parse either. First: Not a json array: {"item":"createcafe:coffee_seeds"}; Second: No key tag in MapLike[{"item":"createcafe:coffee_seeds"}]; Unknown registry key in ResourceKey[minecraft:root / minecraft:item]: createcafe:coffee_seeds
[29авг.2026 23:03:11.855] [Render thread/ERROR] [net.minecraft.world.item.crafting.RecipeManager/]: Parsing error loading recipe gearbox:compressing/test2: com.google.gson.JsonParseException: Unknown registry key in ResourceKey[minecraft:root / minecraft:recipe_serializer]: gearbox:compressing
[29авг.2026 23:03:11.864] [Render thread/ERROR] [net.minecraft.world.item.crafting.RecipeManager/]: Parsing error loading recipe create:mechanical_crafting/sandy_waystone: com.google.gson.JsonParseException: Unknown registry key in ResourceKey[minecraft:root / minecraft:item]: waystones:sandy_waystone; Map entry 'W' : Failed to parse either. First: Not a json array: {"item":"waystones:warp_stone"}; Second: No key tag in MapLike[{"item":"waystones:warp_stone"}]; Unknown registry key in ResourceKey[minecraft:root / minecraft:item]: waystones:warp_stone
[29авг.2026 23:03:11.866] [Render thread/ERROR] [net.minecraft.world.item.crafting.RecipeManager/]: Parsing error loading recipe gearbox:irradiating/test01: com.google.gson.JsonParseException: Unknown registry key in ResourceKey[minecraft:root / minecraft:recipe_serializer]: gearbox:irradiating
[29авг.2026 23:03:11.873] [Render thread/ERROR] [net.minecraft.world.item.crafting.RecipeManager/]: Parsing error loading recipe waystones:end_stone_waystone: com.google.gson.JsonParseException: Input does not contain a key [type]: MapLike[{}]
[29авг.2026 23:03:11.874] [Render thread/ERROR] [net.minecraft.world.item.crafting.RecipeManager/]: Parsing error loading recipe dndesires:seething/diamond_shard_from_deepslate_coal_ore: com.google.gson.JsonParseException: Input does not contain a key [type]: MapLike[{}]
[29авг.2026 23:03:11.876] [Render thread/ERROR] [net.minecraft.world.item.crafting.RecipeManager/]: Parsing error loading recipe cmpackagecouriers:deploying/jar_plane: com.google.gson.JsonParseException: Failed to parse either. First: Failed to parse either. First: No key tag in MapLike[{"item":"create_factory_logistics:copper_jar_package_8x8"}]; No key fluid in MapLike[{"item":"create_factory_logistics:copper_jar_package_8x8"}]; No key type in MapLike[{"item":"create_factory_logistics:copper_jar_package_8x8"}]; Second: Failed to parse either. First: No key amount in MapLike[{"item":"create_factory_logistics:copper_jar_package_8x8"}]; No key fluid in MapLike[{"item":"create_factory_logistics:copper_jar_package_8x8"}]; No key type in MapLike[{"item":"create_factory_logistics:copper_jar_package_8x8"}]; Second: No key amount in MapLike[{"item":"create_factory_logistics:copper_jar_package_8x8"}]; No key fluid_tag in MapLike[{"item":"create_factory_logistics:copper_jar_package_8x8"}]; No key type in MapLike[{"item":"create_factory_logistics:copper_jar_package_8x8"}]; Second: Failed to parse either. First: Not a json array: {"item":"create_factory_logistics:copper_jar_package_8x8"}; Second: No key tag in MapLike[{"item":"create_factory_logistics:copper_jar_package_8x8"}]; Unknown registry key in ResourceKey[minecraft:root / minecraft:item]: create_factory_logistics:copper_jar_package_8x8
[29авг.2026 23:03:11.884] [Render thread/ERROR] [net.minecraft.world.item.crafting.RecipeManager/]: Parsing error loading recipe create_generators:generator_obsidian: com.google.gson.JsonParseException: Input does not contain a key [type]: MapLike[{}]
[29авг.2026 23:03:11.891] [Render thread/ERROR] [net.minecraft.world.item.crafting.RecipeManager/]: Parsing error loading recipe createcafe:compat/altar/blood_orange: com.google.gson.JsonParseException: Unknown registry key in ResourceKey[minecraft:root / minecraft:recipe_serializer]: bloodmagic:altar
[29авг.2026 23:03:11.895] [Render thread/ERROR] [net.minecraft.world.item.crafting.RecipeManager/]: Parsing error loading recipe create_enchantment_industry:crushing/infested_cobblestone: com.google.gson.JsonParseException: Input does not contain a key [type]: MapLike[{}]
[29авг.2026 23:03:11.924] [Render thread/ERROR] [net.minecraft.world.item.crafting.RecipeManager/]: Parsing error loading recipe createcafe:mixing/blood_tea_mixing: com.google.gson.JsonParseException: Failed to parse either. First: Failed to parse either. First: No key tag in MapLike[{"item":"c:foods/blood_orange"}]; No key fluid in MapLike[{"item":"c:foods/blood_orange"}]; No key type in MapLike[{"item":"c:foods/blood_orange"}]; Second: Failed to parse either. First: No key amount in MapLike[{"item":"c:foods/blood_orange"}]; No key fluid in MapLike[{"item":"c:foods/blood_orange"}]; No key type in MapLike[{"item":"c:foods/blood_orange"}]; Second: No key amount in MapLike[{"item":"c:foods/blood_orange"}]; No key fluid_tag in MapLike[{"item":"c:foods/blood_orange"}]; No key type in MapLike[{"item":"c:foods/blood_orange"}]; Second: Failed to parse either. First: Not a json array: {"item":"c:foods/blood_orange"}; Second: No key tag in MapLike[{"item":"c:foods/blood_orange"}]; Unknown registry key in ResourceKey[minecraft:root / minecraft:item]: c:foods/blood_orange
[29авг.2026 23:03:11.928] [Render thread/ERROR] [net.minecraft.world.item.crafting.RecipeManager/]: Parsing error loading recipe create_fantasizing:sculk_engine_conversion: com.google.gson.JsonParseException: Unknown registry key in ResourceKey[minecraft:root / minecraft:recipe_serializer]: create:mystery_conversion
[29авг.2026 23:03:11.931] [Render thread/INFO] [net.minecraft.world.item.crafting.RecipeManager/]: Loaded 16342 recipes
[29авг.2026 23:03:11.940] [Render thread/ERROR] [net.minecraft.server.ServerFunctionLibrary/]: Failed to load function mom:killplane
java.util.concurrent.CompletionException: java.lang.IllegalArgumentException: Whilst parsing command on line 1: Неверный или неизвестный тип сущности «man_of_many_planes:economy_plane» at position 36: ...=..5,type=<--[HERE]
	at java.base/java.util.concurrent.CompletableFuture.encodeThrowable(CompletableFuture.java:315) ~[?:?]
	at java.base/java.util.concurrent.CompletableFuture.completeThrowable(CompletableFuture.java:320) ~[?:?]
	at java.base/java.util.concurrent.CompletableFuture$AsyncSupply.run(CompletableFuture.java:1770) ~[?:?]
	at java.base/java.util.concurrent.CompletableFuture$AsyncSupply.exec(CompletableFuture.java:1760) ~[?:?]
	at java.base/java.util.concurrent.ForkJoinTask.doExec(ForkJoinTask.java:387) ~[?:?]
	at java.base/java.util.concurrent.ForkJoinPool$WorkQueue.topLevelExec(ForkJoinPool.java:1312) ~[?:?]
	at java.base/java.util.concurrent.ForkJoinPool.scan(ForkJoinPool.java:1843) ~[?:?]
	at java.base/java.util.concurrent.ForkJoinPool.runWorker(ForkJoinPool.java:1808) ~[?:?]
	at java.base/java.util.concurrent.ForkJoinWorkerThread.run(ForkJoinWorkerThread.java:188) ~[?:?]
Caused by: java.lang.IllegalArgumentException: Whilst parsing command on line 1: Неверный или неизвестный тип сущности «man_of_many_planes:economy_plane» at position 36: ...=..5,type=<--[HERE]
	at TRANSFORMER/minecraft@1.21.1/net.minecraft.commands.functions.CommandFunction.fromLines(CommandFunction.java:80) ~[client-1.21.1-20240808.144430-srg.jar%23438!/:?]
	at TRANSFORMER/minecraft@1.21.1/net.minecraft.server.ServerFunctionLibrary.lambda$reload$2(ServerFunctionLibrary.java:89) ~[client-1.21.1-20240808.144430-srg.jar%23438!/:?]
	at java.base/java.util.concurrent.CompletableFuture$AsyncSupply.run(CompletableFuture.java:1768) ~[?:?]
	... 6 more
[29авг.2026 23:03:11.943] [Render thread/INFO] [com.teamabnormals.blueprint.core.Blueprint/]: Advancement Modification Manager has loaded 0 modifier groups
[29авг.2026 23:03:12.359] [Render thread/INFO] [quark/]: [Automatic Recipe Unlock] Removed 7344 recipe advancements
[29авг.2026 23:03:12.381] [Render thread/INFO] [net.minecraft.advancements.AdvancementTree/]: Loaded 8205 advancements
[29авг.2026 23:03:12.388] [Render thread/INFO] [STDOUT/]: [com.azukaar.usefulluck.LuckLootModifier:<init>:65]: CACA LuckLootModifier created!
[29авг.2026 23:03:12.389] [Render thread/INFO] [STDOUT/]: [com.azukaar.usefulluck.LuckLootModifier:<init>:65]: CACA LuckLootModifier created!
[29авг.2026 23:03:12.390] [Render thread/INFO] [STDOUT/]: [com.azukaar.usefulluck.LuckLootModifier:<init>:65]: CACA LuckLootModifier created!
[29авг.2026 23:03:12.391] [Render thread/INFO] [Reliable Remover/]: Created example config at config/reliable_remover/removal_example.json.disabled
[29авг.2026 23:03:12.393] [Render thread/INFO] [Reliable Remover/]: Loaded 6 reliable remover rules.
[29авг.2026 23:03:12.399] [Render thread/INFO] [Curios API/]: Loaded 12 curio slots
[29авг.2026 23:03:12.404] [Render thread/INFO] [Curios API/]: Loaded 1 curio entities
[29авг.2026 23:03:12.407] [Render thread/ERROR] [com.craisinlord.integrated_api.IntegratedAPI/]: Integrated API Error: Couldn't parse spawner mob list idas:dread_citadel
java.lang.Exception: Error: iceandfire:dread_lich is not a valid entity ID!
	at TRANSFORMER/integrated_api@1.7.4+1.21.1-neoforge/com.craisinlord.integrated_api.misc.mobspawners.MobSpawnerObj.setEntityType(MobSpawnerObj.java:37) ~[integrated_api-1.7.4%252B1.21.1-neoforge.jar%23601!/:?]
	at TRANSFORMER/integrated_api@1.7.4+1.21.1-neoforge/com.craisinlord.integrated_api.misc.mobspawners.MobSpawnerManager.lambda$apply$0(MobSpawnerManager.java:41) ~[integrated_api-1.7.4%252B1.21.1-neoforge.jar%23601!/:?]
	at java.base/java.util.HashMap.forEach(HashMap.java:1429) ~[?:?]
	at TRANSFORMER/integrated_api@1.7.4+1.21.1-neoforge/com.craisinlord.integrated_api.misc.mobspawners.MobSpawnerManager.apply(MobSpawnerManager.java:36) ~[integrated_api-1.7.4%252B1.21.1-neoforge.jar%23601!/:?]
	at TRANSFORMER/integrated_api@1.7.4+1.21.1-neoforge/com.craisinlord.integrated_api.misc.mobspawners.MobSpawnerManager.apply(MobSpawnerManager.java:23) ~[integrated_api-1.7.4%252B1.21.1-neoforge.jar%23601!/:?]
	at TRANSFORMER/minecraft@1.21.1/net.minecraft.server.packs.resources.SimplePreparableReloadListener.lambda$reload$1(SimplePreparableReloadListener.java:19) ~[client-1.21.1-20240808.144430-srg.jar%23438!/:?]
	at java.base/java.util.concurrent.CompletableFuture$UniAccept.tryFire(CompletableFuture.java:718) ~[?:?]
	at java.base/java.util.concurrent.CompletableFuture$Completion.run(CompletableFuture.java:482) ~[?:?]
	at TRANSFORMER/minecraft@1.21.1/net.minecraft.server.packs.resources.SimpleReloadInstance.lambda$new$3(SimpleReloadInstance.java:69) ~[client-1.21.1-20240808.144430-srg.jar%23438!/:?]
	at TRANSFORMER/minecraft@1.21.1/net.minecraft.util.thread.BlockableEventLoop.doRunTask(BlockableEventLoop.java:148) ~[client-1.21.1-20240808.144430-srg.jar%23438!/:?]
	at TRANSFORMER/minecraft@1.21.1/net.minecraft.util.thread.ReentrantBlockableEventLoop.doRunTask(ReentrantBlockableEventLoop.java:23) ~[client-1.21.1-20240808.144430-srg.jar%23438!/:?]
	at TRANSFORMER/minecraft@1.21.1/net.minecraft.util.thread.BlockableEventLoop.pollTask(BlockableEventLoop.java:122) ~[client-1.21.1-20240808.144430-srg.jar%23438!/:?]
	at TRANSFORMER/minecraft@1.21.1/net.minecraft.util.thread.BlockableEventLoop.managedBlock(BlockableEventLoop.java:132) ~[client-1.21.1-20240808.144430-srg.jar%23438!/:?]
	at TRANSFORMER/minecraft@1.21.1/net.minecraft.client.gui.screens.worldselection.WorldOpenFlows.loadWorldDataBlocking(WorldOpenFlows.java:201) ~[client-1.21.1-20240808.144430-srg.jar%23438!/:?]
	at TRANSFORMER/minecraft@1.21.1/net.minecraft.client.gui.screens.worldselection.WorldOpenFlows.loadWorldStem(WorldOpenFlows.java:142) ~[client-1.21.1-20240808.144430-srg.jar%23438!/:?]
	at TRANSFORMER/minecraft@1.21.1/net.minecraft.client.gui.screens.worldselection.WorldOpenFlows.openWorldLoadLevelStem(WorldOpenFlows.java:346) ~[client-1.21.1-20240808.144430-srg.jar%23438!/:?]
	at TRANSFORMER/minecraft@1.21.1/net.minecraft.client.gui.screens.worldselection.WorldOpenFlows.openWorldCheckVersionCompatibility(WorldOpenFlows.java:335) ~[client-1.21.1-20240808.144430-srg.jar%23438!/:?]
	at TRANSFORMER/minecraft@1.21.1/net.minecraft.client.gui.screens.worldselection.WorldOpenFlows.openWorldLoadLevelData(WorldOpenFlows.java:297) ~[client-1.21.1-20240808.144430-srg.jar%23438!/:?]
	at TRANSFORMER/minecraft@1.21.1/net.minecraft.client.gui.screens.worldselection.WorldOpenFlows.openWorld(WorldOpenFlows.java:261) ~[client-1.21.1-20240808.144430-srg.jar%23438!/:?]
	at TRANSFORMER/minecraft@1.21.1/net.minecraft.client.gui.screens.worldselection.WorldSelectionList$WorldListEntry.joinWorld(WorldSelectionList.java:498) ~[client-1.21.1-20240808.144430-srg.jar%23438!/:?]
	at TRANSFORMER/minecraft@1.21.1/net.minecraft.client.gui.screens.worldselection.WorldSelectionList$WorldListEntry.mouseClicked(WorldSelectionList.java:481) ~[client-1.21.1-20240808.144430-srg.jar%23438!/:?]
	at TRANSFORMER/minecraft@1.21.1/net.minecraft.client.gui.components.AbstractSelectionList.mouseClicked(AbstractSelectionList.java:315) ~[client-1.21.1-20240808.144430-srg.jar%23438!/:?]
	at TRANSFORMER/minecraft@1.21.1/net.minecraft.client.gui.components.events.ContainerEventHandler.mouseClicked(ContainerEventHandler.java:38) ~[client-1.21.1-20240808.144430-srg.jar%23438!/:?]
	at TRANSFORMER/minecraft@1.21.1/net.minecraft.client.MouseHandler.lambda$onPress$0(MouseHandler.java:98) ~[client-1.21.1-20240808.144430-srg.jar%23438!/:?]
	at TRANSFORMER/minecraft@1.21.1/net.minecraft.client.gui.screens.Screen.wrapScreenError(Screen.java:451) ~[client-1.21.1-20240808.144430-srg.jar%23438!/:?]
	at TRANSFORMER/minecraft@1.21.1/net.minecraft.client.MouseHandler.onPress(MouseHandler.java:95) ~[client-1.21.1-20240808.144430-srg.jar%23438!/:?]
	at TRANSFORMER/minecraft@1.21.1/net.minecraft.client.MouseHandler.lambda$setup$4(MouseHandler.java:202) ~[client-1.21.1-20240808.144430-srg.jar%23438!/:?]
	at TRANSFORMER/minecraft@1.21.1/net.minecraft.util.thread.BlockableEventLoop.execute(BlockableEventLoop.java:98) ~[client-1.21.1-20240808.144430-srg.jar%23438!/:?]
	at TRANSFORMER/minecraft@1.21.1/net.minecraft.client.MouseHandler.lambda$setup$5(MouseHandler.java:202) ~[client-1.21.1-20240808.144430-srg.jar%23438!/:?]
	at MC-BOOTSTRAP/org.lwjgl.glfw@3.3.3+5/org.lwjgl.glfw.GLFWMouseButtonCallbackI.callback(GLFWMouseButtonCallbackI.java:43) ~[lwjgl-glfw-3.3.3.jar%23173!/:build 5]
	at MC-BOOTSTRAP/org.lwjgl@3.3.3+5/org.lwjgl.system.JNI.invokeV(Native Method) ~[lwjgl-3.3.3.jar%23185!/:build 5]
	at MC-BOOTSTRAP/org.lwjgl.glfw@3.3.3+5/org.lwjgl.glfw.GLFW.glfwWaitEventsTimeout(GLFW.java:3509) ~[lwjgl-glfw-3.3.3.jar%23173!/:build 5]
	at TRANSFORMER/minecraft@1.21.1/com.mojang.blaze3d.systems.RenderSystem.limitDisplayFPS(RenderSystem.java:162) ~[client-1.21.1-20240808.144430-srg.jar%23438!/:?]
	at TRANSFORMER/minecraft@1.21.1/net.minecraft.client.Minecraft.runTick(Minecraft.java:1220) ~[client-1.21.1-20240808.144430-srg.jar%23438!/:?]
	at TRANSFORMER/minecraft@1.21.1/net.minecraft.client.Minecraft.run(Minecraft.java:807) ~[client-1.21.1-20240808.144430-srg.jar%23438!/:?]
	at TRANSFORMER/minecraft@1.21.1/net.minecraft.client.main.Main.main(Main.java:230) ~[client-1.21.1-20240808.144430-srg.jar%23438!/:?]
	at java.base/jdk.internal.reflect.DirectMethodHandleAccessor.invoke(DirectMethodHandleAccessor.java:103) ~[?:?]
	at java.base/java.lang.reflect.Method.invoke(Method.java:580) ~[?:?]
	at MC-BOOTSTRAP/fml_loader@4.0.43/net.neoforged.fml.loading.targets.CommonLaunchHandler.runTarget(CommonLaunchHandler.java:136) ~[loader-4.0.43.jar%23107!/:4.0]
	at MC-BOOTSTRAP/fml_loader@4.0.43/net.neoforged.fml.loading.targets.CommonLaunchHandler.clientService(CommonLaunchHandler.java:124) ~[loader-4.0.43.jar%23107!/:4.0]
	at MC-BOOTSTRAP/fml_loader@4.0.43/net.neoforged.fml.loading.targets.CommonClientLaunchHandler.runService(CommonClientLaunchHandler.java:32) ~[loader-4.0.43.jar%23107!/:4.0]
	at MC-BOOTSTRAP/fml_loader@4.0.43/net.neoforged.fml.loading.targets.CommonLaunchHandler.lambda$launchService$4(CommonLaunchHandler.java:118) ~[loader-4.0.43.jar%23107!/:4.0]
	at MC-BOOTSTRAP/cpw.mods.modlauncher@11.0.5/cpw.mods.modlauncher.LaunchServiceHandlerDecorator.launch(LaunchServiceHandlerDecorator.java:30) [modlauncher-11.0.5.jar%23112!/:?]
	at MC-BOOTSTRAP/cpw.mods.modlauncher@11.0.5/cpw.mods.modlauncher.LaunchServiceHandler.launch(LaunchServiceHandler.java:53) [modlauncher-11.0.5.jar%23112!/:?]
	at MC-BOOTSTRAP/cpw.mods.modlauncher@11.0.5/cpw.mods.modlauncher.LaunchServiceHandler.launch(LaunchServiceHandler.java:71) [modlauncher-11.0.5.jar%23112!/:?]
	at MC-BOOTSTRAP/cpw.mods.modlauncher@11.0.5/cpw.mods.modlauncher.Launcher.run(Launcher.java:103) [modlauncher-11.0.5.jar%23112!/:?]
	at MC-BOOTSTRAP/cpw.mods.modlauncher@11.0.5/cpw.mods.modlauncher.Launcher.main(Launcher.java:74) [modlauncher-11.0.5.jar%23112!/:?]
	at MC-BOOTSTRAP/cpw.mods.modlauncher@11.0.5/cpw.mods.modlauncher.BootstrapLaunchConsumer.accept(BootstrapLaunchConsumer.java:26) [modlauncher-11.0.5.jar%23112!/:?]
	at MC-BOOTSTRAP/cpw.mods.modlauncher@11.0.5/cpw.mods.modlauncher.BootstrapLaunchConsumer.accept(BootstrapLaunchConsumer.java:23) [modlauncher-11.0.5.jar%23112!/:?]
	at cpw.mods.bootstraplauncher@2.0.2/cpw.mods.bootstraplauncher.BootstrapLauncher.run(BootstrapLauncher.java:210) [bootstraplauncher-2.0.2.jar:?]
	at cpw.mods.bootstraplauncher@2.0.2/cpw.mods.bootstraplauncher.BootstrapLauncher.main(BootstrapLauncher.java:69) [bootstraplauncher-2.0.2.jar:?]
[29авг.2026 23:03:12.413] [Render thread/INFO] [quark-zeta/]: Modified advancement minecraft:husbandry/balanced_diet with 2 patches
[29авг.2026 23:03:12.414] [Render thread/INFO] [quark-zeta/]: Modified advancement minecraft:husbandry/wax_on with 2 patches
[29авг.2026 23:03:12.415] [Render thread/INFO] [quark-zeta/]: Modified advancement minecraft:nether/all_effects with 1 patches
[29авг.2026 23:03:12.416] [Render thread/INFO] [quark-zeta/]: Modified advancement minecraft:adventure/kill_a_mob with 3 patches
[29авг.2026 23:03:12.416] [Render thread/INFO] [quark-zeta/]: Modified advancement minecraft:husbandry/wax_off with 2 patches
[29авг.2026 23:03:12.417] [Render thread/INFO] [quark-zeta/]: Modified advancement minecraft:husbandry/bred_all_animals with 3 patches
[29авг.2026 23:03:12.417] [Render thread/INFO] [quark-zeta/]: Modified advancement minecraft:adventure/kill_all_mobs with 3 patches
[29авг.2026 23:03:12.417] [Render thread/INFO] [quark-zeta/]: Modified advancement minecraft:adventure/adventuring_time with 1 patches
[29авг.2026 23:03:12.417] [Render thread/INFO] [quark-zeta/]: Modified advancement minecraft:nether/all_potions with 1 patches
[29авг.2026 23:03:12.430] [Render thread/INFO] [Backpacked/]: Adding backpack 'backpacked:cogwheel'
[29авг.2026 23:03:12.430] [Render thread/INFO] [Backpacked/]: Adding backpack 'backpacked:bamboo_basket'
[29авг.2026 23:03:12.430] [Render thread/INFO] [Backpacked/]: Adding backpack 'backpacked:turtle_shell'
[29авг.2026 23:03:12.430] [Render thread/INFO] [Backpacked/]: Adding backpack 'backpacked:cardboard_box'
[29авг.2026 23:03:12.430] [Render thread/INFO] [Backpacked/]: Adding backpack 'backpacked:classic'
[29авг.2026 23:03:12.430] [Render thread/INFO] [Backpacked/]: Adding backpack 'backpacked:trash_can'
[29авг.2026 23:03:12.430] [Render thread/INFO] [Backpacked/]: Adding backpack 'backpacked:standard'
[29авг.2026 23:03:12.430] [Render thread/INFO] [Backpacked/]: Adding backpack 'backpacked:end_crystal'
[29авг.2026 23:03:12.430] [Render thread/INFO] [Backpacked/]: Adding backpack 'backpacked:vintage'
[29авг.2026 23:03:12.430] [Render thread/INFO] [Backpacked/]: Adding backpack 'backpacked:piglin_pack'
[29авг.2026 23:03:12.430] [Render thread/INFO] [Backpacked/]: Adding backpack 'backpacked:wandering_bag'
[29авг.2026 23:03:12.431] [Render thread/INFO] [Backpacked/]: Adding backpack 'backpacked:rocket'
[29авг.2026 23:03:12.431] [Render thread/INFO] [Backpacked/]: Adding backpack 'backpacked:mini_chest'
[29авг.2026 23:03:12.431] [Render thread/INFO] [Backpacked/]: Adding backpack 'backpacked:sheep_plush'
[29авг.2026 23:03:12.431] [Render thread/INFO] [Backpacked/]: Adding backpack 'backpacked:honey_jar'
[29авг.2026 23:03:12.443] [Render thread/INFO] [Supplementaries/]: Loaded 29 flute songs
[29авг.2026 23:03:12.479] [Render thread/INFO] [com.teamabnormals.blueprint.core.Blueprint/]: Chunk Generator Modification Manager has loaded 0 modifier groups
[29авг.2026 23:03:12.521] [Render thread/INFO] [Moonlight/]: Applied 17 data villager trades
[29авг.2026 23:03:12.525] [Render thread/INFO] [Moonlight/]: Failed to load custom color set definition {"id":"quark:rune","colors":{"default":"quark:blank_rune"},"replace":false}. Ignoring
[29авг.2026 23:03:12.537] [Render thread/WARN] [dev.propulsionteam.propulsionsimulated.content.thruster.ThrusterFuelManager/]: [createpropulsion] Ignoring fuel config override for 'tfmg:lpg': fluid is not registered.
[29авг.2026 23:03:12.537] [Render thread/WARN] [dev.propulsionteam.propulsionsimulated.content.thruster.ThrusterFuelManager/]: [createpropulsion] Ignoring fuel config override for 'mekanismgenerators:bioethanol': fluid is not registered.
[29авг.2026 23:03:12.537] [Render thread/WARN] [dev.propulsionteam.propulsionsimulated.content.thruster.ThrusterFuelManager/]: [createpropulsion] Ignoring fuel config override for 'immersiveengineering:ethanol': fluid is not registered.
[29авг.2026 23:03:12.537] [Render thread/WARN] [dev.propulsionteam.propulsionsimulated.content.thruster.ThrusterFuelManager/]: [createpropulsion] Ignoring fuel config override for 'stellaris:diesel': fluid is not registered.
[29авг.2026 23:03:12.537] [Render thread/WARN] [dev.propulsionteam.propulsionsimulated.content.thruster.ThrusterFuelManager/]: [createpropulsion] Ignoring fuel config override for 'mekanism:hydrogen': fluid is not registered.
[29авг.2026 23:03:12.537] [Render thread/WARN] [dev.propulsionteam.propulsionsimulated.content.thruster.ThrusterFuelManager/]: [createpropulsion] Ignoring fuel config override for 'immersiveengineering:biodiesel': fluid is not registered.
[29авг.2026 23:03:12.537] [Render thread/WARN] [dev.propulsionteam.propulsionsimulated.content.thruster.ThrusterFuelManager/]: [createpropulsion] Ignoring fuel config override for 'northstar:methane': fluid is not registered.
[29авг.2026 23:03:12.537] [Render thread/WARN] [dev.propulsionteam.propulsionsimulated.content.thruster.ThrusterFuelManager/]: [createpropulsion] Ignoring fuel config override for 'tfmg:diesel': fluid is not registered.
[29авг.2026 23:03:12.537] [Render thread/WARN] [dev.propulsionteam.propulsionsimulated.content.thruster.ThrusterFuelManager/]: [createpropulsion] Ignoring fuel config override for 'northstar:hydrocarbon': fluid is not registered.
[29авг.2026 23:03:12.537] [Render thread/WARN] [dev.propulsionteam.propulsionsimulated.content.thruster.ThrusterFuelManager/]: [createpropulsion] Ignoring fuel config override for 'stellaris:fuel': fluid is not registered.
[29авг.2026 23:03:12.537] [Render thread/WARN] [dev.propulsionteam.propulsionsimulated.content.thruster.ThrusterFuelManager/]: [createpropulsion] Ignoring fuel config override for 'immersiveengineering:plantoil': fluid is not registered.
[29авг.2026 23:03:12.537] [Render thread/WARN] [dev.propulsionteam.propulsionsimulated.content.thruster.ThrusterFuelManager/]: [createpropulsion] Ignoring fuel config override for 'tfmg:gasoline': fluid is not registered.
[29авг.2026 23:03:12.537] [Render thread/WARN] [dev.propulsionteam.propulsionsimulated.content.thruster.ThrusterFuelManager/]: [createpropulsion] Ignoring fuel config override for 'immersivepetroleum:diesel_sulfur': fluid is not registered.
[29авг.2026 23:03:12.537] [Render thread/WARN] [dev.propulsionteam.propulsionsimulated.content.thruster.ThrusterFuelManager/]: [createpropulsion] Ignoring fuel config override for 'tfmg:kerosene': fluid is not registered.
[29авг.2026 23:03:12.537] [Render thread/WARN] [dev.propulsionteam.propulsionsimulated.content.thruster.ThrusterFuelManager/]: [createpropulsion] Ignoring fuel config override for 'northstar:biofuel': fluid is not registered.
[29авг.2026 23:03:12.537] [Render thread/WARN] [dev.propulsionteam.propulsionsimulated.content.thruster.ThrusterFuelManager/]: [createpropulsion] Ignoring fuel config override for 'tfmg:naphtha': fluid is not registered.
[29авг.2026 23:03:12.537] [Render thread/WARN] [dev.propulsionteam.propulsionsimulated.content.thruster.ThrusterFuelManager/]: [createpropulsion] Ignoring fuel config override for 'immersiveengineering:high_power_biodiesel': fluid is not registered.
[29авг.2026 23:03:12.537] [Render thread/WARN] [dev.propulsionteam.propulsionsimulated.content.thruster.ThrusterFuelManager/]: [createpropulsion] Ignoring fuel config override for 'northstar:liquid_hydrogen': fluid is not registered.
[29авг.2026 23:03:12.537] [Render thread/INFO] [dev.propulsionteam.propulsionsimulated.content.thruster.ThrusterFuelManager/]: [createpropulsion] Thruster fuel reload (datapack_reload) complete: datapackParsed=6, datapackSkippedMissingMod=18, datapackSkippedMissingFluid=0, configAdded=3, configOverridden=0, configMissingFluid=18, mergedDatapackAndConfig=9, scriptedOverrides=0, removed=0
[29авг.2026 23:03:12.540] [Render thread/INFO] [dev.propulsionteam.propulsionsimulated.content.thruster.SolidThrusterFuelManager/]: [createpropulsion] Solid thruster fuel reload (datapack_reload) complete: items=5, tags=7, mergedItems=5, scripted=0, removed=0
[29авг.2026 23:03:12.553] [Render thread/INFO] [com.rieno.gadgetsandgizmos.util.ThrusterFuelData/]: Loaded 16 resolved thruster liquid fuels from 51 exact definitions and 1 tag definitions
[29авг.2026 23:03:12.553] [Render thread/INFO] [com.rieno.gadgetsandgizmos.util.ThrusterFuelData/]: Loaded 10 resolved thruster solid fuels from 8 exact definitions and 1 tag definitions
[29авг.2026 23:03:12.553] [Render thread/INFO] [com.rieno.gadgetsandgizmos.util.ThrusterFuelData/]: Loaded 0 oxidized fuels from the server fuel config before datapack tag additions
[29авг.2026 23:03:12.554] [Render thread/INFO] [com.rieno.gadgetsandgizmos.util.MobHauntingConversions/]: Loaded 12 mob haunting conversions from 1 resource layer(s)
[29авг.2026 23:03:12.555] [Render thread/INFO] [placebo/]: Registered 0 gear_sets.
[29авг.2026 23:03:12.558] [Render thread/INFO] [placebo/]: Registered 0 wanderer_trades.
[29авг.2026 23:03:12.558] [Render thread/INFO] [placebo/]: Registered 0 brewing_mixes.
[29авг.2026 23:03:12.565] [Render thread/WARN] [net.minecraft.core.MappedRegistry/]: Not all defined tags for registry ResourceKey[minecraft:root / minecraft:worldgen/biome] are present in data pack: idas:has_structure/bopmahogany_biomes, idas:has_structure/bygmahogany_biomes, idas:has_structure/bygredwood_biomes
[29авг.2026 23:03:12.597] [Render thread/INFO] [Reliable Remover/]: Created example config at config/reliable_remover/removal_example.json.disabled
[29авг.2026 23:03:12.597] [Render thread/INFO] [Reliable Remover/]: Loaded 6 reliable remover rules.
[29авг.2026 23:03:12.597] [Render thread/INFO] [Reliable Remover/]: Total items removed: 6
[29авг.2026 23:03:12.667] [Render thread/ERROR] [net.neoforged.neoforge.registries.DataMapLoader/]: Object with ID modid:example specified in data map for registry minecraft:dimension doesn't exist
[29авг.2026 23:03:12.789] [Render thread/WARN] [net.mehvahdjukaar.smarterfarmers.SmarterFarmers/]: Failed to add custom foods to villagers
java.lang.IllegalStateException: Cannot get config value before config is loaded.
	at MC-BOOTSTRAP/com.google.common@32.1.2-jre/com.google.common.base.Preconditions.checkState(Preconditions.java:512) ~[guava-32.1.2-jre.jar%23135!/:?]
	at TRANSFORMER/neoforge@21.1.248/net.neoforged.neoforge.common.ModConfigSpec$ConfigValue.getRaw(ModConfigSpec.java:1235) ~[neoforge-21.1.248-universal.jar%23439!/:?]
	at TRANSFORMER/neoforge@21.1.248/net.neoforged.neoforge.common.ModConfigSpec$ConfigValue.get(ModConfigSpec.java:1222) ~[neoforge-21.1.248-universal.jar%23439!/:?]
	at TRANSFORMER/createcafe@1.4.3/com.Imphuls3.createcafe.common.item.foods.ModFoods.lambda$static$3(ModFoods.java:42) ~[createcafe-1.4.3.jar%23536!/:?]
	at TRANSFORMER/minecraft@1.21.1/net.minecraft.world.food.FoodProperties$PossibleEffect.effect(FoodProperties.java:140) ~[client-1.21.1-20240808.144430-srg.jar%23438!/:?]
	at TRANSFORMER/smarterfarmers@1.21-2.2.4/net.mehvahdjukaar.smarterfarmers.SmarterFarmers.lambda$setupWithTags$1(SmarterFarmers.java:124) ~[smarterfarmers-1.21-2.2.4-neoforge.jar%23664!/:?]
	at java.base/java.util.stream.MatchOps$1MatchSink.accept(MatchOps.java:90) ~[?:?]
	at java.base/java.util.Collections$2.tryAdvance(Collections.java:5073) ~[?:?]
	at java.base/java.util.stream.ReferencePipeline.forEachWithCancel(ReferencePipeline.java:129) ~[?:?]
	at java.base/java.util.stream.AbstractPipeline.copyIntoWithCancel(AbstractPipeline.java:527) ~[?:?]
	at java.base/java.util.stream.AbstractPipeline.copyInto(AbstractPipeline.java:513) ~[?:?]
	at java.base/java.util.stream.AbstractPipeline.wrapAndCopyInto(AbstractPipeline.java:499) ~[?:?]
	at java.base/java.util.stream.MatchOps$MatchOp.evaluateSequential(MatchOps.java:230) ~[?:?]
	at java.base/java.util.stream.MatchOps$MatchOp.evaluateSequential(MatchOps.java:196) ~[?:?]
	at java.base/java.util.stream.AbstractPipeline.evaluate(AbstractPipeline.java:234) ~[?:?]
	at java.base/java.util.stream.ReferencePipeline.allMatch(ReferencePipeline.java:637) ~[?:?]
	at TRANSFORMER/smarterfarmers@1.21-2.2.4/net.mehvahdjukaar.smarterfarmers.SmarterFarmers.setupWithTags(SmarterFarmers.java:123) ~[smarterfarmers-1.21-2.2.4-neoforge.jar%23664!/:?]
	at TRANSFORMER/smarterfarmers@1.21-2.2.4/net.mehvahdjukaar.smarterfarmers.neoforge.SmarterFarmersForge.onTagLoad(SmarterFarmersForge.java:28) ~[smarterfarmers-1.21-2.2.4-neoforge.jar%23664!/:?]
	at MC-BOOTSTRAP/net.neoforged.bus/net.neoforged.bus.EventBus.post(EventBus.java:360) ~[bus-8.0.5.jar%23110!/:?]
	at MC-BOOTSTRAP/net.neoforged.bus/net.neoforged.bus.EventBus.post(EventBus.java:328) ~[bus-8.0.5.jar%23110!/:?]
	at TRANSFORMER/minecraft@1.21.1/net.minecraft.server.ReloadableServerResources.updateRegistryTags(ReloadableServerResources.java:143) ~[client-1.21.1-20240808.144430-srg.jar%23438!/:?]
	at TRANSFORMER/minecraft@1.21.1/net.minecraft.server.WorldLoader.lambda$load$1(WorldLoader.java:64) ~[client-1.21.1-20240808.144430-srg.jar%23438!/:?]
	at java.base/java.util.concurrent.CompletableFuture$UniApply.tryFire(CompletableFuture.java:646) ~[?:?]
	at java.base/java.util.concurrent.CompletableFuture$Completion.run(CompletableFuture.java:482) ~[?:?]
	at TRANSFORMER/minecraft@1.21.1/net.minecraft.util.thread.BlockableEventLoop.doRunTask(BlockableEventLoop.java:148) ~[client-1.21.1-20240808.144430-srg.jar%23438!/:?]
	at TRANSFORMER/minecraft@1.21.1/net.minecraft.util.thread.ReentrantBlockableEventLoop.doRunTask(ReentrantBlockableEventLoop.java:23) ~[client-1.21.1-20240808.144430-srg.jar%23438!/:?]
	at TRANSFORMER/minecraft@1.21.1/net.minecraft.util.thread.BlockableEventLoop.pollTask(BlockableEventLoop.java:122) ~[client-1.21.1-20240808.144430-srg.jar%23438!/:?]
	at TRANSFORMER/minecraft@1.21.1/net.minecraft.util.thread.BlockableEventLoop.managedBlock(BlockableEventLoop.java:132) ~[client-1.21.1-20240808.144430-srg.jar%23438!/:?]
	at TRANSFORMER/minecraft@1.21.1/net.minecraft.client.gui.screens.worldselection.WorldOpenFlows.loadWorldDataBlocking(WorldOpenFlows.java:201) ~[client-1.21.1-20240808.144430-srg.jar%23438!/:?]
	at TRANSFORMER/minecraft@1.21.1/net.minecraft.client.gui.screens.worldselection.WorldOpenFlows.loadWorldStem(WorldOpenFlows.java:142) ~[client-1.21.1-20240808.144430-srg.jar%23438!/:?]
	at TRANSFORMER/minecraft@1.21.1/net.minecraft.client.gui.screens.worldselection.WorldOpenFlows.openWorldLoadLevelStem(WorldOpenFlows.java:346) ~[client-1.21.1-20240808.144430-srg.jar%23438!/:?]
	at TRANSFORMER/minecraft@1.21.1/net.minecraft.client.gui.screens.worldselection.WorldOpenFlows.openWorldCheckVersionCompatibility(WorldOpenFlows.java:335) ~[client-1.21.1-20240808.144430-srg.jar%23438!/:?]
	at TRANSFORMER/minecraft@1.21.1/net.minecraft.client.gui.screens.worldselection.WorldOpenFlows.openWorldLoadLevelData(WorldOpenFlows.java:297) ~[client-1.21.1-20240808.144430-srg.jar%23438!/:?]
	at TRANSFORMER/minecraft@1.21.1/net.minecraft.client.gui.screens.worldselection.WorldOpenFlows.openWorld(WorldOpenFlows.java:261) ~[client-1.21.1-20240808.144430-srg.jar%23438!/:?]
	at TRANSFORMER/minecraft@1.21.1/net.minecraft.client.gui.screens.worldselection.WorldSelectionList$WorldListEntry.joinWorld(WorldSelectionList.java:498) ~[client-1.21.1-20240808.144430-srg.jar%23438!/:?]
	at TRANSFORMER/minecraft@1.21.1/net.minecraft.client.gui.screens.worldselection.WorldSelectionList$WorldListEntry.mouseClicked(WorldSelectionList.java:481) ~[client-1.21.1-20240808.144430-srg.jar%23438!/:?]
	at TRANSFORMER/minecraft@1.21.1/net.minecraft.client.gui.components.AbstractSelectionList.mouseClicked(AbstractSelectionList.java:315) ~[client-1.21.1-20240808.144430-srg.jar%23438!/:?]
	at TRANSFORMER/minecraft@1.21.1/net.minecraft.client.gui.components.events.ContainerEventHandler.mouseClicked(ContainerEventHandler.java:38) ~[client-1.21.1-20240808.144430-srg.jar%23438!/:?]
	at TRANSFORMER/minecraft@1.21.1/net.minecraft.client.MouseHandler.lambda$onPress$0(MouseHandler.java:98) ~[client-1.21.1-20240808.144430-srg.jar%23438!/:?]
	at TRANSFORMER/minecraft@1.21.1/net.minecraft.client.gui.screens.Screen.wrapScreenError(Screen.java:451) ~[client-1.21.1-20240808.144430-srg.jar%23438!/:?]
	at TRANSFORMER/minecraft@1.21.1/net.minecraft.client.MouseHandler.onPress(MouseHandler.java:95) ~[client-1.21.1-20240808.144430-srg.jar%23438!/:?]
	at TRANSFORMER/minecraft@1.21.1/net.minecraft.client.MouseHandler.lambda$setup$4(MouseHandler.java:202) ~[client-1.21.1-20240808.144430-srg.jar%23438!/:?]
	at TRANSFORMER/minecraft@1.21.1/net.minecraft.util.thread.BlockableEventLoop.execute(BlockableEventLoop.java:98) ~[client-1.21.1-20240808.144430-srg.jar%23438!/:?]
	at TRANSFORMER/minecraft@1.21.1/net.minecraft.client.MouseHandler.lambda$setup$5(MouseHandler.java:202) ~[client-1.21.1-20240808.144430-srg.jar%23438!/:?]
	at MC-BOOTSTRAP/org.lwjgl.glfw@3.3.3+5/org.lwjgl.glfw.GLFWMouseButtonCallbackI.callback(GLFWMouseButtonCallbackI.java:43) ~[lwjgl-glfw-3.3.3.jar%23173!/:build 5]
	at MC-BOOTSTRAP/org.lwjgl@3.3.3+5/org.lwjgl.system.JNI.invokeV(Native Method) ~[lwjgl-3.3.3.jar%23185!/:build 5]
	at MC-BOOTSTRAP/org.lwjgl.glfw@3.3.3+5/org.lwjgl.glfw.GLFW.glfwWaitEventsTimeout(GLFW.java:3509) ~[lwjgl-glfw-3.3.3.jar%23173!/:build 5]
	at TRANSFORMER/minecraft@1.21.1/com.mojang.blaze3d.systems.RenderSystem.limitDisplayFPS(RenderSystem.java:162) ~[client-1.21.1-20240808.144430-srg.jar%23438!/:?]
	at TRANSFORMER/minecraft@1.21.1/net.minecraft.client.Minecraft.runTick(Minecraft.java:1220) ~[client-1.21.1-20240808.144430-srg.jar%23438!/:?]
	at TRANSFORMER/minecraft@1.21.1/net.minecraft.client.Minecraft.run(Minecraft.java:807) ~[client-1.21.1-20240808.144430-srg.jar%23438!/:?]
	at TRANSFORMER/minecraft@1.21.1/net.minecraft.client.main.Main.main(Main.java:230) ~[client-1.21.1-20240808.144430-srg.jar%23438!/:?]
	at java.base/jdk.internal.reflect.DirectMethodHandleAccessor.invoke(DirectMethodHandleAccessor.java:103) ~[?:?]
	at java.base/java.lang.reflect.Method.invoke(Method.java:580) ~[?:?]
	at MC-BOOTSTRAP/fml_loader@4.0.43/net.neoforged.fml.loading.targets.CommonLaunchHandler.runTarget(CommonLaunchHandler.java:136) ~[loader-4.0.43.jar%23107!/:4.0]
	at MC-BOOTSTRAP/fml_loader@4.0.43/net.neoforged.fml.loading.targets.CommonLaunchHandler.clientService(CommonLaunchHandler.java:124) ~[loader-4.0.43.jar%23107!/:4.0]
	at MC-BOOTSTRAP/fml_loader@4.0.43/net.neoforged.fml.loading.targets.CommonClientLaunchHandler.runService(CommonClientLaunchHandler.java:32) ~[loader-4.0.43.jar%23107!/:4.0]
	at MC-BOOTSTRAP/fml_loader@4.0.43/net.neoforged.fml.loading.targets.CommonLaunchHandler.lambda$launchService$4(CommonLaunchHandler.java:118) ~[loader-4.0.43.jar%23107!/:4.0]
	at MC-BOOTSTRAP/cpw.mods.modlauncher@11.0.5/cpw.mods.modlauncher.LaunchServiceHandlerDecorator.launch(LaunchServiceHandlerDecorator.java:30) [modlauncher-11.0.5.jar%23112!/:?]
	at MC-BOOTSTRAP/cpw.mods.modlauncher@11.0.5/cpw.mods.modlauncher.LaunchServiceHandler.launch(LaunchServiceHandler.java:53) [modlauncher-11.0.5.jar%23112!/:?]
	at MC-BOOTSTRAP/cpw.mods.modlauncher@11.0.5/cpw.mods.modlauncher.LaunchServiceHandler.launch(LaunchServiceHandler.java:71) [modlauncher-11.0.5.jar%23112!/:?]
	at MC-BOOTSTRAP/cpw.mods.modlauncher@11.0.5/cpw.mods.modlauncher.Launcher.run(Launcher.java:103) [modlauncher-11.0.5.jar%23112!/:?]
	at MC-BOOTSTRAP/cpw.mods.modlauncher@11.0.5/cpw.mods.modlauncher.Launcher.main(Launcher.java:74) [modlauncher-11.0.5.jar%23112!/:?]
	at MC-BOOTSTRAP/cpw.mods.modlauncher@11.0.5/cpw.mods.modlauncher.BootstrapLaunchConsumer.accept(BootstrapLaunchConsumer.java:26) [modlauncher-11.0.5.jar%23112!/:?]
	at MC-BOOTSTRAP/cpw.mods.modlauncher@11.0.5/cpw.mods.modlauncher.BootstrapLaunchConsumer.accept(BootstrapLaunchConsumer.java:23) [modlauncher-11.0.5.jar%23112!/:?]
	at cpw.mods.bootstraplauncher@2.0.2/cpw.mods.bootstraplauncher.BootstrapLauncher.run(BootstrapLauncher.java:210) [bootstraplauncher-2.0.2.jar:?]
	at cpw.mods.bootstraplauncher@2.0.2/cpw.mods.bootstraplauncher.BootstrapLauncher.main(BootstrapLauncher.java:69) [bootstraplauncher-2.0.2.jar:?]
[29авг.2026 23:03:12.835] [Render thread/INFO] [Supplementaries/]: Registering custom dispenser behaviors
[29авг.2026 23:03:12.926] [Render thread/INFO] [Reliable Recipes/]: Hidden items integration removed 18 item-tag associations.
[29авг.2026 23:03:12.936] [Render thread/INFO] [Slice & Dice/]: Injecting recipes
[29авг.2026 23:03:12.957] [Render thread/WARN] [Slice & Dice/]: Unable to convert fluids in recipe sliceanddice:cooking/createfood/farmersdelight/cooking/pumpkin_pie_filling_bucket_from_cooking
java.lang.IllegalArgumentException: Recipe has more fluid inputs (3) than supported (2).
	at TRANSFORMER/sliceanddice@4.3.3/com.possible_triangle.sliceanddice.compat.MixingRecipeGenerator.resolveAll(MixingRecipeGenerator.kt:87) ~[sliceanddice-4.3.3-neoforge.jar%23663!/:4.3.3]
	at TRANSFORMER/sliceanddice@4.3.3/com.possible_triangle.sliceanddice.compat.FarmersDelightCompat.basinCookingRecipes(FarmersDelightCompat.kt:100) ~[sliceanddice-4.3.3-neoforge.jar%23663!/:4.3.3]
	at TRANSFORMER/sliceanddice@4.3.3/com.possible_triangle.sliceanddice.compat.FarmersDelightCompat.injectRecipes(FarmersDelightCompat.kt:47) ~[sliceanddice-4.3.3-neoforge.jar%23663!/:4.3.3]
	at TRANSFORMER/sliceanddice@4.3.3/com.possible_triangle.sliceanddice.compat.ModCompat.injectRecipes$lambda$0(ModCompat.kt:44) ~[sliceanddice-4.3.3-neoforge.jar%23663!/:4.3.3]
	at TRANSFORMER/sliceanddice@4.3.3/com.possible_triangle.sliceanddice.compat.FarmersDelightCompat$Companion.ifLoaded$lambda$0(FarmersDelightCompat.kt:34) ~[sliceanddice-4.3.3-neoforge.jar%23663!/:4.3.3]
	at TRANSFORMER/sliceanddice@4.3.3/com.possible_triangle.sliceanddice.compat.ModCompat.ifLoaded(ModCompat.kt:34) ~[sliceanddice-4.3.3-neoforge.jar%23663!/:4.3.3]
	at TRANSFORMER/sliceanddice@4.3.3/com.possible_triangle.sliceanddice.compat.FarmersDelightCompat$Companion.ifLoaded(FarmersDelightCompat.kt:33) ~[sliceanddice-4.3.3-neoforge.jar%23663!/:4.3.3]
	at TRANSFORMER/sliceanddice@4.3.3/com.possible_triangle.sliceanddice.compat.ModCompat.injectRecipes(ModCompat.kt:44) ~[sliceanddice-4.3.3-neoforge.jar%23663!/:4.3.3]
	at TRANSFORMER/sliceanddice@4.3.3/com.possible_triangle.sliceanddice.RecipeInjection.injectRecipes(RecipeInjection.kt:21) ~[sliceanddice-4.3.3-neoforge.jar%23663!/:4.3.3]
	at TRANSFORMER/minecraft@1.21.1/net.minecraft.server.ReloadableServerResources.handler$jji000$sliceanddice$injectRecipes(ReloadableServerResources.java:4520) ~[client-1.21.1-20240808.144430-srg.jar%23438!/:?]
	at TRANSFORMER/minecraft@1.21.1/net.minecraft.server.ReloadableServerResources.updateRegistryTags(ReloadableServerResources.java:144) ~[client-1.21.1-20240808.144430-srg.jar%23438!/:?]
	at TRANSFORMER/minecraft@1.21.1/net.minecraft.server.WorldLoader.lambda$load$1(WorldLoader.java:64) ~[client-1.21.1-20240808.144430-srg.jar%23438!/:?]
	at java.base/java.util.concurrent.CompletableFuture$UniApply.tryFire(CompletableFuture.java:646) ~[?:?]
	at java.base/java.util.concurrent.CompletableFuture$Completion.run(CompletableFuture.java:482) ~[?:?]
	at TRANSFORMER/minecraft@1.21.1/net.minecraft.util.thread.BlockableEventLoop.doRunTask(BlockableEventLoop.java:148) ~[client-1.21.1-20240808.144430-srg.jar%23438!/:?]
	at TRANSFORMER/minecraft@1.21.1/net.minecraft.util.thread.ReentrantBlockableEventLoop.doRunTask(ReentrantBlockableEventLoop.java:23) ~[client-1.21.1-20240808.144430-srg.jar%23438!/:?]
	at TRANSFORMER/minecraft@1.21.1/net.minecraft.util.thread.BlockableEventLoop.pollTask(BlockableEventLoop.java:122) ~[client-1.21.1-20240808.144430-srg.jar%23438!/:?]
	at TRANSFORMER/minecraft@1.21.1/net.minecraft.util.thread.BlockableEventLoop.managedBlock(BlockableEventLoop.java:132) ~[client-1.21.1-20240808.144430-srg.jar%23438!/:?]
	at TRANSFORMER/minecraft@1.21.1/net.minecraft.client.gui.screens.worldselection.WorldOpenFlows.loadWorldDataBlocking(WorldOpenFlows.java:201) ~[client-1.21.1-20240808.144430-srg.jar%23438!/:?]
	at TRANSFORMER/minecraft@1.21.1/net.minecraft.client.gui.screens.worldselection.WorldOpenFlows.loadWorldStem(WorldOpenFlows.java:142) ~[client-1.21.1-20240808.144430-srg.jar%23438!/:?]
	at TRANSFORMER/minecraft@1.21.1/net.minecraft.client.gui.screens.worldselection.WorldOpenFlows.openWorldLoadLevelStem(WorldOpenFlows.java:346) ~[client-1.21.1-20240808.144430-srg.jar%23438!/:?]
	at TRANSFORMER/minecraft@1.21.1/net.minecraft.client.gui.screens.worldselection.WorldOpenFlows.openWorldCheckVersionCompatibility(WorldOpenFlows.java:335) ~[client-1.21.1-20240808.144430-srg.jar%23438!/:?]
	at TRANSFORMER/minecraft@1.21.1/net.minecraft.client.gui.screens.worldselection.WorldOpenFlows.openWorldLoadLevelData(WorldOpenFlows.java:297) ~[client-1.21.1-20240808.144430-srg.jar%23438!/:?]
	at TRANSFORMER/minecraft@1.21.1/net.minecraft.client.gui.screens.worldselection.WorldOpenFlows.openWorld(WorldOpenFlows.java:261) ~[client-1.21.1-20240808.144430-srg.jar%23438!/:?]
	at TRANSFORMER/minecraft@1.21.1/net.minecraft.client.gui.screens.worldselection.WorldSelectionList$WorldListEntry.joinWorld(WorldSelectionList.java:498) ~[client-1.21.1-20240808.144430-srg.jar%23438!/:?]
	at TRANSFORMER/minecraft@1.21.1/net.minecraft.client.gui.screens.worldselection.WorldSelectionList$WorldListEntry.mouseClicked(WorldSelectionList.java:481) ~[client-1.21.1-20240808.144430-srg.jar%23438!/:?]
	at TRANSFORMER/minecraft@1.21.1/net.minecraft.client.gui.components.AbstractSelectionList.mouseClicked(AbstractSelectionList.java:315) ~[client-1.21.1-20240808.144430-srg.jar%23438!/:?]
	at TRANSFORMER/minecraft@1.21.1/net.minecraft.client.gui.components.events.ContainerEventHandler.mouseClicked(ContainerEventHandler.java:38) ~[client-1.21.1-20240808.144430-srg.jar%23438!/:?]
	at TRANSFORMER/minecraft@1.21.1/net.minecraft.client.MouseHandler.lambda$onPress$0(MouseHandler.java:98) ~[client-1.21.1-20240808.144430-srg.jar%23438!/:?]
	at TRANSFORMER/minecraft@1.21.1/net.minecraft.client.gui.screens.Screen.wrapScreenError(Screen.java:451) ~[client-1.21.1-20240808.144430-srg.jar%23438!/:?]
	at TRANSFORMER/minecraft@1.21.1/net.minecraft.client.MouseHandler.onPress(MouseHandler.java:95) ~[client-1.21.1-20240808.144430-srg.jar%23438!/:?]
	at TRANSFORMER/minecraft@1.21.1/net.minecraft.client.MouseHandler.lambda$setup$4(MouseHandler.java:202) ~[client-1.21.1-20240808.144430-srg.jar%23438!/:?]
	at TRANSFORMER/minecraft@1.21.1/net.minecraft.util.thread.BlockableEventLoop.execute(BlockableEventLoop.java:98) ~[client-1.21.1-20240808.144430-srg.jar%23438!/:?]
	at TRANSFORMER/minecraft@1.21.1/net.minecraft.client.MouseHandler.lambda$setup$5(MouseHandler.java:202) ~[client-1.21.1-20240808.144430-srg.jar%23438!/:?]
	at MC-BOOTSTRAP/org.lwjgl.glfw@3.3.3+5/org.lwjgl.glfw.GLFWMouseButtonCallbackI.callback(GLFWMouseButtonCallbackI.java:43) ~[lwjgl-glfw-3.3.3.jar%23173!/:build 5]
	at MC-BOOTSTRAP/org.lwjgl@3.3.3+5/org.lwjgl.system.JNI.invokeV(Native Method) ~[lwjgl-3.3.3.jar%23185!/:build 5]
	at MC-BOOTSTRAP/org.lwjgl.glfw@3.3.3+5/org.lwjgl.glfw.GLFW.glfwWaitEventsTimeout(GLFW.java:3509) ~[lwjgl-glfw-3.3.3.jar%23173!/:build 5]
	at TRANSFORMER/minecraft@1.21.1/com.mojang.blaze3d.systems.RenderSystem.limitDisplayFPS(RenderSystem.java:162) ~[client-1.21.1-20240808.144430-srg.jar%23438!/:?]
	at TRANSFORMER/minecraft@1.21.1/net.minecraft.client.Minecraft.runTick(Minecraft.java:1220) ~[client-1.21.1-20240808.144430-srg.jar%23438!/:?]
	at TRANSFORMER/minecraft@1.21.1/net.minecraft.client.Minecraft.run(Minecraft.java:807) ~[client-1.21.1-20240808.144430-srg.jar%23438!/:?]
	at TRANSFORMER/minecraft@1.21.1/net.minecraft.client.main.Main.main(Main.java:230) ~[client-1.21.1-20240808.144430-srg.jar%23438!/:?]
	at java.base/jdk.internal.reflect.DirectMethodHandleAccessor.invoke(DirectMethodHandleAccessor.java:103) ~[?:?]
	at java.base/java.lang.reflect.Method.invoke(Method.java:580) ~[?:?]
	at MC-BOOTSTRAP/fml_loader@4.0.43/net.neoforged.fml.loading.targets.CommonLaunchHandler.runTarget(CommonLaunchHandler.java:136) ~[loader-4.0.43.jar%23107!/:4.0]
	at MC-BOOTSTRAP/fml_loader@4.0.43/net.neoforged.fml.loading.targets.CommonLaunchHandler.clientService(CommonLaunchHandler.java:124) ~[loader-4.0.43.jar%23107!/:4.0]
	at MC-BOOTSTRAP/fml_loader@4.0.43/net.neoforged.fml.loading.targets.CommonClientLaunchHandler.runService(CommonClientLaunchHandler.java:32) ~[loader-4.0.43.jar%23107!/:4.0]
	at MC-BOOTSTRAP/fml_loader@4.0.43/net.neoforged.fml.loading.targets.CommonLaunchHandler.lambda$launchService$4(CommonLaunchHandler.java:118) ~[loader-4.0.43.jar%23107!/:4.0]
	at MC-BOOTSTRAP/cpw.mods.modlauncher@11.0.5/cpw.mods.modlauncher.LaunchServiceHandlerDecorator.launch(LaunchServiceHandlerDecorator.java:30) [modlauncher-11.0.5.jar%23112!/:?]
	at MC-BOOTSTRAP/cpw.mods.modlauncher@11.0.5/cpw.mods.modlauncher.LaunchServiceHandler.launch(LaunchServiceHandler.java:53) [modlauncher-11.0.5.jar%23112!/:?]
	at MC-BOOTSTRAP/cpw.mods.modlauncher@11.0.5/cpw.mods.modlauncher.LaunchServiceHandler.launch(LaunchServiceHandler.java:71) [modlauncher-11.0.5.jar%23112!/:?]
	at MC-BOOTSTRAP/cpw.mods.modlauncher@11.0.5/cpw.mods.modlauncher.Launcher.run(Launcher.java:103) [modlauncher-11.0.5.jar%23112!/:?]
	at MC-BOOTSTRAP/cpw.mods.modlauncher@11.0.5/cpw.mods.modlauncher.Launcher.main(Launcher.java:74) [modlauncher-11.0.5.jar%23112!/:?]
	at MC-BOOTSTRAP/cpw.mods.modlauncher@11.0.5/cpw.mods.modlauncher.BootstrapLaunchConsumer.accept(BootstrapLaunchConsumer.java:26) [modlauncher-11.0.5.jar%23112!/:?]
	at MC-BOOTSTRAP/cpw.mods.modlauncher@11.0.5/cpw.mods.modlauncher.BootstrapLaunchConsumer.accept(BootstrapLaunchConsumer.java:23) [modlauncher-11.0.5.jar%23112!/:?]
	at cpw.mods.bootstraplauncher@2.0.2/cpw.mods.bootstraplauncher.BootstrapLauncher.run(BootstrapLauncher.java:210) [bootstraplauncher-2.0.2.jar:?]
	at cpw.mods.bootstraplauncher@2.0.2/cpw.mods.bootstraplauncher.BootstrapLauncher.main(BootstrapLauncher.java:69) [bootstraplauncher-2.0.2.jar:?]
[29авг.2026 23:03:12.969] [Render thread/WARN] [Slice & Dice/]: Unable to convert fluids in recipe sliceanddice:cooking/createfood/farmersdelight/cooking/muffin_batter_bucket_from_cooking
java.lang.IllegalArgumentException: Recipe has more fluid inputs (3) than supported (2).
	at TRANSFORMER/sliceanddice@4.3.3/com.possible_triangle.sliceanddice.compat.MixingRecipeGenerator.resolveAll(MixingRecipeGenerator.kt:87) ~[sliceanddice-4.3.3-neoforge.jar%23663!/:4.3.3]
	at TRANSFORMER/sliceanddice@4.3.3/com.possible_triangle.sliceanddice.compat.FarmersDelightCompat.basinCookingRecipes(FarmersDelightCompat.kt:100) ~[sliceanddice-4.3.3-neoforge.jar%23663!/:4.3.3]
	at TRANSFORMER/sliceanddice@4.3.3/com.possible_triangle.sliceanddice.compat.FarmersDelightCompat.injectRecipes(FarmersDelightCompat.kt:47) ~[sliceanddice-4.3.3-neoforge.jar%23663!/:4.3.3]
	at TRANSFORMER/sliceanddice@4.3.3/com.possible_triangle.sliceanddice.compat.ModCompat.injectRecipes$lambda$0(ModCompat.kt:44) ~[sliceanddice-4.3.3-neoforge.jar%23663!/:4.3.3]
	at TRANSFORMER/sliceanddice@4.3.3/com.possible_triangle.sliceanddice.compat.FarmersDelightCompat$Companion.ifLoaded$lambda$0(FarmersDelightCompat.kt:34) ~[sliceanddice-4.3.3-neoforge.jar%23663!/:4.3.3]
	at TRANSFORMER/sliceanddice@4.3.3/com.possible_triangle.sliceanddice.compat.ModCompat.ifLoaded(ModCompat.kt:34) ~[sliceanddice-4.3.3-neoforge.jar%23663!/:4.3.3]
	at TRANSFORMER/sliceanddice@4.3.3/com.possible_triangle.sliceanddice.compat.FarmersDelightCompat$Companion.ifLoaded(FarmersDelightCompat.kt:33) ~[sliceanddice-4.3.3-neoforge.jar%23663!/:4.3.3]
	at TRANSFORMER/sliceanddice@4.3.3/com.possible_triangle.sliceanddice.compat.ModCompat.injectRecipes(ModCompat.kt:44) ~[sliceanddice-4.3.3-neoforge.jar%23663!/:4.3.3]
	at TRANSFORMER/sliceanddice@4.3.3/com.possible_triangle.sliceanddice.RecipeInjection.injectRecipes(RecipeInjection.kt:21) ~[sliceanddice-4.3.3-neoforge.jar%23663!/:4.3.3]
	at TRANSFORMER/minecraft@1.21.1/net.minecraft.server.ReloadableServerResources.handler$jji000$sliceanddice$injectRecipes(ReloadableServerResources.java:4520) ~[client-1.21.1-20240808.144430-srg.jar%23438!/:?]
	at TRANSFORMER/minecraft@1.21.1/net.minecraft.server.ReloadableServerResources.updateRegistryTags(ReloadableServerResources.java:144) ~[client-1.21.1-20240808.144430-srg.jar%23438!/:?]
	at TRANSFORMER/minecraft@1.21.1/net.minecraft.server.WorldLoader.lambda$load$1(WorldLoader.java:64) ~[client-1.21.1-20240808.144430-srg.jar%23438!/:?]
	at java.base/java.util.concurrent.CompletableFuture$UniApply.tryFire(CompletableFuture.java:646) ~[?:?]
	at java.base/java.util.concurrent.CompletableFuture$Completion.run(CompletableFuture.java:482) ~[?:?]
	at TRANSFORMER/minecraft@1.21.1/net.minecraft.util.thread.BlockableEventLoop.doRunTask(BlockableEventLoop.java:148) ~[client-1.21.1-20240808.144430-srg.jar%23438!/:?]
	at TRANSFORMER/minecraft@1.21.1/net.minecraft.util.thread.ReentrantBlockableEventLoop.doRunTask(ReentrantBlockableEventLoop.java:23) ~[client-1.21.1-20240808.144430-srg.jar%23438!/:?]
	at TRANSFORMER/minecraft@1.21.1/net.minecraft.util.thread.BlockableEventLoop.pollTask(BlockableEventLoop.java:122) ~[client-1.21.1-20240808.144430-srg.jar%23438!/:?]
	at TRANSFORMER/minecraft@1.21.1/net.minecraft.util.thread.BlockableEventLoop.managedBlock(BlockableEventLoop.java:132) ~[client-1.21.1-20240808.144430-srg.jar%23438!/:?]
	at TRANSFORMER/minecraft@1.21.1/net.minecraft.client.gui.screens.worldselection.WorldOpenFlows.loadWorldDataBlocking(WorldOpenFlows.java:201) ~[client-1.21.1-20240808.144430-srg.jar%23438!/:?]
	at TRANSFORMER/minecraft@1.21.1/net.minecraft.client.gui.screens.worldselection.WorldOpenFlows.loadWorldStem(WorldOpenFlows.java:142) ~[client-1.21.1-20240808.144430-srg.jar%23438!/:?]
	at TRANSFORMER/minecraft@1.21.1/net.minecraft.client.gui.screens.worldselection.WorldOpenFlows.openWorldLoadLevelStem(WorldOpenFlows.java:346) ~[client-1.21.1-20240808.144430-srg.jar%23438!/:?]
	at TRANSFORMER/minecraft@1.21.1/net.minecraft.client.gui.screens.worldselection.WorldOpenFlows.openWorldCheckVersionCompatibility(WorldOpenFlows.java:335) ~[client-1.21.1-20240808.144430-srg.jar%23438!/:?]
	at TRANSFORMER/minecraft@1.21.1/net.minecraft.client.gui.screens.worldselection.WorldOpenFlows.openWorldLoadLevelData(WorldOpenFlows.java:297) ~[client-1.21.1-20240808.144430-srg.jar%23438!/:?]
	at TRANSFORMER/minecraft@1.21.1/net.minecraft.client.gui.screens.worldselection.WorldOpenFlows.openWorld(WorldOpenFlows.java:261) ~[client-1.21.1-20240808.144430-srg.jar%23438!/:?]
	at TRANSFORMER/minecraft@1.21.1/net.minecraft.client.gui.screens.worldselection.WorldSelectionList$WorldListEntry.joinWorld(WorldSelectionList.java:498) ~[client-1.21.1-20240808.144430-srg.jar%23438!/:?]
	at TRANSFORMER/minecraft@1.21.1/net.minecraft.client.gui.screens.worldselection.WorldSelectionList$WorldListEntry.mouseClicked(WorldSelectionList.java:481) ~[client-1.21.1-20240808.144430-srg.jar%23438!/:?]
	at TRANSFORMER/minecraft@1.21.1/net.minecraft.client.gui.components.AbstractSelectionList.mouseClicked(AbstractSelectionList.java:315) ~[client-1.21.1-20240808.144430-srg.jar%23438!/:?]
	at TRANSFORMER/minecraft@1.21.1/net.minecraft.client.gui.components.events.ContainerEventHandler.mouseClicked(ContainerEventHandler.java:38) ~[client-1.21.1-20240808.144430-srg.jar%23438!/:?]
	at TRANSFORMER/minecraft@1.21.1/net.minecraft.client.MouseHandler.lambda$onPress$0(MouseHandler.java:98) ~[client-1.21.1-20240808.144430-srg.jar%23438!/:?]
	at TRANSFORMER/minecraft@1.21.1/net.minecraft.client.gui.screens.Screen.wrapScreenError(Screen.java:451) ~[client-1.21.1-20240808.144430-srg.jar%23438!/:?]
	at TRANSFORMER/minecraft@1.21.1/net.minecraft.client.MouseHandler.onPress(MouseHandler.java:95) ~[client-1.21.1-20240808.144430-srg.jar%23438!/:?]
	at TRANSFORMER/minecraft@1.21.1/net.minecraft.client.MouseHandler.lambda$setup$4(MouseHandler.java:202) ~[client-1.21.1-20240808.144430-srg.jar%23438!/:?]
	at TRANSFORMER/minecraft@1.21.1/net.minecraft.util.thread.BlockableEventLoop.execute(BlockableEventLoop.java:98) ~[client-1.21.1-20240808.144430-srg.jar%23438!/:?]
	at TRANSFORMER/minecraft@1.21.1/net.minecraft.client.MouseHandler.lambda$setup$5(MouseHandler.java:202) ~[client-1.21.1-20240808.144430-srg.jar%23438!/:?]
	at MC-BOOTSTRAP/org.lwjgl.glfw@3.3.3+5/org.lwjgl.glfw.GLFWMouseButtonCallbackI.callback(GLFWMouseButtonCallbackI.java:43) ~[lwjgl-glfw-3.3.3.jar%23173!/:build 5]
	at MC-BOOTSTRAP/org.lwjgl@3.3.3+5/org.lwjgl.system.JNI.invokeV(Native Method) ~[lwjgl-3.3.3.jar%23185!/:build 5]
	at MC-BOOTSTRAP/org.lwjgl.glfw@3.3.3+5/org.lwjgl.glfw.GLFW.glfwWaitEventsTimeout(GLFW.java:3509) ~[lwjgl-glfw-3.3.3.jar%23173!/:build 5]
	at TRANSFORMER/minecraft@1.21.1/com.mojang.blaze3d.systems.RenderSystem.limitDisplayFPS(RenderSystem.java:162) ~[client-1.21.1-20240808.144430-srg.jar%23438!/:?]
	at TRANSFORMER/minecraft@1.21.1/net.minecraft.client.Minecraft.runTick(Minecraft.java:1220) ~[client-1.21.1-20240808.144430-srg.jar%23438!/:?]
	at TRANSFORMER/minecraft@1.21.1/net.minecraft.client.Minecraft.run(Minecraft.java:807) ~[client-1.21.1-20240808.144430-srg.jar%23438!/:?]
	at TRANSFORMER/minecraft@1.21.1/net.minecraft.client.main.Main.main(Main.java:230) ~[client-1.21.1-20240808.144430-srg.jar%23438!/:?]
	at java.base/jdk.internal.reflect.DirectMethodHandleAccessor.invoke(DirectMethodHandleAccessor.java:103) ~[?:?]
	at java.base/java.lang.reflect.Method.invoke(Method.java:580) ~[?:?]
	at MC-BOOTSTRAP/fml_loader@4.0.43/net.neoforged.fml.loading.targets.CommonLaunchHandler.runTarget(CommonLaunchHandler.java:136) ~[loader-4.0.43.jar%23107!/:4.0]
	at MC-BOOTSTRAP/fml_loader@4.0.43/net.neoforged.fml.loading.targets.CommonLaunchHandler.clientService(CommonLaunchHandler.java:124) ~[loader-4.0.43.jar%23107!/:4.0]
	at MC-BOOTSTRAP/fml_loader@4.0.43/net.neoforged.fml.loading.targets.CommonClientLaunchHandler.runService(CommonClientLaunchHandler.java:32) ~[loader-4.0.43.jar%23107!/:4.0]
	at MC-BOOTSTRAP/fml_loader@4.0.43/net.neoforged.fml.loading.targets.CommonLaunchHandler.lambda$launchService$4(CommonLaunchHandler.java:118) ~[loader-4.0.43.jar%23107!/:4.0]
	at MC-BOOTSTRAP/cpw.mods.modlauncher@11.0.5/cpw.mods.modlauncher.LaunchServiceHandlerDecorator.launch(LaunchServiceHandlerDecorator.java:30) [modlauncher-11.0.5.jar%23112!/:?]
	at MC-BOOTSTRAP/cpw.mods.modlauncher@11.0.5/cpw.mods.modlauncher.LaunchServiceHandler.launch(LaunchServiceHandler.java:53) [modlauncher-11.0.5.jar%23112!/:?]
	at MC-BOOTSTRAP/cpw.mods.modlauncher@11.0.5/cpw.mods.modlauncher.LaunchServiceHandler.launch(LaunchServiceHandler.java:71) [modlauncher-11.0.5.jar%23112!/:?]
	at MC-BOOTSTRAP/cpw.mods.modlauncher@11.0.5/cpw.mods.modlauncher.Launcher.run(Launcher.java:103) [modlauncher-11.0.5.jar%23112!/:?]
	at MC-BOOTSTRAP/cpw.mods.modlauncher@11.0.5/cpw.mods.modlauncher.Launcher.main(Launcher.java:74) [modlauncher-11.0.5.jar%23112!/:?]
	at MC-BOOTSTRAP/cpw.mods.modlauncher@11.0.5/cpw.mods.modlauncher.BootstrapLaunchConsumer.accept(BootstrapLaunchConsumer.java:26) [modlauncher-11.0.5.jar%23112!/:?]
	at MC-BOOTSTRAP/cpw.mods.modlauncher@11.0.5/cpw.mods.modlauncher.BootstrapLaunchConsumer.accept(BootstrapLaunchConsumer.java:23) [modlauncher-11.0.5.jar%23112!/:?]
	at cpw.mods.bootstraplauncher@2.0.2/cpw.mods.bootstraplauncher.BootstrapLauncher.run(BootstrapLauncher.java:210) [bootstraplauncher-2.0.2.jar:?]
	at cpw.mods.bootstraplauncher@2.0.2/cpw.mods.bootstraplauncher.BootstrapLauncher.main(BootstrapLauncher.java:69) [bootstraplauncher-2.0.2.jar:?]
[29авг.2026 23:03:13.026] [Render thread/WARN] [ModernFix/]: Initial datapack load took 5.312 s
[29авг.2026 23:03:13.031] [Render thread/INFO] [de.mrjulsen.crn.CreateRailwaysNavigator/]: Removed all overlays.
[29авг.2026 23:03:13.036] [Render thread/INFO] [de.mrjulsen.crn.CreateRailwaysNavigator/]: All events have been closed.
[29авг.2026 23:03:13.075] [Render thread/INFO] [de.keksuccino.fancymenu.customization.layer.ScreenCustomizationLayerHandler/]: [FANCYMENU] ScreenCustomizationLayer registered: progress_screen
[29авг.2026 23:03:13.095] [Render thread/INFO] [Entity Texture Features/]: [ETF]: emissive suffixes loaded: [_e]
[29авг.2026 23:03:13.098] [Render thread/INFO] [Entity Texture Features/]: [ETF]: emissive suffixes loaded: [_e]
[29авг.2026 23:03:13.212] [Server thread/INFO] [net.minecraft.client.server.IntegratedServer/]: Starting integrated minecraft server version 1.21.1
[29авг.2026 23:03:13.212] [Server thread/INFO] [net.minecraft.server.MinecraftServer/]: Generating keypair
[29авг.2026 23:03:13.271] [Server thread/INFO] [Puzzles Lib/]: Dispatching loading event for config leavesbegone-server.toml
[29авг.2026 23:03:13.272] [Server thread/INFO] [Puzzles Lib/]: Dispatching loading event for config easyanvils-server.toml
[29авг.2026 23:03:13.274] [Server thread/INFO] [Puzzles Lib/]: Dispatching loading event for config pickupnotifier\pickupnotifier-server.toml
[29авг.2026 23:03:13.298] [Server thread/INFO] [com.tom.createores.CreateOreExcavation/]: Loaded Create Ore Excavation config file createoreexcavation-server.toml
[29авг.2026 23:03:13.393] [Server thread/WARN] [net.neoforged.fml.config.ConfigTracker/CONFIG]: Configuration file C:\Users\Mike\AppData\Roaming\.minecraft\versions\create new\config\createbigcannons-server.toml is not correct. Correcting
[29авг.2026 23:03:13.400] [Server thread/INFO] [Puzzles Lib/]: Dispatching loading event for config tradingpost-server.toml
[29авг.2026 23:03:13.449] [Server thread/INFO] [Puzzles Lib/]: Dispatching loading event for config easymagic-server.toml
[29авг.2026 23:03:13.538] [Server thread/WARN] [net.neoforged.neoforge.server.ServerLifecycleHooks/]: Detected quark:toretoise that was registered with CREATURE mob category but was added under MONSTER mob category for ars_nouveau:archwood_forest biome! Mobs should be added to biomes under the same mob category that the mob was registered as to prevent mob cap spawning issues.
[29авг.2026 23:03:13.538] [Server thread/WARN] [net.neoforged.neoforge.server.ServerLifecycleHooks/]: Detected quark:toretoise that was registered with CREATURE mob category but was added under MONSTER mob category for minecraft:badlands biome! Mobs should be added to biomes under the same mob category that the mob was registered as to prevent mob cap spawning issues.
[29авг.2026 23:03:13.539] [Server thread/WARN] [net.neoforged.neoforge.server.ServerLifecycleHooks/]: Detected quark:toretoise that was registered with CREATURE mob category but was added under MONSTER mob category for minecraft:bamboo_jungle biome! Mobs should be added to biomes under the same mob category that the mob was registered as to prevent mob cap spawning issues.
[29авг.2026 23:03:13.539] [Server thread/WARN] [net.neoforged.neoforge.server.ServerLifecycleHooks/]: Detected quark:foxhound that was registered with CREATURE mob category but was added under MONSTER mob category for minecraft:basalt_deltas biome! Mobs should be added to biomes under the same mob category that the mob was registered as to prevent mob cap spawning issues.
[29авг.2026 23:03:13.540] [Server thread/WARN] [net.neoforged.neoforge.server.ServerLifecycleHooks/]: Detected quark:toretoise that was registered with CREATURE mob category but was added under MONSTER mob category for minecraft:beach biome! Mobs should be added to biomes under the same mob category that the mob was registered as to prevent mob cap spawning issues.
[29авг.2026 23:03:13.540] [Server thread/WARN] [net.neoforged.neoforge.server.ServerLifecycleHooks/]: Detected quark:toretoise that was registered with CREATURE mob category but was added under MONSTER mob category for minecraft:birch_forest biome! Mobs should be added to biomes under the same mob category that the mob was registered as to prevent mob cap spawning issues.
[29авг.2026 23:03:13.540] [Server thread/WARN] [net.neoforged.neoforge.server.ServerLifecycleHooks/]: Detected quark:toretoise that was registered with CREATURE mob category but was added under MONSTER mob category for minecraft:cherry_grove biome! Mobs should be added to biomes under the same mob category that the mob was registered as to prevent mob cap spawning issues.
[29авг.2026 23:03:13.541] [Server thread/WARN] [net.neoforged.neoforge.server.ServerLifecycleHooks/]: Detected quark:toretoise that was registered with CREATURE mob category but was added under MONSTER mob category for minecraft:cold_ocean biome! Mobs should be added to biomes under the same mob category that the mob was registered as to prevent mob cap spawning issues.
[29авг.2026 23:03:13.542] [Server thread/WARN] [net.neoforged.neoforge.server.ServerLifecycleHooks/]: Detected quark:toretoise that was registered with CREATURE mob category but was added under MONSTER mob category for minecraft:dark_forest biome! Mobs should be added to biomes under the same mob category that the mob was registered as to prevent mob cap spawning issues.
[29авг.2026 23:03:13.542] [Server thread/WARN] [net.neoforged.neoforge.server.ServerLifecycleHooks/]: Detected quark:toretoise that was registered with CREATURE mob category but was added under MONSTER mob category for minecraft:deep_cold_ocean biome! Mobs should be added to biomes under the same mob category that the mob was registered as to prevent mob cap spawning issues.
[29авг.2026 23:03:13.542] [Server thread/WARN] [net.neoforged.neoforge.server.ServerLifecycleHooks/]: Detected quark:toretoise that was registered with CREATURE mob category but was added under MONSTER mob category for minecraft:deep_dark biome! Mobs should be added to biomes under the same mob category that the mob was registered as to prevent mob cap spawning issues.
[29авг.2026 23:03:13.542] [Server thread/WARN] [net.neoforged.neoforge.server.ServerLifecycleHooks/]: Detected quark:toretoise that was registered with CREATURE mob category but was added under MONSTER mob category for minecraft:deep_frozen_ocean biome! Mobs should be added to biomes under the same mob category that the mob was registered as to prevent mob cap spawning issues.
[29авг.2026 23:03:13.543] [Server thread/WARN] [net.neoforged.neoforge.server.ServerLifecycleHooks/]: Detected quark:toretoise that was registered with CREATURE mob category but was added under MONSTER mob category for minecraft:deep_lukewarm_ocean biome! Mobs should be added to biomes under the same mob category that the mob was registered as to prevent mob cap spawning issues.
[29авг.2026 23:03:13.543] [Server thread/WARN] [net.neoforged.neoforge.server.ServerLifecycleHooks/]: Detected quark:toretoise that was registered with CREATURE mob category but was added under MONSTER mob category for minecraft:deep_ocean biome! Mobs should be added to biomes under the same mob category that the mob was registered as to prevent mob cap spawning issues.
[29авг.2026 23:03:13.543] [Server thread/WARN] [net.neoforged.neoforge.server.ServerLifecycleHooks/]: Detected quark:toretoise that was registered with CREATURE mob category but was added under MONSTER mob category for terrablender:deferred_placeholder biome! Mobs should be added to biomes under the same mob category that the mob was registered as to prevent mob cap spawning issues.
[29авг.2026 23:03:13.543] [Server thread/WARN] [net.neoforged.neoforge.server.ServerLifecycleHooks/]: Detected quark:toretoise that was registered with CREATURE mob category but was added under MONSTER mob category for minecraft:desert biome! Mobs should be added to biomes under the same mob category that the mob was registered as to prevent mob cap spawning issues.
[29авг.2026 23:03:13.544] [Server thread/WARN] [net.neoforged.neoforge.server.ServerLifecycleHooks/]: Detected quark:toretoise that was registered with CREATURE mob category but was added under MONSTER mob category for minecraft:dripstone_caves biome! Mobs should be added to biomes under the same mob category that the mob was registered as to prevent mob cap spawning issues.
[29авг.2026 23:03:13.544] [Server thread/WARN] [net.neoforged.neoforge.server.ServerLifecycleHooks/]: Detected quark:toretoise that was registered with CREATURE mob category but was added under MONSTER mob category for minecraft:eroded_badlands biome! Mobs should be added to biomes under the same mob category that the mob was registered as to prevent mob cap spawning issues.
[29авг.2026 23:03:13.545] [Server thread/WARN] [net.neoforged.neoforge.server.ServerLifecycleHooks/]: Detected quark:toretoise that was registered with CREATURE mob category but was added under MONSTER mob category for minecraft:flower_forest biome! Mobs should be added to biomes under the same mob category that the mob was registered as to prevent mob cap spawning issues.
[29авг.2026 23:03:13.545] [Server thread/WARN] [net.neoforged.neoforge.server.ServerLifecycleHooks/]: Detected quark:toretoise that was registered with CREATURE mob category but was added under MONSTER mob category for minecraft:forest biome! Mobs should be added to biomes under the same mob category that the mob was registered as to prevent mob cap spawning issues.
[29авг.2026 23:03:13.545] [Server thread/WARN] [net.neoforged.neoforge.server.ServerLifecycleHooks/]: Detected quark:toretoise that was registered with CREATURE mob category but was added under MONSTER mob category for minecraft:frozen_ocean biome! Mobs should be added to biomes under the same mob category that the mob was registered as to prevent mob cap spawning issues.
[29авг.2026 23:03:13.546] [Server thread/WARN] [net.neoforged.neoforge.server.ServerLifecycleHooks/]: Detected quark:toretoise that was registered with CREATURE mob category but was added under MONSTER mob category for minecraft:frozen_peaks biome! Mobs should be added to biomes under the same mob category that the mob was registered as to prevent mob cap spawning issues.
[29авг.2026 23:03:13.546] [Server thread/WARN] [net.neoforged.neoforge.server.ServerLifecycleHooks/]: Detected quark:toretoise that was registered with CREATURE mob category but was added under MONSTER mob category for minecraft:frozen_river biome! Mobs should be added to biomes under the same mob category that the mob was registered as to prevent mob cap spawning issues.
[29авг.2026 23:03:13.546] [Server thread/WARN] [net.neoforged.neoforge.server.ServerLifecycleHooks/]: Detected quark:toretoise that was registered with CREATURE mob category but was added under MONSTER mob category for quark:glimmering_weald biome! Mobs should be added to biomes under the same mob category that the mob was registered as to prevent mob cap spawning issues.
[29авг.2026 23:03:13.546] [Server thread/WARN] [net.neoforged.neoforge.server.ServerLifecycleHooks/]: Detected quark:toretoise that was registered with CREATURE mob category but was added under MONSTER mob category for minecraft:grove biome! Mobs should be added to biomes under the same mob category that the mob was registered as to prevent mob cap spawning issues.
[29авг.2026 23:03:13.547] [Server thread/WARN] [net.neoforged.neoforge.server.ServerLifecycleHooks/]: Detected quark:toretoise that was registered with CREATURE mob category but was added under MONSTER mob category for minecraft:ice_spikes biome! Mobs should be added to biomes under the same mob category that the mob was registered as to prevent mob cap spawning issues.
[29авг.2026 23:03:13.547] [Server thread/WARN] [net.neoforged.neoforge.server.ServerLifecycleHooks/]: Detected quark:toretoise that was registered with CREATURE mob category but was added under MONSTER mob category for minecraft:jagged_peaks biome! Mobs should be added to biomes under the same mob category that the mob was registered as to prevent mob cap spawning issues.
[29авг.2026 23:03:13.547] [Server thread/WARN] [net.neoforged.neoforge.server.ServerLifecycleHooks/]: Detected quark:toretoise that was registered with CREATURE mob category but was added under MONSTER mob category for ars_nouveau:jar biome! Mobs should be added to biomes under the same mob category that the mob was registered as to prevent mob cap spawning issues.
[29авг.2026 23:03:13.548] [Server thread/WARN] [net.neoforged.neoforge.server.ServerLifecycleHooks/]: Detected quark:toretoise that was registered with CREATURE mob category but was added under MONSTER mob category for minecraft:jungle biome! Mobs should be added to biomes under the same mob category that the mob was registered as to prevent mob cap spawning issues.
[29авг.2026 23:03:13.548] [Server thread/WARN] [net.neoforged.neoforge.server.ServerLifecycleHooks/]: Detected quark:toretoise that was registered with CREATURE mob category but was added under MONSTER mob category for minecraft:lukewarm_ocean biome! Mobs should be added to biomes under the same mob category that the mob was registered as to prevent mob cap spawning issues.
[29авг.2026 23:03:13.548] [Server thread/WARN] [net.neoforged.neoforge.server.ServerLifecycleHooks/]: Detected quark:toretoise that was registered with CREATURE mob category but was added under MONSTER mob category for minecraft:lush_caves biome! Mobs should be added to biomes under the same mob category that the mob was registered as to prevent mob cap spawning issues.
[29авг.2026 23:03:13.548] [Server thread/WARN] [net.neoforged.neoforge.server.ServerLifecycleHooks/]: Detected quark:toretoise that was registered with CREATURE mob category but was added under MONSTER mob category for minecraft:mangrove_swamp biome! Mobs should be added to biomes under the same mob category that the mob was registered as to prevent mob cap spawning issues.
[29авг.2026 23:03:13.549] [Server thread/WARN] [net.neoforged.neoforge.server.ServerLifecycleHooks/]: Detected quark:toretoise that was registered with CREATURE mob category but was added under MONSTER mob category for minecraft:meadow biome! Mobs should be added to biomes under the same mob category that the mob was registered as to prevent mob cap spawning issues.
[29авг.2026 23:03:13.549] [Server thread/WARN] [net.neoforged.neoforge.server.ServerLifecycleHooks/]: Detected quark:toretoise that was registered with CREATURE mob category but was added under MONSTER mob category for minecraft:mushroom_fields biome! Mobs should be added to biomes under the same mob category that the mob was registered as to prevent mob cap spawning issues.
[29авг.2026 23:03:13.549] [Server thread/WARN] [net.neoforged.neoforge.server.ServerLifecycleHooks/]: Detected quark:foxhound that was registered with CREATURE mob category but was added under MONSTER mob category for minecraft:nether_wastes biome! Mobs should be added to biomes under the same mob category that the mob was registered as to prevent mob cap spawning issues.
[29авг.2026 23:03:13.549] [Server thread/WARN] [net.neoforged.neoforge.server.ServerLifecycleHooks/]: Detected quark:toretoise that was registered with CREATURE mob category but was added under MONSTER mob category for minecraft:ocean biome! Mobs should be added to biomes under the same mob category that the mob was registered as to prevent mob cap spawning issues.
[29авг.2026 23:03:13.551] [Server thread/WARN] [net.neoforged.neoforge.server.ServerLifecycleHooks/]: Detected quark:toretoise that was registered with CREATURE mob category but was added under MONSTER mob category for minecraft:old_growth_birch_forest biome! Mobs should be added to biomes under the same mob category that the mob was registered as to prevent mob cap spawning issues.
[29авг.2026 23:03:13.551] [Server thread/WARN] [net.neoforged.neoforge.server.ServerLifecycleHooks/]: Detected quark:toretoise that was registered with CREATURE mob category but was added under MONSTER mob category for minecraft:old_growth_pine_taiga biome! Mobs should be added to biomes under the same mob category that the mob was registered as to prevent mob cap spawning issues.
[29авг.2026 23:03:13.551] [Server thread/WARN] [net.neoforged.neoforge.server.ServerLifecycleHooks/]: Detected quark:toretoise that was registered with CREATURE mob category but was added under MONSTER mob category for minecraft:old_growth_spruce_taiga biome! Mobs should be added to biomes under the same mob category that the mob was registered as to prevent mob cap spawning issues.
[29авг.2026 23:03:13.551] [Server thread/WARN] [net.neoforged.neoforge.server.ServerLifecycleHooks/]: Detected quark:toretoise that was registered with CREATURE mob category but was added under MONSTER mob category for blueprint:original_source_marker biome! Mobs should be added to biomes under the same mob category that the mob was registered as to prevent mob cap spawning issues.
[29авг.2026 23:03:13.552] [Server thread/WARN] [net.neoforged.neoforge.server.ServerLifecycleHooks/]: Detected quark:toretoise that was registered with CREATURE mob category but was added under MONSTER mob category for minecraft:plains biome! Mobs should be added to biomes under the same mob category that the mob was registered as to prevent mob cap spawning issues.
[29авг.2026 23:03:13.552] [Server thread/WARN] [net.neoforged.neoforge.server.ServerLifecycleHooks/]: Detected quark:toretoise that was registered with CREATURE mob category but was added under MONSTER mob category for minecraft:river biome! Mobs should be added to biomes under the same mob category that the mob was registered as to prevent mob cap spawning issues.
[29авг.2026 23:03:13.552] [Server thread/WARN] [net.neoforged.neoforge.server.ServerLifecycleHooks/]: Detected quark:toretoise that was registered with CREATURE mob category but was added under MONSTER mob category for minecraft:savanna biome! Mobs should be added to biomes under the same mob category that the mob was registered as to prevent mob cap spawning issues.
[29авг.2026 23:03:13.552] [Server thread/WARN] [net.neoforged.neoforge.server.ServerLifecycleHooks/]: Detected quark:toretoise that was registered with CREATURE mob category but was added under MONSTER mob category for minecraft:savanna_plateau biome! Mobs should be added to biomes under the same mob category that the mob was registered as to prevent mob cap spawning issues.
[29авг.2026 23:03:13.553] [Server thread/WARN] [net.neoforged.neoforge.server.ServerLifecycleHooks/]: Detected quark:toretoise that was registered with CREATURE mob category but was added under MONSTER mob category for minecraft:snowy_beach biome! Mobs should be added to biomes under the same mob category that the mob was registered as to prevent mob cap spawning issues.
[29авг.2026 23:03:13.553] [Server thread/WARN] [net.neoforged.neoforge.server.ServerLifecycleHooks/]: Detected quark:toretoise that was registered with CREATURE mob category but was added under MONSTER mob category for minecraft:snowy_plains biome! Mobs should be added to biomes under the same mob category that the mob was registered as to prevent mob cap spawning issues.
[29авг.2026 23:03:13.553] [Server thread/WARN] [net.neoforged.neoforge.server.ServerLifecycleHooks/]: Detected quark:toretoise that was registered with CREATURE mob category but was added under MONSTER mob category for minecraft:snowy_slopes biome! Mobs should be added to biomes under the same mob category that the mob was registered as to prevent mob cap spawning issues.
[29авг.2026 23:03:13.553] [Server thread/WARN] [net.neoforged.neoforge.server.ServerLifecycleHooks/]: Detected quark:toretoise that was registered with CREATURE mob category but was added under MONSTER mob category for minecraft:snowy_taiga biome! Mobs should be added to biomes under the same mob category that the mob was registered as to prevent mob cap spawning issues.
[29авг.2026 23:03:13.554] [Server thread/WARN] [net.neoforged.neoforge.server.ServerLifecycleHooks/]: Detected quark:foxhound that was registered with CREATURE mob category but was added under MONSTER mob category for minecraft:soul_sand_valley biome! Mobs should be added to biomes under the same mob category that the mob was registered as to prevent mob cap spawning issues.
[29авг.2026 23:03:13.554] [Server thread/WARN] [net.neoforged.neoforge.server.ServerLifecycleHooks/]: Detected quark:toretoise that was registered with CREATURE mob category but was added under MONSTER mob category for minecraft:sparse_jungle biome! Mobs should be added to biomes under the same mob category that the mob was registered as to prevent mob cap spawning issues.
[29авг.2026 23:03:13.554] [Server thread/WARN] [net.neoforged.neoforge.server.ServerLifecycleHooks/]: Detected quark:toretoise that was registered with CREATURE mob category but was added under MONSTER mob category for minecraft:stony_peaks biome! Mobs should be added to biomes under the same mob category that the mob was registered as to prevent mob cap spawning issues.
[29авг.2026 23:03:13.554] [Server thread/WARN] [net.neoforged.neoforge.server.ServerLifecycleHooks/]: Detected quark:toretoise that was registered with CREATURE mob category but was added under MONSTER mob category for minecraft:stony_shore biome! Mobs should be added to biomes under the same mob category that the mob was registered as to prevent mob cap spawning issues.
[29авг.2026 23:03:13.555] [Server thread/WARN] [net.neoforged.neoforge.server.ServerLifecycleHooks/]: Detected quark:toretoise that was registered with CREATURE mob category but was added under MONSTER mob category for minecraft:sunflower_plains biome! Mobs should be added to biomes under the same mob category that the mob was registered as to prevent mob cap spawning issues.
[29авг.2026 23:03:13.555] [Server thread/WARN] [net.neoforged.neoforge.server.ServerLifecycleHooks/]: Detected quark:toretoise that was registered with CREATURE mob category but was added under MONSTER mob category for minecraft:swamp biome! Mobs should be added to biomes under the same mob category that the mob was registered as to prevent mob cap spawning issues.
[29авг.2026 23:03:13.555] [Server thread/WARN] [net.neoforged.neoforge.server.ServerLifecycleHooks/]: Detected quark:toretoise that was registered with CREATURE mob category but was added under MONSTER mob category for minecraft:taiga biome! Mobs should be added to biomes under the same mob category that the mob was registered as to prevent mob cap spawning issues.
[29авг.2026 23:03:13.556] [Server thread/WARN] [net.neoforged.neoforge.server.ServerLifecycleHooks/]: Detected quark:toretoise that was registered with CREATURE mob category but was added under MONSTER mob category for dimensional_for_respawn:thespawn biome! Mobs should be added to biomes under the same mob category that the mob was registered as to prevent mob cap spawning issues.
[29авг.2026 23:03:13.556] [Server thread/WARN] [net.neoforged.neoforge.server.ServerLifecycleHooks/]: Detected quark:toretoise that was registered with CREATURE mob category but was added under MONSTER mob category for minecraft:warm_ocean biome! Mobs should be added to biomes under the same mob category that the mob was registered as to prevent mob cap spawning issues.
[29авг.2026 23:03:13.557] [Server thread/WARN] [net.neoforged.neoforge.server.ServerLifecycleHooks/]: Detected quark:toretoise that was registered with CREATURE mob category but was added under MONSTER mob category for minecraft:windswept_forest biome! Mobs should be added to biomes under the same mob category that the mob was registered as to prevent mob cap spawning issues.
[29авг.2026 23:03:13.557] [Server thread/WARN] [net.neoforged.neoforge.server.ServerLifecycleHooks/]: Detected quark:toretoise that was registered with CREATURE mob category but was added under MONSTER mob category for minecraft:windswept_gravelly_hills biome! Mobs should be added to biomes under the same mob category that the mob was registered as to prevent mob cap spawning issues.
[29авг.2026 23:03:13.557] [Server thread/WARN] [net.neoforged.neoforge.server.ServerLifecycleHooks/]: Detected quark:toretoise that was registered with CREATURE mob category but was added under MONSTER mob category for minecraft:windswept_hills biome! Mobs should be added to biomes under the same mob category that the mob was registered as to prevent mob cap spawning issues.
[29авг.2026 23:03:13.557] [Server thread/WARN] [net.neoforged.neoforge.server.ServerLifecycleHooks/]: Detected quark:toretoise that was registered with CREATURE mob category but was added under MONSTER mob category for minecraft:windswept_savanna biome! Mobs should be added to biomes under the same mob category that the mob was registered as to prevent mob cap spawning issues.
[29авг.2026 23:03:13.558] [Server thread/WARN] [net.neoforged.neoforge.server.ServerLifecycleHooks/]: Detected quark:toretoise that was registered with CREATURE mob category but was added under MONSTER mob category for minecraft:wooded_badlands biome! Mobs should be added to biomes under the same mob category that the mob was registered as to prevent mob cap spawning issues.
[29авг.2026 23:03:13.592] [Server thread/INFO] [FTB Teams/]: loaded team data: 1 known players, 1 teams total
[29авг.2026 23:03:13.614] [Server thread/INFO] [Framework/]: Loading server configs...
[29авг.2026 23:03:13.627] [Server thread/INFO] [com.sudolev.dynamicvillage.village.VillageAddition/]: [DynamicVillage] Pool minecraft:village/plains/houses: spawn chance 15%, weight per building 4, 92 -> 108 entries
[29авг.2026 23:03:13.627] [Server thread/INFO] [com.sudolev.dynamicvillage.village.VillageAddition/]: [DynamicVillage] Pool minecraft:village/desert/houses: spawn chance 15%, weight per building 3, 75 -> 87 entries
[29авг.2026 23:03:13.627] [Server thread/INFO] [com.sudolev.dynamicvillage.village.VillageAddition/]: [DynamicVillage] Pool minecraft:village/taiga/houses: spawn chance 15%, weight per building 3, 80 -> 92 entries
[29авг.2026 23:03:13.627] [Server thread/INFO] [com.sudolev.dynamicvillage.village.VillageAddition/]: [DynamicVillage] Pool minecraft:village/snowy/houses: spawn chance 15%, weight per building 3, 71 -> 83 entries
[29авг.2026 23:03:13.627] [Server thread/INFO] [com.sudolev.dynamicvillage.village.VillageAddition/]: [DynamicVillage] Pool minecraft:village/savanna/houses: spawn chance 15%, weight per building 3, 85 -> 97 entries
[29авг.2026 23:03:13.627] [Server thread/INFO] [xaero.pac.OpenPartiesAndClaims/]: Initializing Open Parties and Claims for the server...
[29авг.2026 23:03:13.637] [Server thread/INFO] [xaero.pac.OpenPartiesAndClaims/]: Loading server info!
[29авг.2026 23:03:13.687] [Server thread/INFO] [xaero.pac.OpenPartiesAndClaims/]: Loading player configs...
[29авг.2026 23:03:13.771] [Server thread/INFO] [xaero.pac.OpenPartiesAndClaims/]: Loaded player configs!
[29авг.2026 23:03:13.771] [Server thread/INFO] [xaero.pac.OpenPartiesAndClaims/]: Loading parties...
[29авг.2026 23:03:13.773] [Server thread/INFO] [xaero.pac.OpenPartiesAndClaims/]: Loaded parties!
[29авг.2026 23:03:13.773] [Server thread/INFO] [xaero.pac.OpenPartiesAndClaims/]: Fixing party inconsistencies...
[29авг.2026 23:03:13.807] [Server thread/INFO] [xaero.pac.OpenPartiesAndClaims/]: Registered party system for OPAC: default
[29авг.2026 23:03:13.807] [Server thread/INFO] [xaero.pac.OpenPartiesAndClaims/]: Registered party system for OPAC: ftb_teams
[29авг.2026 23:03:13.808] [Server thread/INFO] [xaero.pac.OpenPartiesAndClaims/]: Registered permission system for OPAC: permission_api
[29авг.2026 23:03:13.808] [Server thread/WARN] [xaero.pac.OpenPartiesAndClaims/]: The configured primary party system "argonauts_guilds" isn't registered!
[29авг.2026 23:03:13.808] [Server thread/INFO] [xaero.pac.OpenPartiesAndClaims/]: Configured OPAC to use the following party system as primary: default
[29авг.2026 23:03:13.808] [Server thread/INFO] [xaero.pac.OpenPartiesAndClaims/]: Loading claims...
[29авг.2026 23:03:13.829] [Server thread/INFO] [xaero.pac.OpenPartiesAndClaims/]: Loaded claims in 21ms
[29авг.2026 23:03:13.829] [Server thread/WARN] [xaero.pac.OpenPartiesAndClaims/]: The configured permission system "prometheus" isn't registered!
[29авг.2026 23:03:13.830] [Server thread/INFO] [xaero.pac.OpenPartiesAndClaims/]: Configured OPAC to use the following permission system: permission_api
[29авг.2026 23:03:13.833] [Server thread/INFO] [DistantHorizons-DistantHorizons-com.seibel.distanthorizons.core.world.AbstractDhWorld/]: Started DhWorld of type [CLIENT_SERVER].
[29авг.2026 23:03:14.174] [Server thread/INFO] [terrablender/]: Initialized TerraBlender biomes for level stem minecraft:overworld
[29авг.2026 23:03:14.175] [Server thread/INFO] [terrablender/]: Initialized TerraBlender biomes for level stem minecraft:the_nether
[29авг.2026 23:03:14.204] [Render thread/INFO] [de.keksuccino.fancymenu.customization.layer.ScreenCustomizationLayerHandler/]: [FANCYMENU] ScreenCustomizationLayer registered: level_loading_screen
[29авг.2026 23:03:14.318] [Server thread/INFO] [dev.ryanhcode.sable.Sable/]: Creating physics pipeline for ResourceKey[minecraft:dimension / minecraft:overworld] using RapierPhysicsPipelineProvider
[29авг.2026 23:03:14.326] [Server thread/INFO] [dev.ryanhcode.sable.Sable/]: Using game directory relative Sable Rapier native directory C:\Users\Mike\AppData\Roaming\.minecraft\versions\create new\.sable\natives
[29авг.2026 23:03:15.016] [DH-Full Data Migration Thread[0]/INFO] [DistantHorizons-DistantHorizons-com.seibel.distanthorizons.core.file.fullDatafile.V2.DataMigratorV1/]: No migration necessary.
[29авг.2026 23:03:15.026] [Server thread/INFO] [DistantHorizons-DistantHorizons-com.seibel.distanthorizons.core.level.AbstractDhServerLevel/]: Started DhClientServerLevel for [Wrapped{ServerLevel[Новый мир]@minecraft:overworld}] at [[LocalSaveStructure@(C:\Users\Mike\AppData\Roaming\.minecraft\versions\create new\saves\Новый мир\data)]].
[29авг.2026 23:03:15.044] [Server thread/INFO] [dev.ryanhcode.sable.Sable/]: Creating physics pipeline for ResourceKey[minecraft:dimension / dimensional_for_respawn:spawnworld] using RapierPhysicsPipelineProvider
[29авг.2026 23:03:15.101] [Server thread/INFO] [biolith/]: Ignoring world 'dimensional_for_respawn:spawnworld'; unknown dimension type: dimensional_for_respawn:spawnworld
[29авг.2026 23:03:15.128] [DH-Full Data Migration Thread[0]/INFO] [DistantHorizons-DistantHorizons-com.seibel.distanthorizons.core.file.fullDatafile.V2.DataMigratorV1/]: No migration necessary.
[29авг.2026 23:03:15.138] [Server thread/INFO] [DistantHorizons-DistantHorizons-com.seibel.distanthorizons.core.level.AbstractDhServerLevel/]: Started DhClientServerLevel for [Wrapped{ServerLevel[Новый мир]@dimensional_for_respawn:spawnworld}] at [[LocalSaveStructure@(C:\Users\Mike\AppData\Roaming\.minecraft\versions\create new\saves\Новый мир\data;C:\Users\Mike\AppData\Roaming\.minecraft\versions\create new\saves\Новый мир\dimensions\dimensional_for_respawn\spawnworld\data)]].
[29авг.2026 23:03:15.139] [Server thread/INFO] [dev.ryanhcode.sable.Sable/]: Creating physics pipeline for ResourceKey[minecraft:dimension / minecraft:the_end] using RapierPhysicsPipelineProvider
[29авг.2026 23:03:15.216] [DH-Full Data Migration Thread[0]/INFO] [DistantHorizons-DistantHorizons-com.seibel.distanthorizons.core.file.fullDatafile.V2.DataMigratorV1/]: No migration necessary.
[29авг.2026 23:03:15.225] [Server thread/INFO] [DistantHorizons-DistantHorizons-com.seibel.distanthorizons.core.level.AbstractDhServerLevel/]: Started DhClientServerLevel for [Wrapped{ServerLevel[Новый мир]@minecraft:the_end}] at [[LocalSaveStructure@(C:\Users\Mike\AppData\Roaming\.minecraft\versions\create new\saves\Новый мир\data;C:\Users\Mike\AppData\Roaming\.minecraft\versions\create new\saves\Новый мир\DIM1\data;C:\Users\Mike\AppData\Roaming\.minecraft\versions\create new\saves\Новый мир\dimensions\dimensional_for_respawn\spawnworld\data)]].
[29авг.2026 23:03:15.227] [Server thread/INFO] [dev.ryanhcode.sable.Sable/]: Creating physics pipeline for ResourceKey[minecraft:dimension / minecraft:the_nether] using RapierPhysicsPipelineProvider
[29авг.2026 23:03:15.292] [DH-Full Data Migration Thread[0]/INFO] [DistantHorizons-DistantHorizons-com.seibel.distanthorizons.core.file.fullDatafile.V2.DataMigratorV1/]: No migration necessary.
[29авг.2026 23:03:15.300] [Server thread/INFO] [DistantHorizons-DistantHorizons-com.seibel.distanthorizons.core.level.AbstractDhServerLevel/]: Started DhClientServerLevel for [Wrapped{ServerLevel[Новый мир]@minecraft:the_nether}] at [[LocalSaveStructure@(C:\Users\Mike\AppData\Roaming\.minecraft\versions\create new\saves\Новый мир\DIM-1\data;C:\Users\Mike\AppData\Roaming\.minecraft\versions\create new\saves\Новый мир\data;C:\Users\Mike\AppData\Roaming\.minecraft\versions\create new\saves\Новый мир\DIM1\data;C:\Users\Mike\AppData\Roaming\.minecraft\versions\create new\saves\Новый мир\dimensions\dimensional_for_respawn\spawnworld\data)]].
[29авг.2026 23:03:15.304] [Server thread/WARN] [com.structureessentials.StructureEssentials/]: Non-unique structure_set salt:0 potentially creating overlapping structures detected. Structure sets: [minecraft:mineshafts, minecraft:strongholds, minecraft:buried_treasures]
[29авг.2026 23:03:15.305] [Server thread/WARN] [com.structureessentials.StructureEssentials/]: Non-unique structure_set salt:10387313 potentially creating overlapping structures detected. Structure sets: [minecraft:ocean_monuments, minecraft:end_cities]
[29авг.2026 23:03:15.305] [Server thread/WARN] [com.structureessentials.StructureEssentials/]: Non-unique structure_set salt:1982700828 potentially creating overlapping structures detected. Structure sets: [integrated_villages:regular_villages, integrated_villages:air_villages]
[29авг.2026 23:03:15.305] [Server thread/INFO] [net.minecraft.server.MinecraftServer/]: Preparing start region for dimension minecraft:overworld
[29авг.2026 23:03:15.308] [Server thread/WARN] [mixin/]: Method overwrite conflict for removeIf in lithium.mixins.json:collections.chunk_tickets.SortedArraySetMixin from mod lithium, previously written by org.embeddedt.modernfix.common.mixin.bugfix.paper_chunk_patches.SortedArraySetMixin. Skipping method.
[29авг.2026 23:03:15.524] [Render thread/INFO] [net.minecraft.server.level.progress.LoggerChunkProgressListener/]: Подготовка области возрождения: 0%
[29авг.2026 23:03:15.635] [Server thread/INFO] [net.neoforged.neoforge.server.permission.PermissionAPI/]: Successfully initialized permission handler neoforge:default_handler
[29авг.2026 23:03:15.635] [Server thread/INFO] [com.boulterie.gearboxed.CreateCompactGearbox/]: Server starting
[29авг.2026 23:03:15.636] [Render thread/INFO] [net.minecraft.server.level.progress.LoggerChunkProgressListener/]: Time elapsed: 315 ms
[29авг.2026 23:03:15.658] [Server thread/INFO] [net.lpcamors.optical.CreateOptical/]: Reloading focusing recipes
[29авг.2026 23:03:15.706] [Server thread/INFO] [com.azukaar.usefulluck.UsefulLuck/]: UsefulLuck Mod Loading!
[29авг.2026 23:03:15.707] [Server thread/INFO] [xaero.hud.minimap.MinimapLogs/]: Registered synced player tracker system: ftb_teams
[29авг.2026 23:03:15.709] [Server thread/INFO] [xaero.map.WorldMap/]: Registered synced player tracker system: ftb_teams
[29авг.2026 23:03:15.763] [Server thread/INFO] [dev.averageanime.neoforge.CreateFood/]: Create: Food - Server Startup
[29авг.2026 23:03:15.763] [Server thread/INFO] [dev.lopyluna.gnkinetics.Gears/]: GnKinetics SERVER SETUP
[29авг.2026 23:03:15.767] [Server thread/INFO] [DragonLib Networking System/]: Creating network thread pool with 11 threads.
[29авг.2026 23:03:15.767] [Advanced Display Data Manager/INFO] [de.mrjulsen.crn.CreateRailwaysNavigator/]: Advanced Display Data Manager has been started.
[29авг.2026 23:03:15.773] [CRN Train Listener Launcher/INFO] [de.mrjulsen.crn.CreateRailwaysNavigator/]: Train listener has been started.
[29авг.2026 23:03:15.779] [Server thread/INFO] [FTB Quests/]: Loading quests from C:\Users\Mike\AppData\Roaming\.minecraft\versions\create new\config\ftbquests\quests
[29авг.2026 23:03:15.791] [Server thread/INFO] [FTB Quests/]: loaded translation tables for 2 language(s)
[29авг.2026 23:03:15.839] [Server thread/INFO] [FTB Quests/]: Loaded 5 chapter groups, 19 chapters, 488 quests, 3 reward tables
[29авг.2026 23:03:15.864] [Server thread/INFO] [dev.ryanhcode.sable.Sable/]: Creating physics pipeline for ResourceKey[minecraft:dimension / minecraft:server_faucet_test_level] using RapierPhysicsPipelineProvider
[29авг.2026 23:03:15.940] [Server thread/WARN] [biolith/]: More than one Overworld dimension world created; cowardly ignoring 'minecraft:server_faucet_test_level' in favor of 'minecraft:overworld'
[29авг.2026 23:03:16.028] [Server thread/INFO] [dev.ryanhcode.sable.Sable/]: Creating physics pipeline for ResourceKey[minecraft:dimension / minecraft:server_projectile_test_level] using RapierPhysicsPipelineProvider
[29авг.2026 23:03:16.097] [Server thread/WARN] [biolith/]: More than one Overworld dimension world created; cowardly ignoring 'minecraft:server_projectile_test_level' in favor of 'minecraft:overworld'
[29авг.2026 23:03:16.101] [Server thread/INFO] [stockmarket/]: [VendorRegistry] Loaded 0 shops from disk
[29авг.2026 23:03:16.103] [Server thread/INFO] [stockmarket/]: [VendorRegistry] Post-start refresh: 0 shops indexed
[29авг.2026 23:03:16.757] [Server thread/INFO] [aeroclaims/UnregisteredShipsManager/]: UnregisteredShipsManager loaded, ships: 2
[29авг.2026 23:03:16.758] [Server thread/INFO] [com.mapter.aeroclaims.claim.ClaimManager/]: [AeroClaims] Using Open Parties and Claims for party permission checks.
[29авг.2026 23:03:16.758] [Server thread/INFO] [com.mapter.aeroclaims.claim.AeroClaimManager/]: [AeroClaims] Using Open Parties and Claims as claim provider.
[29авг.2026 23:03:16.770] [Server thread/INFO] [patchouli/]: Sending reload packet to clients
[29авг.2026 23:03:16.790] [Server thread/INFO] [neruina/]: Auto report config loaded for mod: "copycats"
[29авг.2026 23:03:16.790] [Server thread/INFO] [neruina/]: Auto report config loaded for mod: "create_connected"
[29авг.2026 23:03:16.791] [Server thread/INFO] [neruina/]: No blacklist files found, skipping blacklist loading
[29авг.2026 23:03:17.122] [Server thread/INFO] [net.minecraft.client.server.IntegratedServer/]: Changing view distance to 12, from 10
[29авг.2026 23:03:17.122] [Server thread/INFO] [net.minecraft.client.server.IntegratedServer/]: Changing simulation distance to 12, from 0
[29авг.2026 23:03:17.204] [Render thread/INFO] [dev.ryanhcode.sable.Sable/]: Adding local UDP server channel future
[29авг.2026 23:03:17.212] [Render thread/WARN] [io.netty.bootstrap.Bootstrap/]: Unknown channel option 'SO_BROADCAST' for channel '[id: 0xd89143ca]'
[29авг.2026 23:03:17.218] [Netty Server IO #1/INFO] [dev.ryanhcode.sable.Sable/]: Server UDP channel active
[29авг.2026 23:03:17.230] [Render thread/INFO] [dev.ryanhcode.sable.Sable/]: Starting local client UDP channel future
[29авг.2026 23:03:17.231] [Netty Local Client IO #1/INFO] [dev.ryanhcode.sable.Sable/]: Client UDP channel active
[29авг.2026 23:03:17.282] [Netty Server IO #2/WARN] [mixin/]: @ModifyConstant conflict. Skipping packetfixer.v1_20_5.neoforge.mixins.json:v1_20_5_neoforge.ServerLoginPacketListenerImplMixin from mod packetfixer->@ModifyConstant::packetfixer$tick(I)I with priority 1000, already redirected by connectivity.mixins.json:ServerLoginNetHandlerMixin from mod connectivity->@ModifyConstant::loginTimeout(I)I with priority 1001
[29авг.2026 23:03:17.498] [Render thread/ERROR] [paxi/]: Unable to find Paxi repository source when removing duplicates from available packs. You may see duplicate pack entries in your list of available packs on the Resource Packs screen.
[29авг.2026 23:03:19.287] [Server thread/WARN] [net.minecraft.server.PlayerAdvancements/]: Ignored advancement 'supplementaries:recipe/cannonball' in progress file C:\Users\Mike\AppData\Roaming\.minecraft\versions\create new\saves\Новый мир\advancements\c75ee2a7-ed4d-11f0-8ede-9c6b00470e68.json - it doesn't exist anymore?
[29авг.2026 23:03:19.385] [Server thread/INFO] [STDOUT/]: [net.caffeinemc.mods.lithium.common.block.TrackedBlockStatePredicate:<clinit>:13]: Lithium Cached BlockState Flags are disabled!
[29авг.2026 23:03:19.426] [Server thread/INFO] [net.minecraft.server.players.PlayerList/]: quon7[local:E:517b82e0] logged in with entity id 6 at (-538.3997906890868, 70.43936449167165, -208.88284770969474)
[29авг.2026 23:03:19.428] [Server thread/INFO] [dev.ryanhcode.sable.Sable/]: Beginning attempted authentication with player quon7
[29авг.2026 23:03:19.467] [Server thread/ERROR] [io.wispforest.lmft.LMFTCommon/]: [Load My F***ing Tags]: It seems that some tags are a bit cooked. Look at the Logs for more details on broken functions. 
[29авг.2026 23:03:19.503] [Render thread/INFO] [xaero.hud.minimap.MinimapLogs/]: Minimap required item set to nothing.
[29авг.2026 23:03:19.503] [Render thread/INFO] [xaero.hud.minimap.MinimapLogs/]: New Xaero hud session initialized!
[29авг.2026 23:03:19.528] [Server thread/INFO] [net.minecraft.server.MinecraftServer/]: quon7 присоединился к игре
[29авг.2026 23:03:19.533] [Render thread/INFO] [xaero.map.WorldMap/]: Fullscreen map required item set to nothing.
[29авг.2026 23:03:19.543] [Render thread/INFO] [xaero.map.WorldMap/]: New world map session initialized!
[29авг.2026 23:03:19.601] [Render thread/INFO] [de.keksuccino.fancymenu.customization.layer.ScreenCustomizationLayerHandler/]: [FANCYMENU] ScreenCustomizationLayer registered: receiving_level_screen
[29авг.2026 23:03:19.607] [Render thread/INFO] [Iris/]: Reloading pipeline on dimension change: minecraft:overworld => minecraft:overworld
[29авг.2026 23:03:19.607] [Render thread/INFO] [Iris/]: Destroying pipeline minecraft:overworld
[29авг.2026 23:03:19.608] [Render thread/INFO] [Iris/]: Creating pipeline for dimension minecraft:overworld
[29авг.2026 23:03:19.777] [Render thread/INFO] [ChunkBuilder/]: Started 6 worker threads
[29авг.2026 23:03:19.852] [Render thread/INFO] [de.mrjulsen.crn.CreateRailwaysNavigator/]: Updated custom language to: (Default)
[29авг.2026 23:03:19.913] [Render thread/INFO] [net.minecraft.client.gui.components.ChatComponent/]: [CHAT] Create Aeronautics: Toolgun is recommended. Install version 0.1.9 or newer to support blueprint saving for Create Aeronautics: Transmission & Linkage universal joints, pneumatic links, and related blocks.
[29авг.2026 23:03:19.928] [Render thread/INFO] [flywheel/]: Started 6 worker threads
[29авг.2026 23:03:19.956] [Render thread/INFO] [Supplementaries/]: Synced Captured Mobs settings
[29авг.2026 23:03:19.956] [Render thread/INFO] [Supplementaries/]: Synced Hourglass data
[29авг.2026 23:03:19.968] [Render thread/INFO] [Moonlight/]: Synced Custom World Data [supplementaries_globe_data]
[29авг.2026 23:03:19.971] [Render thread/INFO] [placebo/]: Starting sync for brewing_mixes
[29авг.2026 23:03:19.973] [Render thread/INFO] [placebo/]: Registered 0 brewing_mixes.
[29авг.2026 23:03:19.973] [Render thread/INFO] [placebo/]: Completed sync for brewing_mixes
[29авг.2026 23:03:20.051] [Server thread/INFO] [xaero.pac.OpenPartiesAndClaims/]: Updating all forceload tickets for c75ee2a7-ed4d-11f0-8ede-9c6b00470e68
[29авг.2026 23:03:20.060] [Server thread/INFO] [DistantHorizons-DistantHorizons-com.seibel.distanthorizons.core.api.internal.ServerApi/]: Player [quon7] joined.
[29авг.2026 23:03:20.098] [Server thread/INFO] [de.keksuccino.fancymenu.networking.packets.handshake.ServerSideHandshakePacketLogic/]: [FANCYMENU] A client with FancyMenu installed joined the server: quon7
[29авг.2026 23:03:20.121] [Render thread/WARN] [net.minecraft.client.ClientRecipeBook/]: Unknown recipe category: create_winery:maturing_blend/create_winery:rose_recipe_2
[29авг.2026 23:03:20.121] [Render thread/WARN] [net.minecraft.client.ClientRecipeBook/]: Unknown recipe category: create_winery:maturing_blend/create_winery:rose_recipe
[29авг.2026 23:03:20.121] [Render thread/WARN] [net.minecraft.client.ClientRecipeBook/]: Unknown recipe category: create_winery:maturing/create_winery:cider_recipe
[29авг.2026 23:03:20.121] [Render thread/WARN] [net.minecraft.client.ClientRecipeBook/]: Unknown recipe category: create_winery:maturing/create_winery:merlot_recipe
[29авг.2026 23:03:20.121] [Render thread/WARN] [net.minecraft.client.ClientRecipeBook/]: Unknown recipe category: create_winery:maturing/create_winery:cabernet_sauvignon_recipe
[29авг.2026 23:03:20.121] [Render thread/WARN] [net.minecraft.client.ClientRecipeBook/]: Unknown recipe category: create_winery:maturing/create_winery:pinot_noir_recipe
[29авг.2026 23:03:20.121] [Render thread/WARN] [net.minecraft.client.ClientRecipeBook/]: Unknown recipe category: create_winery:maturing/create_winery:chardonnay_recipe
[29авг.2026 23:03:20.121] [Render thread/WARN] [net.minecraft.client.ClientRecipeBook/]: Unknown recipe category: create_winery:maturing/create_winery:zinfandel_recipe
[29авг.2026 23:03:20.121] [Render thread/WARN] [net.minecraft.client.ClientRecipeBook/]: Unknown recipe category: create_winery:maturing/create_winery:champaign_recipe
[29авг.2026 23:03:20.121] [Render thread/WARN] [net.minecraft.client.ClientRecipeBook/]: Unknown recipe category: create_winery:maturing/create_winery:bordeaux_recipe
[29авг.2026 23:03:20.121] [Render thread/WARN] [net.minecraft.client.ClientRecipeBook/]: Unknown recipe category: create_winery:maturing/create_winery:riesling_recipe
[29авг.2026 23:03:20.122] [Render thread/WARN] [net.minecraft.client.ClientRecipeBook/]: Unknown recipe category: ars_nouveau:imbuement/ars_nouveau:imbuement_air_essence
[29авг.2026 23:03:20.122] [Render thread/WARN] [net.minecraft.client.ClientRecipeBook/]: Unknown recipe category: ars_nouveau:imbuement/ars_nouveau:imbuement_fire_essence
[29авг.2026 23:03:20.122] [Render thread/WARN] [net.minecraft.client.ClientRecipeBook/]: Unknown recipe category: ars_nouveau:imbuement/ars_nouveau:imbuement_conjuration_essence
[29авг.2026 23:03:20.122] [Render thread/WARN] [net.minecraft.client.ClientRecipeBook/]: Unknown recipe category: ars_nouveau:imbuement/ars_nouveau:imbuement_pierce_arrow
[29авг.2026 23:03:20.122] [Render thread/WARN] [net.minecraft.client.ClientRecipeBook/]: Unknown recipe category: ars_nouveau:imbuement/ars_nouveau:imbuement_amplify_arrow
[29авг.2026 23:03:20.122] [Render thread/WARN] [net.minecraft.client.ClientRecipeBook/]: Unknown recipe category: ars_nouveau:imbuement/ars_nouveau:imbuement_split_arrow
[29авг.2026 23:03:20.122] [Render thread/WARN] [net.minecraft.client.ClientRecipeBook/]: Unknown recipe category: ars_nouveau:imbuement/ars_nouveau:imbuement_abjuration_essence
[29авг.2026 23:03:20.123] [Render thread/WARN] [net.minecraft.client.ClientRecipeBook/]: Unknown recipe category: ars_nouveau:imbuement/ars_nouveau:imbuement_water_essence
[29авг.2026 23:03:20.123] [Render thread/WARN] [net.minecraft.client.ClientRecipeBook/]: Unknown recipe category: ars_nouveau:imbuement/ars_nouveau:imbuement_manipulation_essence
[29авг.2026 23:03:20.123] [Render thread/WARN] [net.minecraft.client.ClientRecipeBook/]: Unknown recipe category: ars_nouveau:imbuement/ars_nouveau:imbuement_lapis
[29авг.2026 23:03:20.123] [Render thread/WARN] [net.minecraft.client.ClientRecipeBook/]: Unknown recipe category: ars_nouveau:imbuement/ars_nouveau:imbuement_amethyst
[29авг.2026 23:03:20.123] [Render thread/WARN] [net.minecraft.client.ClientRecipeBook/]: Unknown recipe category: ars_nouveau:imbuement/ars_nouveau:imbuement_amethyst_block
[29авг.2026 23:03:20.123] [Render thread/WARN] [net.minecraft.client.ClientRecipeBook/]: Unknown recipe category: ars_nouveau:imbuement/ars_nouveau:imbuement_earth_essence
[29авг.2026 23:03:20.123] [Render thread/WARN] [net.minecraft.client.ClientRecipeBook/]: Unknown recipe category: create_wrapped:wrapping/create_wrapped:blue_present_wrapping
[29авг.2026 23:03:20.123] [Render thread/WARN] [net.minecraft.client.ClientRecipeBook/]: Unknown recipe category: create_wrapped:wrapping/create_wrapped:magenta_present_wrapping
[29авг.2026 23:03:20.123] [Render thread/WARN] [net.minecraft.client.ClientRecipeBook/]: Unknown recipe category: create_wrapped:wrapping/create_wrapped:green_present_wrapping
[29авг.2026 23:03:20.123] [Render thread/WARN] [net.minecraft.client.ClientRecipeBook/]: Unknown recipe category: create_wrapped:wrapping/create_wrapped:yellow_present_wrapping
[29авг.2026 23:03:20.123] [Render thread/WARN] [net.minecraft.client.ClientRecipeBook/]: Unknown recipe category: create_wrapped:wrapping/create_wrapped:red_present_wrapping
[29авг.2026 23:03:20.123] [Render thread/WARN] [net.minecraft.client.ClientRecipeBook/]: Unknown recipe category: create_wrapped:wrapping/create_wrapped:purple_present_wrapping
[29авг.2026 23:03:20.123] [Render thread/WARN] [net.minecraft.client.ClientRecipeBook/]: Unknown recipe category: create_wrapped:wrapping/create_wrapped:cyan_present_wrapping
[29авг.2026 23:03:20.146] [Render thread/INFO] [mezz.jei.common.util.LoggedTimer/]: Starting JEI...
[29авг.2026 23:03:20.149] [Render thread/INFO] [mezz.jei.library.load.PluginCaller/]: Configuring JEI...
[29авг.2026 23:03:20.150] [Render thread/INFO] [mezz.jei.library.load.PluginCaller/]: Configuring JEI took 1.564 milliseconds
[29авг.2026 23:03:20.157] [Render thread/INFO] [mezz.jei.library.load.PluginCaller/]: Registering item subtypes...
[29авг.2026 23:03:20.170] [Render thread/INFO] [mezz.jei.library.load.PluginCaller/]: Registering item subtypes took 13.23 milliseconds
[29авг.2026 23:03:20.170] [Render thread/INFO] [mezz.jei.library.load.PluginCaller/]: Registering fluid subtypes...
[29авг.2026 23:03:20.173] [Render thread/ERROR] [mezz.jei.library.load.registration.SubtypeRegistration/]: An interpreter is already registered for this: create:potion
java.lang.IllegalArgumentException: null
	at TRANSFORMER/jei@19.43.0.393/mezz.jei.library.load.registration.SubtypeRegistration.registerSubtypeInterpreter(SubtypeRegistration.java:26) ~[jei-1.21.1-neoforge-19.43.0.393.jar%23609!/:19.43.0.393]
	at TRANSFORMER/create@6.0.10/com.simibubi.create.compat.jei.CreateJEI.registerFluidSubtypes(CreateJEI.java:364) ~[create-1.21.1-6.0.10.jar%23496!/:6.0.10]
	at TRANSFORMER/jei@19.43.0.393/mezz.jei.library.load.PluginLoader.lambda$registerSubtypes$1(PluginLoader.java:80) ~[jei-1.21.1-neoforge-19.43.0.393.jar%23609!/:19.43.0.393]
	at TRANSFORMER/jei@19.43.0.393/mezz.jei.library.load.PluginCaller.callOnPlugins(PluginCaller.java:26) ~[jei-1.21.1-neoforge-19.43.0.393.jar%23609!/:19.43.0.393]
	at TRANSFORMER/jei@19.43.0.393/mezz.jei.library.load.PluginLoader.registerSubtypes(PluginLoader.java:79) ~[jei-1.21.1-neoforge-19.43.0.393.jar%23609!/:19.43.0.393]
	at TRANSFORMER/jei@19.43.0.393/mezz.jei.library.startup.JeiStarter.start(JeiStarter.java:143) ~[jei-1.21.1-neoforge-19.43.0.393.jar%23609!/:19.43.0.393]
	at TRANSFORMER/jei@19.43.0.393/mezz.jei.neoforge.startup.StartEventObserver.transitionState(StartEventObserver.java:200) ~[jei-1.21.1-neoforge-19.43.0.393.jar%23609!/:19.43.0.393]
	at TRANSFORMER/jei@19.43.0.393/mezz.jei.neoforge.startup.StartEventObserver.startIfReady(StartEventObserver.java:112) ~[jei-1.21.1-neoforge-19.43.0.393.jar%23609!/:19.43.0.393]
	at TRANSFORMER/jei@19.43.0.393/mezz.jei.neoforge.startup.StartEventObserver.onRecipesUpdatedEvent(StartEventObserver.java:101) ~[jei-1.21.1-neoforge-19.43.0.393.jar%23609!/:19.43.0.393]
	at MC-BOOTSTRAP/net.neoforged.bus/net.neoforged.bus.ConsumerEventHandler.invoke(ConsumerEventHandler.java:27) ~[bus-8.0.5.jar%23110!/:?]
	at MC-BOOTSTRAP/net.neoforged.bus/net.neoforged.bus.EventBus.post(EventBus.java:360) ~[bus-8.0.5.jar%23110!/:?]
	at MC-BOOTSTRAP/net.neoforged.bus/net.neoforged.bus.EventBus.post(EventBus.java:328) ~[bus-8.0.5.jar%23110!/:?]
	at TRANSFORMER/neoforge@21.1.248/net.neoforged.neoforge.client.ClientHooks.onRecipesUpdated(ClientHooks.java:664) ~[neoforge-21.1.248-universal.jar%23439!/:?]
	at TRANSFORMER/minecraft@1.21.1/net.minecraft.client.multiplayer.ClientPacketListener.handleUpdateRecipes(ClientPacketListener.java:1506) ~[client-1.21.1-20240808.144430-srg.jar%23438!/:?]
	at TRANSFORMER/minecraft@1.21.1/net.minecraft.network.protocol.game.ClientboundUpdateRecipesPacket.handle(ClientboundUpdateRecipesPacket.java:32) ~[client-1.21.1-20240808.144430-srg.jar%23438!/:?]
	at TRANSFORMER/minecraft@1.21.1/net.minecraft.network.protocol.game.ClientboundUpdateRecipesPacket.handle(ClientboundUpdateRecipesPacket.java:13) ~[client-1.21.1-20240808.144430-srg.jar%23438!/:?]
	at TRANSFORMER/minecraft@1.21.1/net.minecraft.network.protocol.PacketUtils.lambda$ensureRunningOnSameThread$0(PacketUtils.java:27) ~[client-1.21.1-20240808.144430-srg.jar%23438!/:?]
	at TRANSFORMER/minecraft@1.21.1/net.minecraft.util.thread.BlockableEventLoop.doRunTask(BlockableEventLoop.java:148) ~[client-1.21.1-20240808.144430-srg.jar%23438!/:?]
	at TRANSFORMER/minecraft@1.21.1/net.minecraft.util.thread.ReentrantBlockableEventLoop.doRunTask(ReentrantBlockableEventLoop.java:23) ~[client-1.21.1-20240808.144430-srg.jar%23438!/:?]
	at TRANSFORMER/minecraft@1.21.1/net.minecraft.util.thread.BlockableEventLoop.pollTask(BlockableEventLoop.java:122) ~[client-1.21.1-20240808.144430-srg.jar%23438!/:?]
	at TRANSFORMER/minecraft@1.21.1/net.minecraft.util.thread.BlockableEventLoop.runAllTasks(BlockableEventLoop.java:111) ~[client-1.21.1-20240808.144430-srg.jar%23438!/:?]
	at TRANSFORMER/minecraft@1.21.1/net.minecraft.client.Minecraft.runTick(Minecraft.java:1155) ~[client-1.21.1-20240808.144430-srg.jar%23438!/:?]
	at TRANSFORMER/minecraft@1.21.1/net.minecraft.client.Minecraft.run(Minecraft.java:807) ~[client-1.21.1-20240808.144430-srg.jar%23438!/:?]
	at TRANSFORMER/minecraft@1.21.1/net.minecraft.client.main.Main.main(Main.java:230) ~[client-1.21.1-20240808.144430-srg.jar%23438!/:?]
	at java.base/jdk.internal.reflect.DirectMethodHandleAccessor.invoke(DirectMethodHandleAccessor.java:103) ~[?:?]
	at java.base/java.lang.reflect.Method.invoke(Method.java:580) ~[?:?]
	at MC-BOOTSTRAP/fml_loader@4.0.43/net.neoforged.fml.loading.targets.CommonLaunchHandler.runTarget(CommonLaunchHandler.java:136) ~[loader-4.0.43.jar%23107!/:4.0]
	at MC-BOOTSTRAP/fml_loader@4.0.43/net.neoforged.fml.loading.targets.CommonLaunchHandler.clientService(CommonLaunchHandler.java:124) ~[loader-4.0.43.jar%23107!/:4.0]
	at MC-BOOTSTRAP/fml_loader@4.0.43/net.neoforged.fml.loading.targets.CommonClientLaunchHandler.runService(CommonClientLaunchHandler.java:32) ~[loader-4.0.43.jar%23107!/:4.0]
	at MC-BOOTSTRAP/fml_loader@4.0.43/net.neoforged.fml.loading.targets.CommonLaunchHandler.lambda$launchService$4(CommonLaunchHandler.java:118) ~[loader-4.0.43.jar%23107!/:4.0]
	at MC-BOOTSTRAP/cpw.mods.modlauncher@11.0.5/cpw.mods.modlauncher.LaunchServiceHandlerDecorator.launch(LaunchServiceHandlerDecorator.java:30) [modlauncher-11.0.5.jar%23112!/:?]
	at MC-BOOTSTRAP/cpw.mods.modlauncher@11.0.5/cpw.mods.modlauncher.LaunchServiceHandler.launch(LaunchServiceHandler.java:53) [modlauncher-11.0.5.jar%23112!/:?]
	at MC-BOOTSTRAP/cpw.mods.modlauncher@11.0.5/cpw.mods.modlauncher.LaunchServiceHandler.launch(LaunchServiceHandler.java:71) [modlauncher-11.0.5.jar%23112!/:?]
	at MC-BOOTSTRAP/cpw.mods.modlauncher@11.0.5/cpw.mods.modlauncher.Launcher.run(Launcher.java:103) [modlauncher-11.0.5.jar%23112!/:?]
	at MC-BOOTSTRAP/cpw.mods.modlauncher@11.0.5/cpw.mods.modlauncher.Launcher.main(Launcher.java:74) [modlauncher-11.0.5.jar%23112!/:?]
	at MC-BOOTSTRAP/cpw.mods.modlauncher@11.0.5/cpw.mods.modlauncher.BootstrapLaunchConsumer.accept(BootstrapLaunchConsumer.java:26) [modlauncher-11.0.5.jar%23112!/:?]
	at MC-BOOTSTRAP/cpw.mods.modlauncher@11.0.5/cpw.mods.modlauncher.BootstrapLaunchConsumer.accept(BootstrapLaunchConsumer.java:23) [modlauncher-11.0.5.jar%23112!/:?]
	at cpw.mods.bootstraplauncher@2.0.2/cpw.mods.bootstraplauncher.BootstrapLauncher.run(BootstrapLauncher.java:210) [bootstraplauncher-2.0.2.jar:?]
	at cpw.mods.bootstraplauncher@2.0.2/cpw.mods.bootstraplauncher.BootstrapLauncher.main(BootstrapLauncher.java:69) [bootstraplauncher-2.0.2.jar:?]
[29авг.2026 23:03:20.174] [Render thread/ERROR] [mezz.jei.library.load.registration.SubtypeRegistration/]: An interpreter is already registered for this: create:flowing_potion
java.lang.IllegalArgumentException: null
	at TRANSFORMER/jei@19.43.0.393/mezz.jei.library.load.registration.SubtypeRegistration.registerSubtypeInterpreter(SubtypeRegistration.java:26) ~[jei-1.21.1-neoforge-19.43.0.393.jar%23609!/:19.43.0.393]
	at TRANSFORMER/create@6.0.10/com.simibubi.create.compat.jei.CreateJEI.registerFluidSubtypes(CreateJEI.java:365) ~[create-1.21.1-6.0.10.jar%23496!/:6.0.10]
	at TRANSFORMER/jei@19.43.0.393/mezz.jei.library.load.PluginLoader.lambda$registerSubtypes$1(PluginLoader.java:80) ~[jei-1.21.1-neoforge-19.43.0.393.jar%23609!/:19.43.0.393]
	at TRANSFORMER/jei@19.43.0.393/mezz.jei.library.load.PluginCaller.callOnPlugins(PluginCaller.java:26) ~[jei-1.21.1-neoforge-19.43.0.393.jar%23609!/:19.43.0.393]
	at TRANSFORMER/jei@19.43.0.393/mezz.jei.library.load.PluginLoader.registerSubtypes(PluginLoader.java:79) ~[jei-1.21.1-neoforge-19.43.0.393.jar%23609!/:19.43.0.393]
	at TRANSFORMER/jei@19.43.0.393/mezz.jei.library.startup.JeiStarter.start(JeiStarter.java:143) ~[jei-1.21.1-neoforge-19.43.0.393.jar%23609!/:19.43.0.393]
	at TRANSFORMER/jei@19.43.0.393/mezz.jei.neoforge.startup.StartEventObserver.transitionState(StartEventObserver.java:200) ~[jei-1.21.1-neoforge-19.43.0.393.jar%23609!/:19.43.0.393]
	at TRANSFORMER/jei@19.43.0.393/mezz.jei.neoforge.startup.StartEventObserver.startIfReady(StartEventObserver.java:112) ~[jei-1.21.1-neoforge-19.43.0.393.jar%23609!/:19.43.0.393]
	at TRANSFORMER/jei@19.43.0.393/mezz.jei.neoforge.startup.StartEventObserver.onRecipesUpdatedEvent(StartEventObserver.java:101) ~[jei-1.21.1-neoforge-19.43.0.393.jar%23609!/:19.43.0.393]
	at MC-BOOTSTRAP/net.neoforged.bus/net.neoforged.bus.ConsumerEventHandler.invoke(ConsumerEventHandler.java:27) ~[bus-8.0.5.jar%23110!/:?]
	at MC-BOOTSTRAP/net.neoforged.bus/net.neoforged.bus.EventBus.post(EventBus.java:360) ~[bus-8.0.5.jar%23110!/:?]
	at MC-BOOTSTRAP/net.neoforged.bus/net.neoforged.bus.EventBus.post(EventBus.java:328) ~[bus-8.0.5.jar%23110!/:?]
	at TRANSFORMER/neoforge@21.1.248/net.neoforged.neoforge.client.ClientHooks.onRecipesUpdated(ClientHooks.java:664) ~[neoforge-21.1.248-universal.jar%23439!/:?]
	at TRANSFORMER/minecraft@1.21.1/net.minecraft.client.multiplayer.ClientPacketListener.handleUpdateRecipes(ClientPacketListener.java:1506) ~[client-1.21.1-20240808.144430-srg.jar%23438!/:?]
	at TRANSFORMER/minecraft@1.21.1/net.minecraft.network.protocol.game.ClientboundUpdateRecipesPacket.handle(ClientboundUpdateRecipesPacket.java:32) ~[client-1.21.1-20240808.144430-srg.jar%23438!/:?]
	at TRANSFORMER/minecraft@1.21.1/net.minecraft.network.protocol.game.ClientboundUpdateRecipesPacket.handle(ClientboundUpdateRecipesPacket.java:13) ~[client-1.21.1-20240808.144430-srg.jar%23438!/:?]
	at TRANSFORMER/minecraft@1.21.1/net.minecraft.network.protocol.PacketUtils.lambda$ensureRunningOnSameThread$0(PacketUtils.java:27) ~[client-1.21.1-20240808.144430-srg.jar%23438!/:?]
	at TRANSFORMER/minecraft@1.21.1/net.minecraft.util.thread.BlockableEventLoop.doRunTask(BlockableEventLoop.java:148) ~[client-1.21.1-20240808.144430-srg.jar%23438!/:?]
	at TRANSFORMER/minecraft@1.21.1/net.minecraft.util.thread.ReentrantBlockableEventLoop.doRunTask(ReentrantBlockableEventLoop.java:23) ~[client-1.21.1-20240808.144430-srg.jar%23438!/:?]
	at TRANSFORMER/minecraft@1.21.1/net.minecraft.util.thread.BlockableEventLoop.pollTask(BlockableEventLoop.java:122) ~[client-1.21.1-20240808.144430-srg.jar%23438!/:?]
	at TRANSFORMER/minecraft@1.21.1/net.minecraft.util.thread.BlockableEventLoop.runAllTasks(BlockableEventLoop.java:111) ~[client-1.21.1-20240808.144430-srg.jar%23438!/:?]
	at TRANSFORMER/minecraft@1.21.1/net.minecraft.client.Minecraft.runTick(Minecraft.java:1155) ~[client-1.21.1-20240808.144430-srg.jar%23438!/:?]
	at TRANSFORMER/minecraft@1.21.1/net.minecraft.client.Minecraft.run(Minecraft.java:807) ~[client-1.21.1-20240808.144430-srg.jar%23438!/:?]
	at TRANSFORMER/minecraft@1.21.1/net.minecraft.client.main.Main.main(Main.java:230) ~[client-1.21.1-20240808.144430-srg.jar%23438!/:?]
	at java.base/jdk.internal.reflect.DirectMethodHandleAccessor.invoke(DirectMethodHandleAccessor.java:103) ~[?:?]
	at java.base/java.lang.reflect.Method.invoke(Method.java:580) ~[?:?]
	at MC-BOOTSTRAP/fml_loader@4.0.43/net.neoforged.fml.loading.targets.CommonLaunchHandler.runTarget(CommonLaunchHandler.java:136) ~[loader-4.0.43.jar%23107!/:4.0]
	at MC-BOOTSTRAP/fml_loader@4.0.43/net.neoforged.fml.loading.targets.CommonLaunchHandler.clientService(CommonLaunchHandler.java:124) ~[loader-4.0.43.jar%23107!/:4.0]
	at MC-BOOTSTRAP/fml_loader@4.0.43/net.neoforged.fml.loading.targets.CommonClientLaunchHandler.runService(CommonClientLaunchHandler.java:32) ~[loader-4.0.43.jar%23107!/:4.0]
	at MC-BOOTSTRAP/fml_loader@4.0.43/net.neoforged.fml.loading.targets.CommonLaunchHandler.lambda$launchService$4(CommonLaunchHandler.java:118) ~[loader-4.0.43.jar%23107!/:4.0]
	at MC-BOOTSTRAP/cpw.mods.modlauncher@11.0.5/cpw.mods.modlauncher.LaunchServiceHandlerDecorator.launch(LaunchServiceHandlerDecorator.java:30) [modlauncher-11.0.5.jar%23112!/:?]
	at MC-BOOTSTRAP/cpw.mods.modlauncher@11.0.5/cpw.mods.modlauncher.LaunchServiceHandler.launch(LaunchServiceHandler.java:53) [modlauncher-11.0.5.jar%23112!/:?]
	at MC-BOOTSTRAP/cpw.mods.modlauncher@11.0.5/cpw.mods.modlauncher.LaunchServiceHandler.launch(LaunchServiceHandler.java:71) [modlauncher-11.0.5.jar%23112!/:?]
	at MC-BOOTSTRAP/cpw.mods.modlauncher@11.0.5/cpw.mods.modlauncher.Launcher.run(Launcher.java:103) [modlauncher-11.0.5.jar%23112!/:?]
	at MC-BOOTSTRAP/cpw.mods.modlauncher@11.0.5/cpw.mods.modlauncher.Launcher.main(Launcher.java:74) [modlauncher-11.0.5.jar%23112!/:?]
	at MC-BOOTSTRAP/cpw.mods.modlauncher@11.0.5/cpw.mods.modlauncher.BootstrapLaunchConsumer.accept(BootstrapLaunchConsumer.java:26) [modlauncher-11.0.5.jar%23112!/:?]
	at MC-BOOTSTRAP/cpw.mods.modlauncher@11.0.5/cpw.mods.modlauncher.BootstrapLaunchConsumer.accept(BootstrapLaunchConsumer.java:23) [modlauncher-11.0.5.jar%23112!/:?]
	at cpw.mods.bootstraplauncher@2.0.2/cpw.mods.bootstraplauncher.BootstrapLauncher.run(BootstrapLauncher.java:210) [bootstraplauncher-2.0.2.jar:?]
	at cpw.mods.bootstraplauncher@2.0.2/cpw.mods.bootstraplauncher.BootstrapLauncher.main(BootstrapLauncher.java:69) [bootstraplauncher-2.0.2.jar:?]
[29авг.2026 23:03:20.176] [Render thread/INFO] [mezz.jei.library.load.PluginCaller/]: Registering fluid subtypes took 4.664 milliseconds
[29авг.2026 23:03:20.178] [Render thread/INFO] [mezz.jei.library.load.PluginCaller/]: Registering ingredients...
[29авг.2026 23:03:20.833] [Render thread/ERROR] [mezz.jei.library.plugins.vanilla.ingredients.ItemStackListFactory/]: Found an empty itemStack in 'net.minecraft.world.item.CreativeModeTab@27f272d1' creative tab's displayItems: 0 minecraft:air minecraft:air components:{}
[29авг.2026 23:03:20.833] [Render thread/ERROR] [mezz.jei.library.plugins.vanilla.ingredients.ItemStackListFactory/]: Found an empty itemStack in 'net.minecraft.world.item.CreativeModeTab@27f272d1' creative tab's displayItems: 0 minecraft:air minecraft:air components:{}
[29авг.2026 23:03:20.833] [Render thread/ERROR] [mezz.jei.library.plugins.vanilla.ingredients.ItemStackListFactory/]: Found an empty itemStack in 'net.minecraft.world.item.CreativeModeTab@27f272d1' creative tab's displayItems: 0 minecraft:air minecraft:air components:{}
[29авг.2026 23:03:20.833] [Render thread/ERROR] [mezz.jei.library.plugins.vanilla.ingredients.ItemStackListFactory/]: Found an empty itemStack in 'net.minecraft.world.item.CreativeModeTab@27f272d1' creative tab's displayItems: 0 minecraft:air minecraft:air components:{}
[29авг.2026 23:03:20.833] [Render thread/ERROR] [mezz.jei.library.plugins.vanilla.ingredients.ItemStackListFactory/]: Found an empty itemStack in 'net.minecraft.world.item.CreativeModeTab@27f272d1' creative tab's displayItems: 0 minecraft:air minecraft:air components:{}
[29авг.2026 23:03:20.833] [Render thread/ERROR] [mezz.jei.library.plugins.vanilla.ingredients.ItemStackListFactory/]: Found an empty itemStack in 'net.minecraft.world.item.CreativeModeTab@27f272d1' creative tab's displayItems: 0 minecraft:air minecraft:air components:{}
[29авг.2026 23:03:20.833] [Render thread/ERROR] [mezz.jei.library.plugins.vanilla.ingredients.ItemStackListFactory/]: Found an empty itemStack in 'net.minecraft.world.item.CreativeModeTab@27f272d1' creative tab's displayItems: 0 minecraft:air minecraft:air components:{}
[29авг.2026 23:03:20.833] [Render thread/ERROR] [mezz.jei.library.plugins.vanilla.ingredients.ItemStackListFactory/]: Found an empty itemStack in 'net.minecraft.world.item.CreativeModeTab@27f272d1' creative tab's displayItems: 0 minecraft:air minecraft:air components:{}
[29авг.2026 23:03:20.833] [Render thread/ERROR] [mezz.jei.library.plugins.vanilla.ingredients.ItemStackListFactory/]: Found an empty itemStack in 'net.minecraft.world.item.CreativeModeTab@27f272d1' creative tab's displayItems: 0 minecraft:air minecraft:air components:{}
[29авг.2026 23:03:20.833] [Render thread/ERROR] [mezz.jei.library.plugins.vanilla.ingredients.ItemStackListFactory/]: Found an empty itemStack in 'net.minecraft.world.item.CreativeModeTab@27f272d1' creative tab's displayItems: 0 minecraft:air minecraft:air components:{}
[29авг.2026 23:03:20.833] [Render thread/ERROR] [mezz.jei.library.plugins.vanilla.ingredients.ItemStackListFactory/]: Found an empty itemStack in 'net.minecraft.world.item.CreativeModeTab@27f272d1' creative tab's displayItems: 0 minecraft:air minecraft:air components:{}
[29авг.2026 23:03:20.833] [Render thread/ERROR] [mezz.jei.library.plugins.vanilla.ingredients.ItemStackListFactory/]: Found an empty itemStack in 'net.minecraft.world.item.CreativeModeTab@27f272d1' creative tab's displayItems: 0 minecraft:air minecraft:air components:{}
[29авг.2026 23:03:20.833] [Render thread/ERROR] [mezz.jei.library.plugins.vanilla.ingredients.ItemStackListFactory/]: Found an empty itemStack in 'net.minecraft.world.item.CreativeModeTab@27f272d1' creative tab's displayItems: 0 minecraft:air minecraft:air components:{}
[29авг.2026 23:03:20.833] [Render thread/ERROR] [mezz.jei.library.plugins.vanilla.ingredients.ItemStackListFactory/]: Found an empty itemStack in 'net.minecraft.world.item.CreativeModeTab@27f272d1' creative tab's displayItems: 0 minecraft:air minecraft:air components:{}
[29авг.2026 23:03:20.833] [Render thread/ERROR] [mezz.jei.library.plugins.vanilla.ingredients.ItemStackListFactory/]: Found an empty itemStack in 'net.minecraft.world.item.CreativeModeTab@27f272d1' creative tab's displayItems: 0 minecraft:air minecraft:air components:{}
[29авг.2026 23:03:20.833] [Render thread/ERROR] [mezz.jei.library.plugins.vanilla.ingredients.ItemStackListFactory/]: Found an empty itemStack in 'net.minecraft.world.item.CreativeModeTab@27f272d1' creative tab's displayItems: 0 minecraft:air minecraft:air components:{}
[29авг.2026 23:03:20.833] [Render thread/ERROR] [mezz.jei.library.plugins.vanilla.ingredients.ItemStackListFactory/]: Found an empty itemStack in 'net.minecraft.world.item.CreativeModeTab@27f272d1' creative tab's displayItems: 0 minecraft:air minecraft:air components:{}
[29авг.2026 23:03:20.833] [Render thread/ERROR] [mezz.jei.library.plugins.vanilla.ingredients.ItemStackListFactory/]: Found an empty itemStack in 'net.minecraft.world.item.CreativeModeTab@27f272d1' creative tab's displayItems: 0 minecraft:air minecraft:air components:{}
[29авг.2026 23:03:20.833] [Render thread/ERROR] [mezz.jei.library.plugins.vanilla.ingredients.ItemStackListFactory/]: Found an empty itemStack in 'net.minecraft.world.item.CreativeModeTab@27f272d1' creative tab's displayItems: 0 minecraft:air minecraft:air components:{}
[29авг.2026 23:03:20.833] [Render thread/ERROR] [mezz.jei.library.plugins.vanilla.ingredients.ItemStackListFactory/]: Found an empty itemStack in 'net.minecraft.world.item.CreativeModeTab@27f272d1' creative tab's displayItems: 0 minecraft:air minecraft:air components:{}
[29авг.2026 23:03:20.833] [Render thread/ERROR] [mezz.jei.library.plugins.vanilla.ingredients.ItemStackListFactory/]: Found an empty itemStack in 'net.minecraft.world.item.CreativeModeTab@27f272d1' creative tab's displayItems: 0 minecraft:air minecraft:air components:{}
[29авг.2026 23:03:20.833] [Render thread/ERROR] [mezz.jei.library.plugins.vanilla.ingredients.ItemStackListFactory/]: Found an empty itemStack in 'net.minecraft.world.item.CreativeModeTab@27f272d1' creative tab's displayItems: 0 minecraft:air minecraft:air components:{}
[29авг.2026 23:03:20.833] [Render thread/ERROR] [mezz.jei.library.plugins.vanilla.ingredients.ItemStackListFactory/]: Found an empty itemStack in 'net.minecraft.world.item.CreativeModeTab@27f272d1' creative tab's displayItems: 0 minecraft:air minecraft:air components:{}
[29авг.2026 23:03:20.833] [Render thread/ERROR] [mezz.jei.library.plugins.vanilla.ingredients.ItemStackListFactory/]: Found an empty itemStack in 'net.minecraft.world.item.CreativeModeTab@27f272d1' creative tab's displayItems: 0 minecraft:air minecraft:air components:{}
[29авг.2026 23:03:20.833] [Render thread/ERROR] [mezz.jei.library.plugins.vanilla.ingredients.ItemStackListFactory/]: Found an empty itemStack in 'net.minecraft.world.item.CreativeModeTab@27f272d1' creative tab's displayItems: 0 minecraft:air minecraft:air components:{}
[29авг.2026 23:03:20.833] [Render thread/ERROR] [mezz.jei.library.plugins.vanilla.ingredients.ItemStackListFactory/]: Found an empty itemStack in 'net.minecraft.world.item.CreativeModeTab@27f272d1' creative tab's displayItems: 0 minecraft:air minecraft:air components:{}
[29авг.2026 23:03:20.834] [Render thread/ERROR] [mezz.jei.library.plugins.vanilla.ingredients.ItemStackListFactory/]: Found an empty itemStack in 'net.minecraft.world.item.CreativeModeTab@27f272d1' creative tab's displayItems: 0 minecraft:air minecraft:air components:{}
[29авг.2026 23:03:20.834] [Render thread/ERROR] [mezz.jei.library.plugins.vanilla.ingredients.ItemStackListFactory/]: Found an empty itemStack in 'net.minecraft.world.item.CreativeModeTab@27f272d1' creative tab's displayItems: 0 minecraft:air minecraft:air components:{}
[29авг.2026 23:03:20.834] [Render thread/ERROR] [mezz.jei.library.plugins.vanilla.ingredients.ItemStackListFactory/]: Found an empty itemStack in 'net.minecraft.world.item.CreativeModeTab@27f272d1' creative tab's displayItems: 0 minecraft:air minecraft:air components:{}
[29авг.2026 23:03:20.834] [Render thread/ERROR] [mezz.jei.library.plugins.vanilla.ingredients.ItemStackListFactory/]: Found an empty itemStack in 'net.minecraft.world.item.CreativeModeTab@27f272d1' creative tab's displayItems: 0 minecraft:air minecraft:air components:{}
[29авг.2026 23:03:20.834] [Render thread/ERROR] [mezz.jei.library.plugins.vanilla.ingredients.ItemStackListFactory/]: Found an empty itemStack in 'net.minecraft.world.item.CreativeModeTab@27f272d1' creative tab's displayItems: 0 minecraft:air minecraft:air components:{}
[29авг.2026 23:03:20.834] [Render thread/ERROR] [mezz.jei.library.plugins.vanilla.ingredients.ItemStackListFactory/]: Found an empty itemStack in 'net.minecraft.world.item.CreativeModeTab@27f272d1' creative tab's displayItems: 0 minecraft:air minecraft:air components:{}
[29авг.2026 23:03:20.834] [Render thread/ERROR] [mezz.jei.library.plugins.vanilla.ingredients.ItemStackListFactory/]: Found an empty itemStack in 'net.minecraft.world.item.CreativeModeTab@27f272d1' creative tab's displayItems: 0 minecraft:air minecraft:air components:{}
[29авг.2026 23:03:20.834] [Render thread/ERROR] [mezz.jei.library.plugins.vanilla.ingredients.ItemStackListFactory/]: Found an empty itemStack in 'net.minecraft.world.item.CreativeModeTab@27f272d1' creative tab's displayItems: 0 minecraft:air minecraft:air components:{}
[29авг.2026 23:03:20.834] [Render thread/ERROR] [mezz.jei.library.plugins.vanilla.ingredients.ItemStackListFactory/]: Found an empty itemStack in 'net.minecraft.world.item.CreativeModeTab@27f272d1' creative tab's displayItems: 0 minecraft:air minecraft:air components:{}
[29авг.2026 23:03:20.834] [Render thread/ERROR] [mezz.jei.library.plugins.vanilla.ingredients.ItemStackListFactory/]: Found an empty itemStack in 'net.minecraft.world.item.CreativeModeTab@27f272d1' creative tab's displayItems: 0 minecraft:air minecraft:air components:{}
[29авг.2026 23:03:20.834] [Render thread/ERROR] [mezz.jei.library.plugins.vanilla.ingredients.ItemStackListFactory/]: Found an empty itemStack in 'net.minecraft.world.item.CreativeModeTab@27f272d1' creative tab's displayItems: 0 minecraft:air minecraft:air components:{}
[29авг.2026 23:03:20.834] [Render thread/ERROR] [mezz.jei.library.plugins.vanilla.ingredients.ItemStackListFactory/]: Found an empty itemStack in 'net.minecraft.world.item.CreativeModeTab@27f272d1' creative tab's displayItems: 0 minecraft:air minecraft:air components:{}
[29авг.2026 23:03:20.834] [Render thread/ERROR] [mezz.jei.library.plugins.vanilla.ingredients.ItemStackListFactory/]: Found an empty itemStack in 'net.minecraft.world.item.CreativeModeTab@27f272d1' creative tab's displayItems: 0 minecraft:air minecraft:air components:{}
[29авг.2026 23:03:20.834] [Render thread/ERROR] [mezz.jei.library.plugins.vanilla.ingredients.ItemStackListFactory/]: Found an empty itemStack in 'net.minecraft.world.item.CreativeModeTab@27f272d1' creative tab's displayItems: 0 minecraft:air minecraft:air components:{}
[29авг.2026 23:03:20.867] [Render thread/ERROR] [mezz.jei.library.plugins.vanilla.ingredients.ItemStackListFactory/]: Found an empty itemStack in 'net.minecraft.world.item.CreativeModeTab@38013055' creative tab's displayItems: 0 minecraft:air minecraft:air components:{}
[29авг.2026 23:03:20.867] [Render thread/ERROR] [mezz.jei.library.plugins.vanilla.ingredients.ItemStackListFactory/]: Found an empty itemStack in 'net.minecraft.world.item.CreativeModeTab@38013055' creative tab's displayItems: 0 minecraft:air minecraft:air components:{}
[29авг.2026 23:03:20.867] [Render thread/ERROR] [mezz.jei.library.plugins.vanilla.ingredients.ItemStackListFactory/]: Found an empty itemStack in 'net.minecraft.world.item.CreativeModeTab@38013055' creative tab's displayItems: 0 minecraft:air minecraft:air components:{}
[29авг.2026 23:03:20.867] [Render thread/ERROR] [mezz.jei.library.plugins.vanilla.ingredients.ItemStackListFactory/]: Found an empty itemStack in 'net.minecraft.world.item.CreativeModeTab@38013055' creative tab's displayItems: 0 minecraft:air minecraft:air components:{}
[29авг.2026 23:03:20.867] [Render thread/ERROR] [mezz.jei.library.plugins.vanilla.ingredients.ItemStackListFactory/]: Found an empty itemStack in 'net.minecraft.world.item.CreativeModeTab@38013055' creative tab's displayItems: 0 minecraft:air minecraft:air components:{}
[29авг.2026 23:03:20.867] [Render thread/ERROR] [mezz.jei.library.plugins.vanilla.ingredients.ItemStackListFactory/]: Found an empty itemStack in 'net.minecraft.world.item.CreativeModeTab@38013055' creative tab's displayItems: 0 minecraft:air minecraft:air components:{}
[29авг.2026 23:03:20.867] [Render thread/ERROR] [mezz.jei.library.plugins.vanilla.ingredients.ItemStackListFactory/]: Found an empty itemStack in 'net.minecraft.world.item.CreativeModeTab@38013055' creative tab's displayItems: 0 minecraft:air minecraft:air components:{}
[29авг.2026 23:03:20.867] [Render thread/ERROR] [mezz.jei.library.plugins.vanilla.ingredients.ItemStackListFactory/]: Found an empty itemStack in 'net.minecraft.world.item.CreativeModeTab@38013055' creative tab's displayItems: 0 minecraft:air minecraft:air components:{}
[29авг.2026 23:03:20.867] [Render thread/ERROR] [mezz.jei.library.plugins.vanilla.ingredients.ItemStackListFactory/]: Found an empty itemStack in 'net.minecraft.world.item.CreativeModeTab@38013055' creative tab's displayItems: 0 minecraft:air minecraft:air components:{}
[29авг.2026 23:03:20.867] [Render thread/ERROR] [mezz.jei.library.plugins.vanilla.ingredients.ItemStackListFactory/]: Found an empty itemStack in 'net.minecraft.world.item.CreativeModeTab@38013055' creative tab's displayItems: 0 minecraft:air minecraft:air components:{}
[29авг.2026 23:03:20.867] [Render thread/ERROR] [mezz.jei.library.plugins.vanilla.ingredients.ItemStackListFactory/]: Found an empty itemStack in 'net.minecraft.world.item.CreativeModeTab@38013055' creative tab's displayItems: 0 minecraft:air minecraft:air components:{}
[29авг.2026 23:03:20.867] [Render thread/ERROR] [mezz.jei.library.plugins.vanilla.ingredients.ItemStackListFactory/]: Found an empty itemStack in 'net.minecraft.world.item.CreativeModeTab@38013055' creative tab's displayItems: 0 minecraft:air minecraft:air components:{}
[29авг.2026 23:03:20.867] [Render thread/ERROR] [mezz.jei.library.plugins.vanilla.ingredients.ItemStackListFactory/]: Found an empty itemStack in 'net.minecraft.world.item.CreativeModeTab@38013055' creative tab's displayItems: 0 minecraft:air minecraft:air components:{}
[29авг.2026 23:03:20.867] [Render thread/ERROR] [mezz.jei.library.plugins.vanilla.ingredients.ItemStackListFactory/]: Found an empty itemStack in 'net.minecraft.world.item.CreativeModeTab@38013055' creative tab's displayItems: 0 minecraft:air minecraft:air components:{}
[29авг.2026 23:03:20.867] [Render thread/ERROR] [mezz.jei.library.plugins.vanilla.ingredients.ItemStackListFactory/]: Found an empty itemStack in 'net.minecraft.world.item.CreativeModeTab@38013055' creative tab's displayItems: 0 minecraft:air minecraft:air components:{}
[29авг.2026 23:03:20.867] [Render thread/ERROR] [mezz.jei.library.plugins.vanilla.ingredients.ItemStackListFactory/]: Found an empty itemStack in 'net.minecraft.world.item.CreativeModeTab@38013055' creative tab's displayItems: 0 minecraft:air minecraft:air components:{}
[29авг.2026 23:03:20.867] [Render thread/ERROR] [mezz.jei.library.plugins.vanilla.ingredients.ItemStackListFactory/]: Found an empty itemStack in 'net.minecraft.world.item.CreativeModeTab@38013055' creative tab's displayItems: 0 minecraft:air minecraft:air components:{}
[29авг.2026 23:03:20.867] [Render thread/ERROR] [mezz.jei.library.plugins.vanilla.ingredients.ItemStackListFactory/]: Found an empty itemStack in 'net.minecraft.world.item.CreativeModeTab@38013055' creative tab's displayItems: 0 minecraft:air minecraft:air components:{}
[29авг.2026 23:03:20.867] [Render thread/ERROR] [mezz.jei.library.plugins.vanilla.ingredients.ItemStackListFactory/]: Found an empty itemStack in 'net.minecraft.world.item.CreativeModeTab@38013055' creative tab's displayItems: 0 minecraft:air minecraft:air components:{}
[29авг.2026 23:03:20.951] [Render thread/INFO] [mezz.jei.library.load.PluginCallerTimerRunnable/]: Registering ingredients: jei:minecraft took 773.1 milliseconds
[29авг.2026 23:03:20.955] [Render thread/INFO] [mezz.jei.library.load.PluginCaller/]: Registering ingredients took 776.5 milliseconds
[29авг.2026 23:03:20.955] [Render thread/INFO] [mezz.jei.library.load.PluginCaller/]: Registering extra ingredients...
[29авг.2026 23:03:20.964] [Render thread/INFO] [mezz.jei.library.load.PluginCaller/]: Registering extra ingredients took 9.140 milliseconds
[29авг.2026 23:03:20.965] [Render thread/INFO] [mezz.jei.library.load.PluginCaller/]: Registering search ingredient aliases...
[29авг.2026 23:03:20.970] [Render thread/INFO] [mezz.jei.library.load.PluginCaller/]: Registering search ingredient aliases took 5.468 milliseconds
[29авг.2026 23:03:20.989] [Render thread/INFO] [mezz.jei.library.load.PluginCaller/]: Registering Mod Info...
[29авг.2026 23:03:20.990] [Render thread/INFO] [mezz.jei.library.load.PluginCaller/]: Registering Mod Info took 1.101 milliseconds
[29авг.2026 23:03:21.015] [Render thread/INFO] [mezz.jei.library.load.PluginCaller/]: Registering advanced search...
[29авг.2026 23:03:21.017] [Render thread/INFO] [mezz.jei.library.load.PluginCaller/]: Registering advanced search took 967.0 microseconds
[29авг.2026 23:03:21.018] [Render thread/INFO] [mezz.jei.library.load.PluginCaller/]: Registering categories...
[29авг.2026 23:03:21.030] [Render thread/INFO] [mezz.jei.library.load.PluginCallerTimerRunnable/]: Registering categories: jei:minecraft took 11.95 milliseconds
[29авг.2026 23:03:21.047] [Render thread/INFO] [mezz.jei.library.load.PluginCallerTimerRunnable/]: Registering categories: createdieselgenerators:jei_plugin took 16.71 milliseconds
[29авг.2026 23:03:21.768] [Render thread/INFO] [mezz.jei.library.load.PluginCallerTimerRunnable/]: Registering categories: jeresources:minecraft took 716.9 milliseconds
[29авг.2026 23:03:21.862] [Render thread/INFO] [mezz.jei.library.load.PluginCallerTimerRunnable/]: Registering categories: create:jei_plugin took 32.35 milliseconds
[29авг.2026 23:03:21.899] [Render thread/INFO] [mezz.jei.library.load.PluginCaller/]: Registering categories took 881.6 milliseconds
[29авг.2026 23:03:21.900] [Render thread/INFO] [mezz.jei.library.load.PluginCaller/]: Registering vanilla category extensions...
[29авг.2026 23:03:21.959] [Render thread/INFO] [mezz.jei.library.load.PluginCallerTimerRunnable/]: Registering vanilla category extensions: sophisticatedbackpacks:default took 50.84 milliseconds
[29авг.2026 23:03:21.960] [Render thread/INFO] [mezz.jei.library.load.PluginCaller/]: Registering vanilla category extensions took 59.89 milliseconds
[29авг.2026 23:03:21.961] [Render thread/INFO] [mezz.jei.library.load.PluginCaller/]: Registering recipe catalysts...
[29авг.2026 23:03:21.974] [Render thread/INFO] [mezz.jei.library.load.PluginCaller/]: Registering recipe catalysts took 12.10 milliseconds
[29авг.2026 23:03:21.974] [Render thread/INFO] [mezz.jei.common.util.LoggedTimer/]: Building recipe registry...
[29авг.2026 23:03:21.990] [Render thread/INFO] [mezz.jei.common.util.LoggedTimer/]: Building recipe registry took 16.10 milliseconds
[29авг.2026 23:03:21.991] [Render thread/INFO] [mezz.jei.library.load.PluginCaller/]: Registering advanced plugins...
[29авг.2026 23:03:21.995] [Render thread/INFO] [mezz.jei.library.load.registration.AdvancedRegistration/]: Added typed recipe manager plugin: class net.p3pp3rf1y.sophisticatedcore.compat.recipeviewers.jei.GroupedCraftingRecipeManagerPlugin
[29авг.2026 23:03:21.997] [Render thread/INFO] [mezz.jei.library.load.registration.AdvancedRegistration/]: Added typed recipe manager plugin: class net.p3pp3rf1y.sophisticatedcore.compat.recipeviewers.jei.CraftingDisplayCatalogRecipeManagerPlugin
[29авг.2026 23:03:21.999] [Render thread/INFO] [mezz.jei.library.load.registration.AdvancedRegistration/]: Added typed recipe manager plugin: class net.p3pp3rf1y.sophisticatedcore.compat.recipeviewers.jei.SmithingSpecRecipeManagerPlugin
[29авг.2026 23:03:22.002] [Render thread/INFO] [mezz.jei.library.load.registration.AdvancedRegistration/]: Added recipe manager plugin: class dan200.computercraft.client.integration.jei.RecipeResolver
[29авг.2026 23:03:22.007] [Render thread/INFO] [mezz.jei.library.load.registration.AdvancedRegistration/]: Added recipe manager plugin: class dev.ftb.mods.ftbxmodcompat.ftbquests.jei.QuestRecipeManagerPlugin
[29авг.2026 23:03:22.008] [Render thread/INFO] [mezz.jei.library.load.registration.AdvancedRegistration/]: Added recipe manager plugin: class dev.ftb.mods.ftbxmodcompat.ftbquests.jei.LootCrateRecipeManagerPlugin
[29авг.2026 23:03:22.012] [Render thread/INFO] [mezz.jei.library.load.registration.AdvancedRegistration/]: Added typed recipe manager plugin: class someassemblyrequired.integration.jei.create.SequencedAssemblyRecipeGenerator
[29авг.2026 23:03:22.013] [Render thread/INFO] [mezz.jei.library.load.registration.AdvancedRegistration/]: Added typed recipe manager plugin: class someassemblyrequired.integration.jei.SandwichingStationRecipeGenerator
[29авг.2026 23:03:22.013] [Render thread/INFO] [mezz.jei.library.load.PluginCaller/]: Registering advanced plugins took 20.33 milliseconds
[29авг.2026 23:03:22.014] [Render thread/INFO] [mezz.jei.library.load.PluginCaller/]: Registering recipes...
[29авг.2026 23:03:23.253] [Render thread/INFO] [mezz.jei.library.load.PluginCallerTimerRunnable/]: Registering recipes: jei:minecraft took 1.238 seconds
[29авг.2026 23:03:23.549] [Render thread/INFO] [mezz.jei.library.load.PluginCallerTimerRunnable/]: Registering recipes: jeresources:minecraft took 292.9 milliseconds
[29авг.2026 23:03:23.561] [Render thread/INFO] [mezz.jei.library.load.PluginCallerTimerRunnable/]: Registering recipes: supplementaries:jei_plugin took 11.99 milliseconds
[29авг.2026 23:03:23.580] [Render thread/INFO] [mezz.jei.library.load.PluginCallerTimerRunnable/]: Registering recipes: trading_floor:jei_plugin took 12.59 milliseconds
[29авг.2026 23:03:23.604] [Render thread/INFO] [mezz.jei.library.load.PluginCallerTimerRunnable/]: Registering recipes: createbigcannons:jei_plugin took 20.26 milliseconds
[29авг.2026 23:03:23.626] [Render thread/INFO] [mezz.jei.library.load.PluginCallerTimerRunnable/]: Registering recipes: create_optical:jei_plugin took 21.82 milliseconds
[29авг.2026 23:03:23.660] [Render thread/INFO] [mezz.jei.library.load.PluginCallerTimerRunnable/]: Registering recipes: zeta:zeta took 21.67 milliseconds
[29авг.2026 23:03:23.677] [Render thread/INFO] [mezz.jei.library.load.PluginCallerTimerRunnable/]: Registering recipes: cbc_at:jei_plugin took 16.13 milliseconds
[29авг.2026 23:03:23.690] [Render thread/INFO] [mezz.jei.library.ingredients.IngredientManager/]: Ingredients are being removed at runtime: 1 net.minecraft.world.item.ItemStack
[29авг.2026 23:03:23.693] [Render thread/INFO] [mezz.jei.library.load.PluginCallerTimerRunnable/]: Registering recipes: ars_nouveau:main took 16.00 milliseconds
[29авг.2026 23:03:24.201] [Render thread/INFO] [mezz.jei.library.load.PluginCallerTimerRunnable/]: Registering recipes: farmersdelight:jei_plugin took 502.7 milliseconds
[29авг.2026 23:03:24.581] [Render thread/INFO] [mezz.jei.library.load.PluginCallerTimerRunnable/]: Registering recipes: create:jei_plugin took 377.4 milliseconds
[29авг.2026 23:03:24.581] [Render thread/INFO] [mezz.jei.library.ingredients.IngredientManager/]: Ingredients are being removed at runtime: 465 net.minecraft.world.item.ItemStack
[29авг.2026 23:03:24.738] [Render thread/INFO] [mezz.jei.library.load.PluginCallerTimerRunnable/]: Registering recipes: create_dragons_plus:jei_plugin took 148.4 milliseconds
[29авг.2026 23:03:24.778] [Render thread/INFO] [mezz.jei.library.load.PluginCallerTimerRunnable/]: Registering recipes: create_central_kitchen:jei took 39.70 milliseconds
[29авг.2026 23:03:24.809] [Render thread/INFO] [mezz.jei.library.load.PluginCallerTimerRunnable/]: Registering recipes: create_enchantment_industry:jei took 30.55 milliseconds
[29авг.2026 23:03:24.811] [Render thread/INFO] [mezz.jei.library.load.PluginCaller/]: Registering recipes took 2.797 seconds
[29авг.2026 23:03:24.822] [Render thread/INFO] [mezz.jei.library.load.PluginCaller/]: Registering recipes transfer handlers...
[29авг.2026 23:03:24.833] [Render thread/INFO] [mezz.jei.library.load.PluginCaller/]: Registering recipes transfer handlers took 11.72 milliseconds
[29авг.2026 23:03:24.835] [Render thread/INFO] [mezz.jei.common.util.LoggedTimer/]: Building runtime...
[29авг.2026 23:03:24.838] [Render thread/INFO] [mezz.jei.library.load.PluginCaller/]: Registering gui handlers...
[29авг.2026 23:03:24.853] [Render thread/INFO] [mezz.jei.library.load.PluginCaller/]: Registering gui handlers took 15.75 milliseconds
[29авг.2026 23:03:24.858] [Render thread/INFO] [mezz.jei.library.load.PluginCaller/]: Registering Runtime...
[29авг.2026 23:03:24.859] [Render thread/INFO] [mezz.jei.gui.startup.JeiGuiStarter/]: Starting JEI GUI
[29авг.2026 23:03:24.860] [Render thread/INFO] [mezz.jei.common.util.LoggedTimer/]: Building ingredient list...
[29авг.2026 23:03:24.999] [Render thread/INFO] [mezz.jei.common.util.LoggedTimer/]: Building ingredient list took 139.1 milliseconds
[29авг.2026 23:03:24.999] [Render thread/INFO] [mezz.jei.common.util.LoggedTimer/]: Building ingredient filter...
[29авг.2026 23:03:26.724] [Render thread/INFO] [mezz.jei.gui.ingredients.IngredientFilter/]: Adding 11188 ingredients
[29авг.2026 23:03:26.738] [Render thread/INFO] [mezz.jei.gui.ingredients.IngredientFilter/]: Added 11188 ingredients
[29авг.2026 23:03:26.739] [Render thread/INFO] [mezz.jei.common.util.LoggedTimer/]: Building ingredient filter took 1.740 seconds
[29авг.2026 23:03:26.835] [Render thread/INFO] [mezz.jei.library.load.PluginCallerTimerRunnable/]: Registering Runtime: jei:neoforge_gui took 1.977 seconds
[29авг.2026 23:03:26.835] [Render thread/INFO] [mezz.jei.library.load.PluginCaller/]: Registering Runtime took 1.978 seconds
[29авг.2026 23:03:26.836] [Render thread/INFO] [mezz.jei.common.util.LoggedTimer/]: Building runtime took 2.000 seconds
[29авг.2026 23:03:26.836] [Render thread/INFO] [mezz.jei.library.load.PluginCaller/]: Sending Runtime...
[29авг.2026 23:03:26.837] [Render thread/INFO] [Reliable Remover/]: Created example config at config/reliable_remover/removal_example.json.disabled
[29авг.2026 23:03:26.837] [Render thread/INFO] [Reliable Remover/]: Loaded 6 reliable remover rules.
[29авг.2026 23:03:26.856] [Render thread/INFO] [mezz.jei.library.load.PluginCallerTimerRunnable/]: Sending Runtime: reliable_remover:jei_plugin took 19.64 milliseconds
[29авг.2026 23:03:26.856] [Render thread/INFO] [rbasamoyai.createbigcannons.CreateBigCannons/]: Attempting to load CBC deployer recipes
[29авг.2026 23:03:26.865] [Render thread/INFO] [mezz.jei.library.ingredients.IngredientManager/]: Ingredients are being added at runtime: 26 net.minecraft.world.item.ItemStack
[29авг.2026 23:03:26.888] [Render thread/INFO] [mezz.jei.library.ingredients.IngredientManager/]: Ingredients are being removed at runtime: 1 net.minecraft.world.item.ItemStack
[29авг.2026 23:03:26.888] [Render thread/INFO] [mezz.jei.library.ingredients.IngredientManager/]: Ingredients are being removed at runtime: 1 net.minecraft.world.item.ItemStack
[29авг.2026 23:03:27.143] [Render thread/INFO] [mezz.jei.library.load.PluginCallerTimerRunnable/]: Sending Runtime: createthrusters:jei took 267.9 milliseconds
[29авг.2026 23:03:27.143] [Render thread/INFO] [mezz.jei.library.load.PluginCaller/]: Sending Runtime took 307.2 milliseconds
[29авг.2026 23:03:27.143] [Render thread/INFO] [mezz.jei.common.util.LoggedTimer/]: Starting JEI took 6.997 seconds
[29авг.2026 23:03:27.164] [Render thread/INFO] [xaero.hud.minimap.MinimapLogs/]: Minimap updated server level id: -865694271 for world ResourceKey[minecraft:dimension / minecraft:overworld]
[29авг.2026 23:03:27.169] [Render thread/INFO] [FTB Library/]: received server config settings for config: ftbultimine-server
[29авг.2026 23:03:27.199] [Render thread/INFO] [FTB Quests/]: Read 50651 bytes, 1591 objects
[29авг.2026 23:03:27.208] [Render thread/INFO] [FTB Quests/]: received translation table en_us (with 863 entries) from server
[29авг.2026 23:03:27.209] [Render thread/INFO] [Moonlight/]: Overriding configs supplementaries-common.toml with synced configs (editable)
[29авг.2026 23:03:27.219] [Render thread/INFO] [Moonlight/]: Synced supplementaries-common.toml configs
[29авг.2026 23:03:27.226] [Render thread/INFO] [Moonlight/]: Overriding configs amendments-common.toml with synced configs (editable)
[29авг.2026 23:03:27.228] [Render thread/INFO] [Moonlight/]: Synced amendments-common.toml configs
[29авг.2026 23:03:27.233] [Render thread/INFO] [snownee.jade.Jade/]: Received config from the server: 
[29авг.2026 23:03:27.233] [Render thread/INFO] [Moonlight/]: Overriding configs moonlight-common.toml with synced configs (editable)
[29авг.2026 23:03:27.236] [Render thread/INFO] [Moonlight/]: Synced moonlight-common.toml configs
[29авг.2026 23:03:27.239] [Render thread/INFO] [de.keksuccino.fancymenu.networking.packets.handshake.ClientSideHandshakePacketLogic/]: [FANCYMENU] Connected to a server with FancyMenu installed: local:E:a9d5d7b4
[29авг.2026 23:03:27.771] [Render thread/INFO] [ars_nouveau/]: Documentation loaded in 525ms
[29авг.2026 23:03:27.796] [Server thread/INFO] [Chunk Activity Tracker/]: Loading data for 79 chunks for filePath 'C:\Users\Mike\AppData\Roaming\.minecraft\versions\create new\saves\Новый мир\chunk_activity_info\overworld.dat' took 10 milliseconds
[29авг.2026 23:03:27.800] [Server thread/INFO] [Chunk Activity Tracker/]: Saving data for 79 chunks for dimension 'overworld' took 3 milliseconds
[29авг.2026 23:03:28.275] [Server thread/WARN] [mixin/]: @ModifyConstant conflict. Skipping packetfixer.v1_20_5.neoforge.mixins.json:v1_20_5_neoforge.ClientboundLevelChunkPacketDataMixin from mod packetfixer->@ModifyConstant::packetfixer$newSize(I)I with priority 1000, already redirected by connectivity.mixins.json:ClientBoundLevelChunkPacketDataLimitMixin from mod connectivity->@ModifyConstant::modifyLimit(I)I with priority 1000
[29авг.2026 23:03:28.590] [Render thread/INFO] [mezz.jei.library.ingredients.IngredientManager/]: Ingredients are being removed at runtime: 27 net.minecraft.world.item.ItemStack
[29авг.2026 23:03:28.605] [Render thread/INFO] [mezz.jei.library.ingredients.IngredientManager/]: Ingredients are being removed at runtime: 18 net.minecraft.world.item.ItemStack
[29авг.2026 23:03:28.605] [Render thread/INFO] [mezz.jei.library.ingredients.IngredientManager/]: Ingredients are being added at runtime: 27 net.minecraft.world.item.ItemStack
[29авг.2026 23:03:28.606] [Render thread/INFO] [mezz.jei.library.ingredients.IngredientManager/]: Ingredients are being added at runtime: 18 net.minecraft.world.item.ItemStack
[29авг.2026 23:03:28.636] [Render thread/INFO] [mezz.jei.library.ingredients.IngredientManager/]: Ingredients are being removed at runtime: 27 net.minecraft.world.item.ItemStack
[29авг.2026 23:03:28.636] [Render thread/INFO] [mezz.jei.library.ingredients.IngredientManager/]: Ingredients are being removed at runtime: 18 net.minecraft.world.item.ItemStack
[29авг.2026 23:03:28.637] [Render thread/INFO] [mezz.jei.library.ingredients.IngredientManager/]: Ingredients are being added at runtime: 27 net.minecraft.world.item.ItemStack
[29авг.2026 23:03:28.637] [Render thread/INFO] [mezz.jei.library.ingredients.IngredientManager/]: Ingredients are being added at runtime: 18 net.minecraft.world.item.ItemStack
[29авг.2026 23:03:28.874] [Render thread/INFO] [net.minecraft.advancements.AdvancementTree/]: Loaded 7660 advancements
[29авг.2026 23:03:28.902] [Render thread/INFO] [patchouli/]: BookContentResourceListenerLoader: Files found in 179.2 μs
[29авг.2026 23:03:28.908] [Render thread/INFO] [patchouli/]: BookContentResourceListenerLoader: Files found in 124.9 μs
[29авг.2026 23:03:28.921] [Render thread/INFO] [patchouli/]: BookContentResourceListenerLoader: Files found in 114.9 μs
[29авг.2026 23:03:28.934] [Render thread/INFO] [patchouli/]: BookContentResourceListenerLoader: Files found in 476.2 μs
[29авг.2026 23:03:28.935] [Render thread/INFO] [patchouli/]: BookContentResourceListenerLoader: Files found in 658.8 μs
[29авг.2026 23:03:28.956] [Render thread/INFO] [patchouli/]: BookContentResourceListenerLoader: Files found in 409.6 μs
[29авг.2026 23:03:29.109] [Render thread/INFO] [ModernFix/]: Cleared 165 unneeded book NBT tags
[29авг.2026 23:03:29.897] [Render thread/INFO] [Veil/]: Multi-Bind supported, using core
[29авг.2026 23:03:30.044] [Render thread/INFO] [xaero.hud.minimap.MinimapLogs/]: Reloading radar icon resources...
[29авг.2026 23:03:30.067] [Render thread/INFO] [xaero.hud.minimap.MinimapLogs/]: Reloaded radar icon resources!
[29авг.2026 23:03:30.737] [Render thread/INFO] [DistantHorizons-DistantHorizons-com.seibel.distanthorizons.common.render.openGl.glObject.GLProxy/]: Iris detected, Distant Horizons OpenGL error logging won't be sent in the chat due to Iris throwing known (harmless) OpenGL errors. This is a bug with Iris, not Distant Horizons.
[29авг.2026 23:03:30.740] [Render thread/INFO] [DistantHorizons-DistantHorizons-com.seibel.distanthorizons.common.render.openGl.glObject.GLProxy/]: Creating [GLProxy]... If this is the last message you see there must have been an OpenGL error.
[29авг.2026 23:03:30.740] [Render thread/INFO] [DistantHorizons-DistantHorizons-com.seibel.distanthorizons.common.render.openGl.glObject.GLProxy/]: Lod Render OpenGL version [4.6.0 NVIDIA 610.62].
[29авг.2026 23:03:30.741] [Render thread/INFO] [DistantHorizons-DistantHorizons-com.seibel.distanthorizons.common.render.openGl.glObject.GLProxy/]: minecraftGlCapabilities:
Your OpenGL support:
openGL version 3.2+: [true] <- REQUIRED
Vertex Attribute Buffer Binding: [true] <- optional improvement
Buffer Storage: [true] <- optional improvement

[29авг.2026 23:03:30.747] [Render thread/INFO] [DistantHorizons-DistantHorizons-com.seibel.distanthorizons.common.render.openGl.glObject.GLProxy/]: GPU Vendor [NVIDIA CORPORATION] with OS [Windows], Preferred upload method is [BUFFER_STORAGE].
[29авг.2026 23:03:30.747] [Render thread/INFO] [DistantHorizons-DistantHorizons-com.seibel.distanthorizons.common.render.openGl.glObject.GLProxy/]: GLProxy creation successful. OpenGL smiles upon you this day.
[29авг.2026 23:03:31.331] [Render thread/INFO] [com.sablexaeromaps.SableXaeroMaps/]: sub-level 3444ba8a raster: image 4x6 at rel(-2,-3) (chunks=1, plotSamples=10, contraptions=0, contraptionSamples=0) [trigger: first raster]
[29авг.2026 23:03:31.331] [Render thread/INFO] [com.sablexaeromaps.SableXaeroMaps/]: [minimap] sub-level 3444ba8a: drawn
[29авг.2026 23:03:31.334] [Render thread/INFO] [com.sablexaeromaps.SableXaeroMaps/]: sub-level 113d4cb0 raster: image 35x40 at rel(-17,-20) (chunks=6 (+3 empty), plotSamples=826, contraptions=0, contraptionSamples=0) [trigger: first raster]
[29авг.2026 23:03:31.334] [Render thread/INFO] [com.sablexaeromaps.SableXaeroMaps/]: [minimap] sub-level 113d4cb0: drawn
[29авг.2026 23:03:32.694] [Render thread/WARN] [ModernFix/]: Time from main menu to in-game was 19.665588 seconds
[29авг.2026 23:03:32.695] [Render thread/WARN] [ModernFix/]: Total time to load game and open world was 103.005585 seconds
[29авг.2026 23:03:33.632] [Render thread/INFO] [net.minecraft.client.gui.components.ChatComponent/]: [CHAT] Distant Horizons: G1 Garbage collector detected.
This can cause FPS stuttering. 
It's recommended to use a concurrent garbage collector 
like ZGC (Java 21+) or Shenandoah (Java 8 through 17) 
for a smoother experience.
[29авг.2026 23:03:37.890] [Render thread/INFO] [de.keksuccino.fancymenu.customization.layer.ScreenCustomizationLayerHandler/]: [FANCYMENU] ScreenCustomizationLayer registered: inventory_screen
[29авг.2026 23:03:38.737] [Render thread/INFO] [de.keksuccino.fancymenu.customization.layer.ScreenCustomizationLayerHandler/]: [FANCYMENU] ScreenCustomizationLayer registered: creative_mode_inventory_screen
[29авг.2026 23:03:46.659] [Render thread/WARN] [Sodium-VertexConsumerTracker/]: Class com.mojang.blaze3d.vertex.VertexMultiConsumer$Double does not support optimized vertex writing code paths, which may cause reduced rendering performance
[29авг.2026 23:04:20.656] [Render thread/WARN] [Sodium-VertexConsumerTracker/]: Class com.mojang.blaze3d.vertex.BufferBuilder does not support optimized vertex writing code paths, which may cause reduced rendering performance
[29авг.2026 23:04:43.746] [Render thread/INFO] [net.minecraft.advancements.AdvancementTree/]: Loaded 7675 advancements
[29авг.2026 23:04:50.380] [Worker-Main-6/WARN] [mixin/]: Discarding @Unique public method getEnhancedJunctionIterator in yungsapi.mixins.json:BeardifierMixin from mod yungsapi because it already exists in net.minecraft.world.level.levelgen.Beardifier
[29авг.2026 23:04:50.380] [Worker-Main-6/WARN] [mixin/]: Discarding @Unique public method setEnhancedJunctionIterator in yungsapi.mixins.json:BeardifierMixin from mod yungsapi because it already exists in net.minecraft.world.level.levelgen.Beardifier
[29авг.2026 23:05:02.541] [Server thread/INFO] [aeroclaims/UnregisteredShipsManager/]: New unregistered ship detected: id=3b53a7bd-028d-49f2-b366-763bdcf69d58 name=ship
[29авг.2026 23:05:02.584] [Render thread/INFO] [com.sablexaeromaps.SableXaeroMaps/]: [minimap] sub-level 3b53a7bd: culled: ~1.0px on screen (min 1.5px)
[29авг.2026 23:05:17.699] [Render thread/INFO] [com.sablexaeromaps.SableXaeroMaps/]: sub-level 3b53a7bd raster: image 2x1 at rel(0,0) (chunks=1, plotSamples=5, contraptions=0, contraptionSamples=0) [trigger: first raster]
[29авг.2026 23:05:17.699] [Render thread/INFO] [com.sablexaeromaps.SableXaeroMaps/]: [minimap] sub-level 3b53a7bd: drawn
[29авг.2026 23:05:17.947] [Render thread/INFO] [com.sablexaeromaps.SableXaeroMaps/]: sub-level 3b53a7bd raster: image 3x2 at rel(-1,-1) (chunks=1, plotSamples=6, contraptions=0, contraptionSamples=0) [trigger: plot bounds changed [20481032,128,20483080..20481033,131,20483080] -> [20481032,128,20483080..20481034,131,20483080]]
[29авг.2026 23:05:18.395] [Render thread/INFO] [com.sablexaeromaps.SableXaeroMaps/]: sub-level 3b53a7bd raster: image 4x3 at rel(-2,-2) (chunks=1, plotSamples=7, contraptions=0, contraptionSamples=0) [trigger: plot bounds changed [20481032,128,20483080..20481034,131,20483080] -> [20481032,128,20483079..20481034,131,20483080]]
[29авг.2026 23:05:18.669] [Render thread/INFO] [com.sablexaeromaps.SableXaeroMaps/]: sub-level 3b53a7bd raster: image 4x2 at rel(-2,-1) (chunks=1, plotSamples=8, contraptions=0, contraptionSamples=0) [trigger: orientation changed]
[29авг.2026 23:05:21.075] [Render thread/INFO] [com.sablexaeromaps.SableXaeroMaps/]: sub-level 3b53a7bd raster: image 6x4 at rel(-3,-2) (chunks=1, plotSamples=9, contraptions=0, contraptionSamples=0) [trigger: orientation changed]
[29авг.2026 23:05:21.861] [Server thread/INFO] [aeroclaims/UnregisteredShipsManager/]: New unregistered ship detected: id=7c339acf-c2fe-4f59-8439-55b6ed7db7ac name=ship
[29авг.2026 23:05:21.901] [Render thread/INFO] [com.sablexaeromaps.SableXaeroMaps/]: [minimap] sub-level 3b53a7bd: culled: ~1.0px on screen (min 1.5px)
[29авг.2026 23:05:21.901] [Render thread/INFO] [com.sablexaeromaps.SableXaeroMaps/]: sub-level 7c339acf raster: image 4x4 at rel(-2,-2) (chunks=1, plotSamples=6, contraptions=0, contraptionSamples=0) [trigger: first raster]
[29авг.2026 23:05:21.901] [Render thread/INFO] [com.sablexaeromaps.SableXaeroMaps/]: [minimap] sub-level 7c339acf: drawn
[29авг.2026 23:05:22.224] [Render thread/INFO] [com.sablexaeromaps.SableXaeroMaps/]: sub-level 3b53a7bd no longer in the level; dropping its map image
[29авг.2026 23:05:29.444] [Render thread/INFO] [com.sablexaeromaps.SableXaeroMaps/]: sub-level 7c339acf raster: image 4x4 at rel(-2,-2) (chunks=1, plotSamples=7, contraptions=0, contraptionSamples=0) [trigger: plot bounds changed [20481030,128,20487176..20481032,128,20487177] -> [20481030,128,20487175..20481032,128,20487177]]
[29авг.2026 23:05:29.673] [Render thread/INFO] [com.sablexaeromaps.SableXaeroMaps/]: sub-level 7c339acf raster: image 4x4 at rel(-2,-2) (chunks=1, plotSamples=8, contraptions=0, contraptionSamples=0) [trigger: orientation changed]
[29авг.2026 23:05:29.915] [Render thread/INFO] [com.sablexaeromaps.SableXaeroMaps/]: sub-level 7c339acf raster: image 4x4 at rel(-2,-2) (chunks=1, plotSamples=9, contraptions=0, contraptionSamples=0) [trigger: orientation changed]
[29авг.2026 23:05:30.566] [Render thread/INFO] [com.sablexaeromaps.SableXaeroMaps/]: sub-level 7c339acf raster: image 4x5 at rel(-2,-3) (chunks=1, plotSamples=10, contraptions=0, contraptionSamples=0) [trigger: plot bounds changed [20481030,128,20487175..20481032,128,20487177] -> [20481030,128,20487174..20481032,128,20487177]]
[29авг.2026 23:05:30.865] [Render thread/INFO] [com.sablexaeromaps.SableXaeroMaps/]: sub-level 7c339acf raster: image 4x5 at rel(-2,-3) (chunks=1, plotSamples=11, contraptions=0, contraptionSamples=0) [trigger: orientation changed]
[29авг.2026 23:05:31.144] [Render thread/INFO] [com.sablexaeromaps.SableXaeroMaps/]: sub-level 7c339acf raster: image 5x5 at rel(-2,-3) (chunks=1, plotSamples=12, contraptions=0, contraptionSamples=0) [trigger: orientation changed]
[29авг.2026 23:05:31.718] [Render thread/INFO] [com.sablexaeromaps.SableXaeroMaps/]: sub-level 7c339acf raster: image 4x6 at rel(-2,-3) (chunks=1, plotSamples=13, contraptions=0, contraptionSamples=0) [trigger: plot bounds changed [20481030,128,20487174..20481032,128,20487177] -> [20481030,128,20487174..20481033,128,20487177]]
[29авг.2026 23:05:31.876] [Render thread/INFO] [com.sablexaeromaps.SableXaeroMaps/]: sub-level 7c339acf raster: image 5x6 at rel(-3,-3) (chunks=1, plotSamples=14, contraptions=0, contraptionSamples=0) [trigger: orientation changed]
[29авг.2026 23:05:31.997] [Render thread/INFO] [com.sablexaeromaps.SableXaeroMaps/]: sub-level 7c339acf raster: image 5x6 at rel(-3,-3) (chunks=1, plotSamples=15, contraptions=0, contraptionSamples=0) [trigger: orientation changed]
[29авг.2026 23:05:32.150] [Render thread/INFO] [com.sablexaeromaps.SableXaeroMaps/]: sub-level 7c339acf raster: image 6x6 at rel(-3,-3) (chunks=1, plotSamples=16, contraptions=0, contraptionSamples=0) [trigger: orientation changed]
[29авг.2026 23:05:41.196] [Render thread/WARN] [net.minecraft.client.sounds.SoundEngine/SOUNDS]: Unable to play empty soundEvent: minecraft:entity.cod.ambient
[29авг.2026 23:06:15.141] [Render thread/INFO] [de.keksuccino.fancymenu.customization.layer.ScreenCustomizationLayerHandler/]: [FANCYMENU] ScreenCustomizationLayer registered: net.createmod.ponder.foundation.ui.PonderUI
[29авг.2026 23:06:15.231] [Server thread/INFO] [net.minecraft.client.server.IntegratedServer/]: Saving and pausing game...
[29авг.2026 23:06:15.337] [Server thread/INFO] [net.minecraft.server.MinecraftServer/]: Saving chunks for level 'ServerLevel[Новый мир]'/minecraft:overworld
[29авг.2026 23:06:15.337] [Server thread/INFO] [dev.ryanhcode.sable.Sable/]: Saving sub-levels for level 'ServerLevel[Новый мир]'/minecraft:overworld
[29авг.2026 23:06:15.437] [Server thread/INFO] [net.minecraft.server.MinecraftServer/]: Saving chunks for level 'ServerLevel[Новый мир]'/dimensional_for_respawn:spawnworld
[29авг.2026 23:06:15.437] [Server thread/INFO] [dev.ryanhcode.sable.Sable/]: Saving sub-levels for level 'ServerLevel[Новый мир]'/dimensional_for_respawn:spawnworld
[29авг.2026 23:06:15.439] [Server thread/INFO] [net.minecraft.server.MinecraftServer/]: Saving chunks for level 'ServerLevel[Новый мир]'/minecraft:the_end
[29авг.2026 23:06:15.439] [Server thread/INFO] [dev.ryanhcode.sable.Sable/]: Saving sub-levels for level 'ServerLevel[Новый мир]'/minecraft:the_end
[29авг.2026 23:06:15.439] [Server thread/INFO] [net.minecraft.server.MinecraftServer/]: Saving chunks for level 'ServerLevel[Новый мир]'/minecraft:the_nether
[29авг.2026 23:06:15.439] [Server thread/INFO] [dev.ryanhcode.sable.Sable/]: Saving sub-levels for level 'ServerLevel[Новый мир]'/minecraft:the_nether
[29авг.2026 23:06:15.448] [Server thread/INFO] [Chunk Activity Tracker/]: Saving data for 83 chunks for dimension 'overworld' took 1 milliseconds
[29авг.2026 23:06:23.781] [Server thread/INFO] [net.minecraft.client.server.IntegratedServer/]: Saving and pausing game...
[29авг.2026 23:06:23.843] [Server thread/INFO] [net.minecraft.server.MinecraftServer/]: Saving chunks for level 'ServerLevel[Новый мир]'/minecraft:overworld
[29авг.2026 23:06:23.843] [Server thread/INFO] [dev.ryanhcode.sable.Sable/]: Saving sub-levels for level 'ServerLevel[Новый мир]'/minecraft:overworld
[29авг.2026 23:06:23.871] [Server thread/INFO] [net.minecraft.server.MinecraftServer/]: Saving chunks for level 'ServerLevel[Новый мир]'/dimensional_for_respawn:spawnworld
[29авг.2026 23:06:23.871] [Server thread/INFO] [dev.ryanhcode.sable.Sable/]: Saving sub-levels for level 'ServerLevel[Новый мир]'/dimensional_for_respawn:spawnworld
[29авг.2026 23:06:23.872] [Server thread/INFO] [net.minecraft.server.MinecraftServer/]: Saving chunks for level 'ServerLevel[Новый мир]'/minecraft:the_end
[29авг.2026 23:06:23.872] [Server thread/INFO] [dev.ryanhcode.sable.Sable/]: Saving sub-levels for level 'ServerLevel[Новый мир]'/minecraft:the_end
[29авг.2026 23:06:23.872] [Server thread/INFO] [net.minecraft.server.MinecraftServer/]: Saving chunks for level 'ServerLevel[Новый мир]'/minecraft:the_nether
[29авг.2026 23:06:23.872] [Server thread/INFO] [dev.ryanhcode.sable.Sable/]: Saving sub-levels for level 'ServerLevel[Новый мир]'/minecraft:the_nether
[29авг.2026 23:06:23.883] [Server thread/INFO] [Chunk Activity Tracker/]: Saving data for 83 chunks for dimension 'overworld' took 1 milliseconds
[29авг.2026 23:07:05.831] [Server thread/INFO] [net.minecraft.client.server.IntegratedServer/]: Saving and pausing game...
[29авг.2026 23:07:05.876] [Server thread/INFO] [net.minecraft.server.MinecraftServer/]: Saving chunks for level 'ServerLevel[Новый мир]'/minecraft:overworld
[29авг.2026 23:07:05.876] [Server thread/INFO] [dev.ryanhcode.sable.Sable/]: Saving sub-levels for level 'ServerLevel[Новый мир]'/minecraft:overworld
[29авг.2026 23:07:05.890] [Server thread/INFO] [net.minecraft.server.MinecraftServer/]: Saving chunks for level 'ServerLevel[Новый мир]'/dimensional_for_respawn:spawnworld
[29авг.2026 23:07:05.890] [Server thread/INFO] [dev.ryanhcode.sable.Sable/]: Saving sub-levels for level 'ServerLevel[Новый мир]'/dimensional_for_respawn:spawnworld
[29авг.2026 23:07:05.891] [Server thread/INFO] [net.minecraft.server.MinecraftServer/]: Saving chunks for level 'ServerLevel[Новый мир]'/minecraft:the_end
[29авг.2026 23:07:05.891] [Server thread/INFO] [dev.ryanhcode.sable.Sable/]: Saving sub-levels for level 'ServerLevel[Новый мир]'/minecraft:the_end
[29авг.2026 23:07:05.891] [Server thread/INFO] [net.minecraft.server.MinecraftServer/]: Saving chunks for level 'ServerLevel[Новый мир]'/minecraft:the_nether
[29авг.2026 23:07:05.891] [Server thread/INFO] [dev.ryanhcode.sable.Sable/]: Saving sub-levels for level 'ServerLevel[Новый мир]'/minecraft:the_nether
[29авг.2026 23:07:05.901] [Server thread/INFO] [Chunk Activity Tracker/]: Saving data for 83 chunks for dimension 'overworld' took 1 milliseconds
[29авг.2026 23:07:11.631] [Server thread/INFO] [net.minecraft.client.server.IntegratedServer/]: Saving and pausing game...
[29авг.2026 23:07:11.675] [Server thread/INFO] [net.minecraft.server.MinecraftServer/]: Saving chunks for level 'ServerLevel[Новый мир]'/minecraft:overworld
[29авг.2026 23:07:11.675] [Server thread/INFO] [dev.ryanhcode.sable.Sable/]: Saving sub-levels for level 'ServerLevel[Новый мир]'/minecraft:overworld
[29авг.2026 23:07:11.688] [Server thread/INFO] [net.minecraft.server.MinecraftServer/]: Saving chunks for level 'ServerLevel[Новый мир]'/dimensional_for_respawn:spawnworld
[29авг.2026 23:07:11.688] [Server thread/INFO] [dev.ryanhcode.sable.Sable/]: Saving sub-levels for level 'ServerLevel[Новый мир]'/dimensional_for_respawn:spawnworld
[29авг.2026 23:07:11.688] [Server thread/INFO] [net.minecraft.server.MinecraftServer/]: Saving chunks for level 'ServerLevel[Новый мир]'/minecraft:the_end
[29авг.2026 23:07:11.688] [Server thread/INFO] [dev.ryanhcode.sable.Sable/]: Saving sub-levels for level 'ServerLevel[Новый мир]'/minecraft:the_end
[29авг.2026 23:07:11.689] [Server thread/INFO] [net.minecraft.server.MinecraftServer/]: Saving chunks for level 'ServerLevel[Новый мир]'/minecraft:the_nether
[29авг.2026 23:07:11.689] [Server thread/INFO] [dev.ryanhcode.sable.Sable/]: Saving sub-levels for level 'ServerLevel[Новый мир]'/minecraft:the_nether
[29авг.2026 23:07:11.698] [Server thread/INFO] [Chunk Activity Tracker/]: Saving data for 83 chunks for dimension 'overworld' took 2 milliseconds
[29авг.2026 23:07:25.632] [Server thread/INFO] [net.minecraft.client.server.IntegratedServer/]: Saving and pausing game...
[29авг.2026 23:07:25.678] [Server thread/INFO] [net.minecraft.server.MinecraftServer/]: Saving chunks for level 'ServerLevel[Новый мир]'/minecraft:overworld
[29авг.2026 23:07:25.678] [Server thread/INFO] [dev.ryanhcode.sable.Sable/]: Saving sub-levels for level 'ServerLevel[Новый мир]'/minecraft:overworld
[29авг.2026 23:07:25.691] [Server thread/INFO] [net.minecraft.server.MinecraftServer/]: Saving chunks for level 'ServerLevel[Новый мир]'/dimensional_for_respawn:spawnworld
[29авг.2026 23:07:25.691] [Server thread/INFO] [dev.ryanhcode.sable.Sable/]: Saving sub-levels for level 'ServerLevel[Новый мир]'/dimensional_for_respawn:spawnworld
[29авг.2026 23:07:25.691] [Server thread/INFO] [net.minecraft.server.MinecraftServer/]: Saving chunks for level 'ServerLevel[Новый мир]'/minecraft:the_end
[29авг.2026 23:07:25.691] [Server thread/INFO] [dev.ryanhcode.sable.Sable/]: Saving sub-levels for level 'ServerLevel[Новый мир]'/minecraft:the_end
[29авг.2026 23:07:25.691] [Server thread/INFO] [net.minecraft.server.MinecraftServer/]: Saving chunks for level 'ServerLevel[Новый мир]'/minecraft:the_nether
[29авг.2026 23:07:25.691] [Server thread/INFO] [dev.ryanhcode.sable.Sable/]: Saving sub-levels for level 'ServerLevel[Новый мир]'/minecraft:the_nether
[29авг.2026 23:07:25.702] [Server thread/INFO] [Chunk Activity Tracker/]: Saving data for 83 chunks for dimension 'overworld' took 1 milliseconds
[29авг.2026 23:08:18.030] [Render thread/INFO] [com.sablexaeromaps.SableXaeroMaps/]: sub-level 7c339acf raster: image 4x4 at rel(-2,-2) (chunks=1, plotSamples=15, contraptions=0, contraptionSamples=0) [trigger: orientation changed]
[29авг.2026 23:08:18.783] [Render thread/INFO] [com.sablexaeromaps.SableXaeroMaps/]: sub-level 7c339acf raster: image 4x4 at rel(-2,-2) (chunks=1, plotSamples=16, contraptions=0, contraptionSamples=0) [trigger: orientation changed]
[29авг.2026 23:08:42.545] [Render thread/INFO] [com.sablexaeromaps.SableXaeroMaps/]: sub-level 7c339acf raster: image 6x6 at rel(-3,-3) (chunks=1, plotSamples=17, contraptions=0, contraptionSamples=0) [trigger: plot bounds changed [20481030,128,20487174..20481033,128,20487177] -> [20481030,128,20487174..20481033,129,20487177]]
[29авг.2026 23:08:42.682] [Render thread/INFO] [com.sablexaeromaps.SableXaeroMaps/]: sub-level 7c339acf raster: image 5x6 at rel(-2,-3) (chunks=1, plotSamples=18, contraptions=0, contraptionSamples=0) [trigger: orientation changed]
[29авг.2026 23:08:43.191] [Render thread/INFO] [com.sablexaeromaps.SableXaeroMaps/]: sub-level 7c339acf raster: image 6x6 at rel(-3,-3) (chunks=1, plotSamples=19, contraptions=0, contraptionSamples=0) [trigger: orientation changed]
[29авг.2026 23:08:43.326] [Render thread/INFO] [com.sablexaeromaps.SableXaeroMaps/]: sub-level 7c339acf raster: image 6x6 at rel(-3,-3) (chunks=1, plotSamples=20, contraptions=0, contraptionSamples=0) [trigger: orientation changed]
[29авг.2026 23:08:44.353] [Render thread/INFO] [com.sablexaeromaps.SableXaeroMaps/]: sub-level 7c339acf raster: image 6x5 at rel(-3,-2) (chunks=1, plotSamples=22, contraptions=0, contraptionSamples=0) [trigger: occlusion shift]
[29авг.2026 23:08:44.456] [Render thread/INFO] [com.sablexaeromaps.SableXaeroMaps/]: sub-level 7c339acf raster: image 6x5 at rel(-3,-2) (chunks=1, plotSamples=23, contraptions=0, contraptionSamples=0) [trigger: orientation changed]
[29авг.2026 23:08:44.830] [Render thread/INFO] [com.sablexaeromaps.SableXaeroMaps/]: sub-level 7c339acf raster: image 6x6 at rel(-3,-2) (chunks=1, plotSamples=24, contraptions=0, contraptionSamples=0) [trigger: orientation changed]
[29авг.2026 23:08:45.085] [Render thread/INFO] [com.sablexaeromaps.SableXaeroMaps/]: sub-level 7c339acf raster: image 5x6 at rel(-3,-2) (chunks=1, plotSamples=25, contraptions=0, contraptionSamples=0) [trigger: orientation changed]
[29авг.2026 23:08:45.523] [Render thread/INFO] [com.sablexaeromaps.SableXaeroMaps/]: sub-level 7c339acf raster: image 6x5 at rel(-4,-2) (chunks=1, plotSamples=26, contraptions=0, contraptionSamples=0) [trigger: orientation changed]
[29авг.2026 23:08:45.740] [Render thread/INFO] [com.sablexaeromaps.SableXaeroMaps/]: sub-level 7c339acf raster: image 6x6 at rel(-4,-3) (chunks=1, plotSamples=27, contraptions=0, contraptionSamples=0) [trigger: orientation changed]
[29авг.2026 23:08:47.098] [Render thread/INFO] [com.sablexaeromaps.SableXaeroMaps/]: sub-level 7c339acf raster: image 5x6 at rel(-3,-3) (chunks=1, plotSamples=28, contraptions=0, contraptionSamples=0) [trigger: orientation changed]
[29авг.2026 23:08:47.283] [Render thread/INFO] [com.sablexaeromaps.SableXaeroMaps/]: sub-level 7c339acf raster: image 3x6 at rel(-2,-3) (chunks=1, plotSamples=29, contraptions=0, contraptionSamples=0) [trigger: orientation changed]
[29авг.2026 23:08:47.492] [Render thread/INFO] [com.sablexaeromaps.SableXaeroMaps/]: sub-level 7c339acf raster: image 4x6 at rel(-2,-3) (chunks=1, plotSamples=30, contraptions=0, contraptionSamples=0) [trigger: plot bounds changed [20481030,128,20487174..20481033,129,20487177] -> [20481030,128,20487173..20481033,129,20487177]]
[29авг.2026 23:08:47.997] [Render thread/INFO] [com.sablexaeromaps.SableXaeroMaps/]: sub-level 7c339acf raster: image 4x5 at rel(-2,-2) (chunks=1, plotSamples=29, contraptions=0, contraptionSamples=0) [trigger: plot bounds changed [20481030,128,20487173..20481033,129,20487177] -> [20481030,128,20487174..20481033,129,20487177]]
[29авг.2026 23:08:48.390] [Render thread/INFO] [com.sablexaeromaps.SableXaeroMaps/]: sub-level 7c339acf raster: image 5x5 at rel(-3,-2) (chunks=1, plotSamples=30, contraptions=0, contraptionSamples=0) [trigger: orientation changed]
[29авг.2026 23:08:51.465] [Render thread/WARN] [Sodium-VertexConsumerTracker/]: Class xaero.hud.minimap.radar.icon.creator.render.form.model.part.RadarIconModelPartPrerenderer$VertexConsumerWrapper does not support optimized vertex writing code paths, which may cause reduced rendering performance
[29авг.2026 23:08:58.322] [Render thread/INFO] [com.sablexaeromaps.SableXaeroMaps/]: sub-level 7c339acf raster: image 6x6 at rel(-3,-3) (chunks=1, plotSamples=31, contraptions=0, contraptionSamples=0) [trigger: interval]
[29авг.2026 23:08:59.621] [Render thread/INFO] [com.sablexaeromaps.SableXaeroMaps/]: sub-level 7c339acf raster: image 6x6 at rel(-3,-3) (chunks=1, plotSamples=32, contraptions=0, contraptionSamples=0) [trigger: occlusion shift]
[29авг.2026 23:09:15.252] [Render thread/INFO] [com.sablexaeromaps.SableXaeroMaps/]: sub-level 7c339acf raster: image 6x6 at rel(-3,-3) (chunks=1, plotSamples=29, contraptions=0, contraptionSamples=0) [trigger: orientation changed]
[29авг.2026 23:09:15.386] [Render thread/INFO] [com.sablexaeromaps.SableXaeroMaps/]: sub-level 7c339acf raster: image 6x6 at rel(-3,-3) (chunks=1, plotSamples=28, contraptions=0, contraptionSamples=0) [trigger: orientation changed]
[29авг.2026 23:09:18.975] [Render thread/INFO] [com.sablexaeromaps.SableXaeroMaps/]: sub-level 7c339acf raster: image 6x5 at rel(-4,-2) (chunks=1, plotSamples=24, contraptions=0, contraptionSamples=0) [trigger: interval]
[29авг.2026 23:09:20.215] [Render thread/INFO] [com.sablexaeromaps.SableXaeroMaps/]: sub-level 7c339acf raster: image 5x6 at rel(-3,-2) (chunks=1, plotSamples=18, contraptions=0, contraptionSamples=0) [trigger: occlusion shift]
[29авг.2026 23:09:20.496] [Render thread/INFO] [com.sablexaeromaps.SableXaeroMaps/]: sub-level 7c339acf raster: image 5x5 at rel(-3,-1) (chunks=1, plotSamples=16, contraptions=0, contraptionSamples=0) [trigger: plot bounds changed [20481030,128,20487174..20481033,129,20487177] -> [20481030,128,20487174..20481033,128,20487177]]
[29авг.2026 23:09:22.527] [Render thread/INFO] [com.sablexaeromaps.SableXaeroMaps/]: sub-level 7c339acf raster: image 6x5 at rel(-3,-2) (chunks=1, plotSamples=14, contraptions=0, contraptionSamples=0) [trigger: interval]
[29авг.2026 23:09:23.194] [Render thread/INFO] [com.sablexaeromaps.SableXaeroMaps/]: sub-level 7c339acf raster: image 4x4 at rel(-2,-2) (chunks=1, plotSamples=12, contraptions=0, contraptionSamples=0) [trigger: plot bounds changed [20481030,128,20487174..20481033,128,20487177] -> [20481031,128,20487174..20481033,128,20487177]]
[29авг.2026 23:09:23.843] [Render thread/INFO] [com.sablexaeromaps.SableXaeroMaps/]: sub-level 7c339acf raster: image 4x4 at rel(-2,-2) (chunks=1, plotSamples=8, contraptions=0, contraptionSamples=0) [trigger: plot bounds changed [20481031,128,20487174..20481033,128,20487177] -> [20481032,128,20487174..20481033,128,20487177]]
[29авг.2026 23:09:40.379] [Server thread/INFO] [dev.ryanhcode.sable.Sable/]: Saving sub-levels for level 'ServerLevel[Новый мир]'/minecraft:overworld
[29авг.2026 23:09:40.398] [Server thread/INFO] [dev.ryanhcode.sable.Sable/]: Saving sub-levels for level 'ServerLevel[Новый мир]'/dimensional_for_respawn:spawnworld
[29авг.2026 23:09:40.398] [Server thread/INFO] [dev.ryanhcode.sable.Sable/]: Saving sub-levels for level 'ServerLevel[Новый мир]'/minecraft:the_end
[29авг.2026 23:09:40.399] [Server thread/INFO] [dev.ryanhcode.sable.Sable/]: Saving sub-levels for level 'ServerLevel[Новый мир]'/minecraft:the_nether
[29авг.2026 23:09:40.425] [Server thread/INFO] [Chunk Activity Tracker/]: Saving data for 84 chunks for dimension 'overworld' took 0 milliseconds
[29авг.2026 23:09:45.243] [Render thread/INFO] [com.sablexaeromaps.SableXaeroMaps/]: sub-level 7c339acf raster: image 2x4 at rel(-1,-2) (chunks=1, plotSamples=9, contraptions=0, contraptionSamples=0) [trigger: plot bounds changed [20481032,128,20487174..20481033,128,20487177] -> [20481032,127,20487174..20481033,128,20487177]]
[29авг.2026 23:09:47.221] [Render thread/INFO] [com.sablexaeromaps.SableXaeroMaps/]: sub-level 7c339acf raster: image 2x4 at rel(-1,-2) (chunks=1, plotSamples=16, contraptions=0, contraptionSamples=0) [trigger: interval]
[29авг.2026 23:09:47.596] [Render thread/INFO] [com.sablexaeromaps.SableXaeroMaps/]: sub-level 7c339acf raster: image 3x5 at rel(-2,-2) (chunks=1, plotSamples=17, contraptions=0, contraptionSamples=0) [trigger: plot bounds changed [20481032,127,20487174..20481033,128,20487177] -> [20481032,127,20487173..20481033,128,20487177]]
[29авг.2026 23:09:48.298] [Render thread/INFO] [com.sablexaeromaps.SableXaeroMaps/]: sub-level 7c339acf raster: image 3x6 at rel(-1,-3) (chunks=1, plotSamples=19, contraptions=0, contraptionSamples=0) [trigger: plot bounds changed [20481032,127,20487173..20481033,128,20487177] -> [20481032,127,20487173..20481034,128,20487177]]
[29авг.2026 23:09:50.275] [Render thread/INFO] [com.sablexaeromaps.SableXaeroMaps/]: sub-level 7c339acf raster: image 4x6 at rel(-2,-3) (chunks=1, plotSamples=22, contraptions=0, contraptionSamples=0) [trigger: interval]
[29авг.2026 23:09:51.594] [Render thread/INFO] [com.sablexaeromaps.SableXaeroMaps/]: sub-level 7c339acf raster: image 5x6 at rel(-3,-3) (chunks=1, plotSamples=23, contraptions=0, contraptionSamples=0) [trigger: plot bounds changed [20481032,127,20487173..20481034,128,20487177] -> [20481031,127,20487173..20481034,128,20487177]]
[29авг.2026 23:09:52.894] [Render thread/INFO] [com.sablexaeromaps.SableXaeroMaps/]: sub-level 7c339acf raster: image 4x6 at rel(-2,-3) (chunks=1, plotSamples=27, contraptions=0, contraptionSamples=0) [trigger: plot bounds changed [20481031,127,20487173..20481034,128,20487177] -> [20481031,127,20487173..20481034,128,20487178]]
[29авг.2026 23:09:55.622] [Render thread/INFO] [com.sablexaeromaps.SableXaeroMaps/]: sub-level 7c339acf raster: image 4x6 at rel(-2,-3) (chunks=1, plotSamples=28, contraptions=0, contraptionSamples=0) [trigger: sky brightness changed]
[29авг.2026 23:09:57.141] [Render thread/INFO] [com.sablexaeromaps.SableXaeroMaps/]: sub-level 7c339acf raster: image 4x6 at rel(-2,-3) (chunks=1, plotSamples=29, contraptions=0, contraptionSamples=0) [trigger: plot bounds changed [20481031,127,20487173..20481034,128,20487178] -> [20481031,126,20487173..20481034,128,20487178]]
[29авг.2026 23:09:59.125] [Render thread/INFO] [com.sablexaeromaps.SableXaeroMaps/]: sub-level 7c339acf raster: image 5x6 at rel(-2,-3) (chunks=1, plotSamples=34, contraptions=0, contraptionSamples=0) [trigger: interval]
[29авг.2026 23:10:01.125] [Render thread/INFO] [com.sablexaeromaps.SableXaeroMaps/]: sub-level 7c339acf raster: image 4x6 at rel(-2,-3) (chunks=1, plotSamples=38, contraptions=0, contraptionSamples=0) [trigger: interval]
[29авг.2026 23:10:03.122] [Render thread/INFO] [com.sablexaeromaps.SableXaeroMaps/]: sub-level 7c339acf raster: image 4x6 at rel(-2,-3) (chunks=1, plotSamples=40, contraptions=0, contraptionSamples=0) [trigger: interval]
[29авг.2026 23:10:06.924] [Render thread/INFO] [com.sablexaeromaps.SableXaeroMaps/]: sub-level 7c339acf raster: image 4x6 at rel(-2,-3) (chunks=1, plotSamples=39, contraptions=0, contraptionSamples=0) [trigger: interval]
[29авг.2026 23:10:07.529] [Render thread/INFO] [com.sablexaeromaps.SableXaeroMaps/]: sub-level 7c339acf raster: image 4x6 at rel(-2,-3) (chunks=1, plotSamples=38, contraptions=0, contraptionSamples=0) [trigger: orientation changed]
[29авг.2026 23:10:18.630] [Render thread/INFO] [com.sablexaeromaps.SableXaeroMaps/]: sub-level 7c339acf raster: image 5x7 at rel(-2,-4) (chunks=1, plotSamples=39, contraptions=0, contraptionSamples=0) [trigger: orientation changed]
[29авг.2026 23:10:20.616] [Render thread/INFO] [com.sablexaeromaps.SableXaeroMaps/]: sub-level 7c339acf raster: image 5x7 at rel(-2,-4) (chunks=1, plotSamples=40, contraptions=0, contraptionSamples=0) [trigger: orientation changed]
[29авг.2026 23:10:22.575] [Render thread/INFO] [com.sablexaeromaps.SableXaeroMaps/]: sub-level 7c339acf raster: image 5x7 at rel(-2,-4) (chunks=1, plotSamples=41, contraptions=0, contraptionSamples=0) [trigger: interval]
[29авг.2026 23:10:23.338] [Render thread/INFO] [com.sablexaeromaps.SableXaeroMaps/]: sub-level 7c339acf raster: image 6x7 at rel(-3,-4) (chunks=1, plotSamples=42, contraptions=0, contraptionSamples=0) [trigger: orientation changed]
[29авг.2026 23:10:24.174] [Render thread/INFO] [com.sablexaeromaps.SableXaeroMaps/]: sub-level 7c339acf raster: image 6x7 at rel(-3,-4) (chunks=1, plotSamples=41, contraptions=0, contraptionSamples=0) [trigger: orientation changed]
[29авг.2026 23:10:24.516] [Render thread/INFO] [com.sablexaeromaps.SableXaeroMaps/]: sub-level 7c339acf raster: image 6x7 at rel(-3,-4) (chunks=1, plotSamples=40, contraptions=0, contraptionSamples=0) [trigger: orientation changed]
[29авг.2026 23:10:24.706] [Render thread/INFO] [com.sablexaeromaps.SableXaeroMaps/]: sub-level 7c339acf raster: image 6x7 at rel(-3,-4) (chunks=1, plotSamples=39, contraptions=0, contraptionSamples=0) [trigger: orientation changed]
[29авг.2026 23:10:24.877] [Render thread/INFO] [com.sablexaeromaps.SableXaeroMaps/]: sub-level 7c339acf raster: image 6x7 at rel(-3,-4) (chunks=1, plotSamples=38, contraptions=0, contraptionSamples=0) [trigger: orientation changed]
[29авг.2026 23:10:25.059] [Render thread/INFO] [com.sablexaeromaps.SableXaeroMaps/]: sub-level 7c339acf raster: image 6x7 at rel(-3,-4) (chunks=1, plotSamples=37, contraptions=0, contraptionSamples=0) [trigger: orientation changed]
[29авг.2026 23:10:25.313] [Render thread/INFO] [com.sablexaeromaps.SableXaeroMaps/]: sub-level 7c339acf raster: image 5x7 at rel(-2,-4) (chunks=1, plotSamples=36, contraptions=0, contraptionSamples=0) [trigger: orientation changed]
[29авг.2026 23:10:25.584] [Render thread/INFO] [com.sablexaeromaps.SableXaeroMaps/]: sub-level 7c339acf raster: image 5x7 at rel(-2,-4) (chunks=1, plotSamples=35, contraptions=0, contraptionSamples=0) [trigger: orientation changed]
[29авг.2026 23:10:25.742] [Render thread/INFO] [com.sablexaeromaps.SableXaeroMaps/]: sub-level 7c339acf raster: image 5x6 at rel(-2,-3) (chunks=1, plotSamples=34, contraptions=0, contraptionSamples=0) [trigger: plot bounds changed [20481031,126,20487173..20481034,128,20487178] -> [20481031,126,20487173..20481034,127,20487178]]
[29авг.2026 23:10:33.229] [Render thread/INFO] [com.sablexaeromaps.SableXaeroMaps/]: sub-level 7c339acf raster: image 5x6 at rel(-2,-3) (chunks=1, plotSamples=35, contraptions=0, contraptionSamples=0) [trigger: interval]
[29авг.2026 23:10:33.854] [Render thread/INFO] [com.sablexaeromaps.SableXaeroMaps/]: sub-level 7c339acf raster: image 4x6 at rel(-2,-3) (chunks=1, plotSamples=36, contraptions=0, contraptionSamples=0) [trigger: orientation changed]
[29авг.2026 23:10:34.996] [Render thread/INFO] [com.sablexaeromaps.SableXaeroMaps/]: sub-level 7c339acf raster: image 5x6 at rel(-2,-3) (chunks=1, plotSamples=34, contraptions=0, contraptionSamples=0) [trigger: orientation changed]
[29авг.2026 23:10:35.726] [Render thread/INFO] [com.sablexaeromaps.SableXaeroMaps/]: sub-level 7c339acf raster: image 4x6 at rel(-2,-3) (chunks=1, plotSamples=32, contraptions=0, contraptionSamples=0) [trigger: orientation changed]
[29авг.2026 23:10:42.121] [Render thread/INFO] [com.sablexaeromaps.SableXaeroMaps/]: sub-level 7c339acf raster: image 5x6 at rel(-2,-3) (chunks=1, plotSamples=34, contraptions=0, contraptionSamples=0) [trigger: interval]
[29авг.2026 23:10:44.123] [Render thread/INFO] [com.sablexaeromaps.SableXaeroMaps/]: sub-level 7c339acf raster: image 5x6 at rel(-2,-3) (chunks=1, plotSamples=36, contraptions=0, contraptionSamples=0) [trigger: interval]
[29авг.2026 23:10:45.620] [Render thread/INFO] [AllTheLeaks/]: Listing events...
[29авг.2026 23:10:45.620] [Render thread/INFO] [AllTheLeaks/]: World join: 1
[29авг.2026 23:10:45.620] [Render thread/INFO] [AllTheLeaks/]:   Singleplayer: 1
[29авг.2026 23:10:45.620] [Render thread/INFO] [AllTheLeaks/]:   Multiplayer: 0
[29авг.2026 23:10:45.620] [Render thread/INFO] [AllTheLeaks/]: Client Level Updates: 2
[29авг.2026 23:10:45.620] [Render thread/INFO] [AllTheLeaks/]: Client Player Logout: 1
[29авг.2026 23:10:45.620] [Render thread/INFO] [AllTheLeaks/]: Listing memory leaks so far...
[29авг.2026 23:10:45.623] [Render thread/INFO] [AllTheLeaks/]: B: 2028MB / C: 2028MB / Diff: +0MB
[29авг.2026 23:10:45.623] [Render thread/INFO] [AllTheLeaks/]: No memory leak detected!
[29авг.2026 23:10:45.794] [Render thread/INFO] [com.sablexaeromaps.SableXaeroMaps/]: sub-level 7c339acf raster: image 5x7 at rel(-2,-3) (chunks=1, plotSamples=37, contraptions=0, contraptionSamples=0) [trigger: plot bounds changed [20481031,126,20487173..20481034,127,20487178] -> [20481031,126,20487172..20481034,127,20487178]]
[29авг.2026 23:10:47.773] [Render thread/INFO] [com.sablexaeromaps.SableXaeroMaps/]: sub-level 7c339acf raster: image 5x8 at rel(-2,-4) (chunks=1, plotSamples=38, contraptions=0, contraptionSamples=0) [trigger: interval]
[29авг.2026 23:10:52.323] [Render thread/INFO] [com.sablexaeromaps.SableXaeroMaps/]: sub-level 7c339acf raster: image 6x8 at rel(-3,-4) (chunks=1, plotSamples=40, contraptions=0, contraptionSamples=0) [trigger: interval]
[29авг.2026 23:10:57.991] [Render thread/INFO] [com.sablexaeromaps.SableXaeroMaps/]: sub-level 7c339acf raster: image 6x9 at rel(-3,-4) (chunks=1, plotSamples=41, contraptions=0, contraptionSamples=0) [trigger: plot bounds changed [20481031,126,20487172..20481034,127,20487178] -> [20481031,126,20487171..20481034,127,20487178]]
[29авг.2026 23:10:59.975] [Render thread/INFO] [com.sablexaeromaps.SableXaeroMaps/]: sub-level 7c339acf raster: image 6x9 at rel(-3,-4) (chunks=1, plotSamples=43, contraptions=0, contraptionSamples=0) [trigger: interval]
[29авг.2026 23:11:01.972] [Render thread/INFO] [com.sablexaeromaps.SableXaeroMaps/]: sub-level 7c339acf raster: image 6x9 at rel(-3,-4) (chunks=1, plotSamples=44, contraptions=0, contraptionSamples=0) [trigger: interval]
[29авг.2026 23:11:05.493] [Render thread/INFO] [com.sablexaeromaps.SableXaeroMaps/]: sub-level 7c339acf raster: image 6x10 at rel(-3,-5) (chunks=1, plotSamples=45, contraptions=0, contraptionSamples=0) [trigger: plot bounds changed [20481031,126,20487171..20481034,127,20487178] -> [20481031,126,20487171..20481034,127,20487179]]
[29авг.2026 23:11:07.471] [Render thread/INFO] [com.sablexaeromaps.SableXaeroMaps/]: sub-level 7c339acf raster: image 6x10 at rel(-3,-5) (chunks=1, plotSamples=48, contraptions=0, contraptionSamples=0) [trigger: interval]
[29авг.2026 23:11:11.472] [Render thread/INFO] [com.sablexaeromaps.SableXaeroMaps/]: sub-level 7c339acf raster: image 6x10 at rel(-3,-5) (chunks=1, plotSamples=50, contraptions=0, contraptionSamples=0) [trigger: interval]
[29авг.2026 23:11:15.941] [Render thread/INFO] [com.sablexaeromaps.SableXaeroMaps/]: sub-level 7c339acf raster: image 6x10 at rel(-3,-5) (chunks=1, plotSamples=51, contraptions=0, contraptionSamples=0) [trigger: plot bounds changed [20481031,126,20487171..20481034,127,20487179] -> [20481030,126,20487171..20481034,127,20487179]]
[29авг.2026 23:11:17.925] [Render thread/INFO] [com.sablexaeromaps.SableXaeroMaps/]: sub-level 7c339acf raster: image 6x10 at rel(-3,-5) (chunks=1, plotSamples=52, contraptions=0, contraptionSamples=0) [trigger: interval]
[29авг.2026 23:11:19.922] [Render thread/INFO] [com.sablexaeromaps.SableXaeroMaps/]: sub-level 7c339acf raster: image 6x10 at rel(-3,-5) (chunks=1, plotSamples=54, contraptions=0, contraptionSamples=0) [trigger: interval]
[29авг.2026 23:11:24.444] [Render thread/INFO] [com.sablexaeromaps.SableXaeroMaps/]: sub-level 7c339acf raster: image 6x10 at rel(-3,-5) (chunks=1, plotSamples=55, contraptions=0, contraptionSamples=0) [trigger: plot bounds changed [20481030,126,20487171..20481034,127,20487179] -> [20481030,126,20487171..20481035,127,20487179]]
[29авг.2026 23:11:26.424] [Render thread/INFO] [com.sablexaeromaps.SableXaeroMaps/]: sub-level 7c339acf raster: image 7x10 at rel(-3,-5) (chunks=1, plotSamples=58, contraptions=0, contraptionSamples=0) [trigger: interval]
[29авг.2026 23:11:30.421] [Render thread/INFO] [com.sablexaeromaps.SableXaeroMaps/]: sub-level 7c339acf raster: image 6x10 at rel(-3,-5) (chunks=1, plotSamples=60, contraptions=0, contraptionSamples=0) [trigger: interval]
[29авг.2026 23:11:32.423] [Render thread/INFO] [com.sablexaeromaps.SableXaeroMaps/]: sub-level 7c339acf raster: image 7x10 at rel(-3,-5) (chunks=1, plotSamples=61, contraptions=0, contraptionSamples=0) [trigger: interval]
[29авг.2026 23:11:34.422] [Render thread/INFO] [com.sablexaeromaps.SableXaeroMaps/]: sub-level 7c339acf raster: image 7x10 at rel(-3,-5) (chunks=1, plotSamples=62, contraptions=0, contraptionSamples=0) [trigger: interval]
[29авг.2026 23:12:23.931] [Server thread/INFO] [net.minecraft.client.server.IntegratedServer/]: Saving and pausing game...
[29авг.2026 23:12:23.983] [Server thread/INFO] [net.minecraft.server.MinecraftServer/]: Saving chunks for level 'ServerLevel[Новый мир]'/minecraft:overworld
[29авг.2026 23:12:23.983] [Server thread/INFO] [dev.ryanhcode.sable.Sable/]: Saving sub-levels for level 'ServerLevel[Новый мир]'/minecraft:overworld
[29авг.2026 23:12:23.996] [Server thread/INFO] [net.minecraft.server.MinecraftServer/]: Saving chunks for level 'ServerLevel[Новый мир]'/dimensional_for_respawn:spawnworld
[29авг.2026 23:12:23.996] [Server thread/INFO] [dev.ryanhcode.sable.Sable/]: Saving sub-levels for level 'ServerLevel[Новый мир]'/dimensional_for_respawn:spawnworld
[29авг.2026 23:12:23.996] [Server thread/INFO] [net.minecraft.server.MinecraftServer/]: Saving chunks for level 'ServerLevel[Новый мир]'/minecraft:the_end
[29авг.2026 23:12:23.998] [Server thread/INFO] [dev.ryanhcode.sable.Sable/]: Saving sub-levels for level 'ServerLevel[Новый мир]'/minecraft:the_end
[29авг.2026 23:12:23.998] [Server thread/INFO] [net.minecraft.server.MinecraftServer/]: Saving chunks for level 'ServerLevel[Новый мир]'/minecraft:the_nether
[29авг.2026 23:12:23.998] [Server thread/INFO] [dev.ryanhcode.sable.Sable/]: Saving sub-levels for level 'ServerLevel[Новый мир]'/minecraft:the_nether
[29авг.2026 23:12:24.008] [Server thread/INFO] [Chunk Activity Tracker/]: Saving data for 84 chunks for dimension 'overworld' took 1 milliseconds
[29авг.2026 23:15:02.129] [Server thread/INFO] [dev.ryanhcode.sable.Sable/]: Saving sub-levels for level 'ServerLevel[Новый мир]'/minecraft:overworld
[29авг.2026 23:15:02.140] [Server thread/INFO] [dev.ryanhcode.sable.Sable/]: Saving sub-levels for level 'ServerLevel[Новый мир]'/dimensional_for_respawn:spawnworld
[29авг.2026 23:15:02.140] [Server thread/INFO] [dev.ryanhcode.sable.Sable/]: Saving sub-levels for level 'ServerLevel[Новый мир]'/minecraft:the_end
[29авг.2026 23:15:02.140] [Server thread/INFO] [dev.ryanhcode.sable.Sable/]: Saving sub-levels for level 'ServerLevel[Новый мир]'/minecraft:the_nether
[29авг.2026 23:15:02.149] [Server thread/INFO] [Chunk Activity Tracker/]: Saving data for 84 chunks for dimension 'overworld' took 1 milliseconds
[29авг.2026 23:16:25.927] [Render thread/INFO] [com.sablexaeromaps.SableXaeroMaps/]: sub-level 7c339acf raster: image 7x9 at rel(-3,-4) (chunks=1, plotSamples=61, contraptions=0, contraptionSamples=0) [trigger: interval]
[29авг.2026 23:16:27.927] [Render thread/INFO] [com.sablexaeromaps.SableXaeroMaps/]: sub-level 7c339acf raster: image 7x10 at rel(-3,-5) (chunks=1, plotSamples=60, contraptions=0, contraptionSamples=0) [trigger: interval]
[29авг.2026 23:16:32.725] [Render thread/INFO] [com.sablexaeromaps.SableXaeroMaps/]: sub-level 7c339acf raster: image 7x10 at rel(-3,-5) (chunks=1, plotSamples=62, contraptions=0, contraptionSamples=0) [trigger: interval]
[29авг.2026 23:16:55.624] [Render thread/INFO] [com.sablexaeromaps.SableXaeroMaps/]: sub-level 7c339acf raster: image 7x9 at rel(-3,-4) (chunks=1, plotSamples=63, contraptions=0, contraptionSamples=0) [trigger: interval]
[29авг.2026 23:16:57.627] [Render thread/INFO] [com.sablexaeromaps.SableXaeroMaps/]: sub-level 7c339acf raster: image 8x9 at rel(-4,-4) (chunks=1, plotSamples=66, contraptions=0, contraptionSamples=0) [trigger: interval]
[29авг.2026 23:17:09.375] [Render thread/INFO] [com.sablexaeromaps.SableXaeroMaps/]: sub-level 7c339acf raster: image 7x9 at rel(-3,-4) (chunks=1, plotSamples=64, contraptions=0, contraptionSamples=0) [trigger: interval]
[29авг.2026 23:17:56.977] [Render thread/INFO] [com.sablexaeromaps.SableXaeroMaps/]: sub-level 7c339acf raster: image 8x9 at rel(-4,-4) (chunks=1, plotSamples=63, contraptions=0, contraptionSamples=0) [trigger: interval]
[29авг.2026 23:17:58.979] [Render thread/INFO] [com.sablexaeromaps.SableXaeroMaps/]: sub-level 7c339acf raster: image 8x10 at rel(-4,-5) (chunks=1, plotSamples=65, contraptions=0, contraptionSamples=0) [trigger: interval]
[29авг.2026 23:17:58.992] [Render thread/INFO] [com.sablexaeromaps.SableXaeroMaps/]: sub-level 7c339acf raster: image 8x10 at rel(-4,-5) (chunks=1, plotSamples=66, contraptions=0, contraptionSamples=0) [trigger: plot bounds changed [20481030,126,20487171..20481035,128,20487179] -> [20481030,125,20487171..20481035,128,20487179]]
[29авг.2026 23:17:59.441] [Render thread/INFO] [com.sablexaeromaps.SableXaeroMaps/]: sub-level 7c339acf raster: image 7x10 at rel(-3,-5) (chunks=1, plotSamples=65, contraptions=0, contraptionSamples=0) [trigger: plot bounds changed [20481030,125,20487171..20481035,128,20487179] -> [20481030,126,20487171..20481035,128,20487179]]
[29авг.2026 23:17:59.647] [Render thread/INFO] [com.sablexaeromaps.SableXaeroMaps/]: sub-level 7c339acf raster: image 8x10 at rel(-4,-5) (chunks=1, plotSamples=66, contraptions=0, contraptionSamples=0) [trigger: plot bounds changed [20481030,126,20487171..20481035,128,20487179] -> [20481030,125,20487171..20481035,128,20487179]]
[29авг.2026 23:18:04.840] [Render thread/INFO] [com.sablexaeromaps.SableXaeroMaps/]: sub-level 7c339acf raster: image 7x10 at rel(-3,-5) (chunks=1, plotSamples=65, contraptions=0, contraptionSamples=0) [trigger: plot bounds changed [20481030,125,20487171..20481035,128,20487179] -> [20481030,126,20487171..20481035,128,20487179]]
[29авг.2026 23:18:06.827] [Render thread/INFO] [com.sablexaeromaps.SableXaeroMaps/]: sub-level 7c339acf raster: image 7x9 at rel(-3,-4) (chunks=1, plotSamples=64, contraptions=0, contraptionSamples=0) [trigger: interval]
[29авг.2026 23:18:08.825] [Render thread/INFO] [com.sablexaeromaps.SableXaeroMaps/]: sub-level 7c339acf raster: image 7x10 at rel(-3,-5) (chunks=1, plotSamples=65, contraptions=0, contraptionSamples=0) [trigger: interval]
[29авг.2026 23:18:12.827] [Render thread/INFO] [com.sablexaeromaps.SableXaeroMaps/]: sub-level 7c339acf raster: image 7x10 at rel(-3,-5) (chunks=1, plotSamples=66, contraptions=0, contraptionSamples=0) [trigger: interval]
[29авг.2026 23:18:14.825] [Render thread/INFO] [com.sablexaeromaps.SableXaeroMaps/]: sub-level 7c339acf raster: image 7x10 at rel(-3,-5) (chunks=1, plotSamples=65, contraptions=0, contraptionSamples=0) [trigger: interval]
[29авг.2026 23:18:18.825] [Render thread/INFO] [com.sablexaeromaps.SableXaeroMaps/]: sub-level 7c339acf raster: image 7x10 at rel(-3,-5) (chunks=1, plotSamples=66, contraptions=0, contraptionSamples=0) [trigger: interval]
[29авг.2026 23:18:20.828] [Render thread/INFO] [com.sablexaeromaps.SableXaeroMaps/]: sub-level 7c339acf raster: image 7x9 at rel(-3,-4) (chunks=1, plotSamples=64, contraptions=0, contraptionSamples=0) [trigger: interval]
[29авг.2026 23:18:35.724] [Render thread/INFO] [com.sablexaeromaps.SableXaeroMaps/]: sub-level 7c339acf raster: image 9x6 at rel(-5,-3) (chunks=1, plotSamples=65, contraptions=0, contraptionSamples=0) [trigger: interval]
[29авг.2026 23:18:37.723] [Render thread/INFO] [com.sablexaeromaps.SableXaeroMaps/]: sub-level 7c339acf raster: image 9x6 at rel(-5,-3) (chunks=1, plotSamples=64, contraptions=0, contraptionSamples=0) [trigger: interval]
[29авг.2026 23:18:55.304] [Server thread/INFO] [aeroclaims/UnregisteredShipsManager/]: New unregistered ship detected: id=a4c3d4e3-7202-4825-b7cf-d2c27d36bb37 name=ship
[29авг.2026 23:18:55.348] [Render thread/INFO] [com.sablexaeromaps.SableXaeroMaps/]: [minimap] sub-level a4c3d4e3: culled: ~1.0px on screen (min 1.5px)
[29авг.2026 23:18:59.695] [Render thread/INFO] [com.sablexaeromaps.SableXaeroMaps/]: sub-level a4c3d4e3 raster: image 3x2 at rel(-2,-1) (chunks=1, plotSamples=2, contraptions=0, contraptionSamples=0) [trigger: first raster]
[29авг.2026 23:18:59.695] [Render thread/INFO] [com.sablexaeromaps.SableXaeroMaps/]: [minimap] sub-level a4c3d4e3: drawn
[29авг.2026 23:19:00.248] [Render thread/INFO] [com.sablexaeromaps.SableXaeroMaps/]: sub-level a4c3d4e3 raster: image 3x2 at rel(-2,-1) (chunks=1, plotSamples=3, contraptions=0, contraptionSamples=0) [trigger: plot bounds changed [20481031,127,20483080..20481032,127,20483080] -> [20481030,127,20483080..20481032,127,20483080]]
[29авг.2026 23:19:00.440] [Render thread/INFO] [com.sablexaeromaps.SableXaeroMaps/]: sub-level a4c3d4e3 raster: image 5x2 at rel(-3,-1) (chunks=1, plotSamples=4, contraptions=0, contraptionSamples=0) [trigger: plot bounds changed [20481030,127,20483080..20481032,127,20483080] -> [20481029,127,20483080..20481032,127,20483080]]
[29авг.2026 23:19:03.995] [Render thread/INFO] [com.sablexaeromaps.SableXaeroMaps/]: sub-level a4c3d4e3 raster: image 4x3 at rel(-2,-1) (chunks=1, plotSamples=5, contraptions=0, contraptionSamples=0) [trigger: plot bounds changed [20481029,127,20483080..20481032,127,20483080] -> [20481029,127,20483080..20481032,127,20483081]]
[29авг.2026 23:19:04.944] [Render thread/INFO] [com.sablexaeromaps.SableXaeroMaps/]: sub-level a4c3d4e3 raster: image 4x3 at rel(-2,-2) (chunks=1, plotSamples=6, contraptions=0, contraptionSamples=0) [trigger: plot bounds changed [20481029,127,20483080..20481032,127,20483081] -> [20481029,127,20483079..20481032,127,20483081]]
[29авг.2026 23:19:06.434] [Render thread/INFO] [com.sablexaeromaps.SableXaeroMaps/]: sub-level a4c3d4e3 raster: image 5x4 at rel(-2,-2) (chunks=1, plotSamples=7, contraptions=0, contraptionSamples=0) [trigger: plot bounds changed [20481029,127,20483079..20481032,127,20483081] -> [20481029,127,20483079..20481033,127,20483081]]
[29авг.2026 23:19:06.542] [Render thread/INFO] [com.sablexaeromaps.SableXaeroMaps/]: sub-level a4c3d4e3 raster: image 6x4 at rel(-2,-2) (chunks=1, plotSamples=8, contraptions=0, contraptionSamples=0) [trigger: plot bounds changed [20481029,127,20483079..20481033,127,20483081] -> [20481029,127,20483079..20481034,127,20483081]]
[29авг.2026 23:19:06.797] [Render thread/INFO] [com.sablexaeromaps.SableXaeroMaps/]: sub-level a4c3d4e3 raster: image 7x4 at rel(-3,-2) (chunks=1, plotSamples=9, contraptions=0, contraptionSamples=0) [trigger: plot bounds changed [20481029,127,20483079..20481034,127,20483081] -> [20481029,127,20483079..20481035,127,20483081]]
[29авг.2026 23:19:08.777] [Render thread/INFO] [com.sablexaeromaps.SableXaeroMaps/]: sub-level a4c3d4e3 raster: image 8x4 at rel(-4,-2) (chunks=1, plotSamples=11, contraptions=0, contraptionSamples=0) [trigger: interval]
[29авг.2026 23:19:11.295] [Render thread/INFO] [com.sablexaeromaps.SableXaeroMaps/]: sub-level a4c3d4e3 raster: image 8x4 at rel(-4,-2) (chunks=1, plotSamples=13, contraptions=0, contraptionSamples=0) [trigger: plot bounds changed [20481029,127,20483079..20481035,127,20483081] -> [20481029,127,20483078..20481035,127,20483081]]
[29авг.2026 23:19:11.642] [Render thread/INFO] [com.sablexaeromaps.SableXaeroMaps/]: sub-level a4c3d4e3 raster: image 8x5 at rel(-4,-3) (chunks=1, plotSamples=14, contraptions=0, contraptionSamples=0) [trigger: plot bounds changed [20481029,127,20483078..20481035,127,20483081] -> [20481029,127,20483077..20481035,127,20483081]]
[29авг.2026 23:19:15.993] [Render thread/INFO] [com.sablexaeromaps.SableXaeroMaps/]: sub-level a4c3d4e3 raster: image 8x6 at rel(-4,-3) (chunks=1, plotSamples=16, contraptions=0, contraptionSamples=0) [trigger: plot bounds changed [20481029,127,20483077..20481035,127,20483081] -> [20481029,127,20483077..20481035,127,20483082]]
[29авг.2026 23:19:16.245] [Render thread/INFO] [com.sablexaeromaps.SableXaeroMaps/]: sub-level a4c3d4e3 raster: image 8x6 at rel(-4,-3) (chunks=1, plotSamples=17, contraptions=0, contraptionSamples=0) [trigger: plot bounds changed [20481029,127,20483077..20481035,127,20483082] -> [20481029,127,20483077..20481035,128,20483082]]
[29авг.2026 23:19:16.597] [Render thread/INFO] [com.sablexaeromaps.SableXaeroMaps/]: sub-level a4c3d4e3 raster: image 8x7 at rel(-4,-3) (chunks=1, plotSamples=18, contraptions=0, contraptionSamples=0) [trigger: plot bounds changed [20481029,127,20483077..20481035,128,20483082] -> [20481029,127,20483077..20481035,128,20483083]]
[29авг.2026 23:19:16.792] [Render thread/INFO] [com.sablexaeromaps.SableXaeroMaps/]: sub-level a4c3d4e3 raster: image 8x7 at rel(-4,-4) (chunks=1, plotSamples=17, contraptions=0, contraptionSamples=0) [trigger: plot bounds changed [20481029,127,20483077..20481035,128,20483083] -> [20481029,127,20483077..20481035,127,20483083]]
[29авг.2026 23:19:18.775] [Render thread/INFO] [com.sablexaeromaps.SableXaeroMaps/]: sub-level a4c3d4e3 raster: image 8x7 at rel(-4,-4) (chunks=1, plotSamples=19, contraptions=0, contraptionSamples=0) [trigger: interval]
[29авг.2026 23:19:18.941] [Render thread/INFO] [com.sablexaeromaps.SableXaeroMaps/]: sub-level a4c3d4e3 raster: image 8x8 at rel(-4,-4) (chunks=1, plotSamples=20, contraptions=0, contraptionSamples=0) [trigger: plot bounds changed [20481029,127,20483077..20481035,127,20483083] -> [20481029,127,20483077..20481035,127,20483084]]
[29авг.2026 23:19:20.928] [Render thread/INFO] [com.sablexaeromaps.SableXaeroMaps/]: sub-level a4c3d4e3 raster: image 8x8 at rel(-4,-4) (chunks=1, plotSamples=22, contraptions=0, contraptionSamples=0) [trigger: interval]
[29авг.2026 23:19:21.143] [Render thread/INFO] [com.sablexaeromaps.SableXaeroMaps/]: sub-level a4c3d4e3 raster: image 8x9 at rel(-4,-5) (chunks=1, plotSamples=23, contraptions=0, contraptionSamples=0) [trigger: plot bounds changed [20481029,127,20483077..20481035,127,20483084] -> [20481029,127,20483076..20481035,127,20483084]]
[29авг.2026 23:19:21.394] [Render thread/INFO] [com.sablexaeromaps.SableXaeroMaps/]: sub-level a4c3d4e3 raster: image 8x10 at rel(-4,-6) (chunks=1, plotSamples=24, contraptions=0, contraptionSamples=0) [trigger: plot bounds changed [20481029,127,20483076..20481035,127,20483084] -> [20481029,127,20483075..20481035,127,20483084]]
[29авг.2026 23:19:21.642] [Render thread/INFO] [com.sablexaeromaps.SableXaeroMaps/]: sub-level a4c3d4e3 raster: image 8x11 at rel(-4,-6) (chunks=1, plotSamples=25, contraptions=0, contraptionSamples=0) [trigger: plot bounds changed [20481029,127,20483075..20481035,127,20483084] -> [20481029,127,20483074..20481035,127,20483084]]
[29авг.2026 23:19:22.495] [Render thread/INFO] [com.sablexaeromaps.SableXaeroMaps/]: sub-level a4c3d4e3 raster: image 8x11 at rel(-4,-6) (chunks=1, plotSamples=26, contraptions=0, contraptionSamples=0) [trigger: plot bounds changed [20481029,127,20483074..20481035,127,20483084] -> [20481029,127,20483074..20481035,128,20483084]]
[29авг.2026 23:19:22.945] [Render thread/INFO] [com.sablexaeromaps.SableXaeroMaps/]: sub-level a4c3d4e3 raster: image 8x11 at rel(-4,-6) (chunks=1, plotSamples=25, contraptions=0, contraptionSamples=0) [trigger: plot bounds changed [20481029,127,20483074..20481035,128,20483084] -> [20481029,127,20483074..20481035,127,20483084]]
[29авг.2026 23:19:24.927] [Render thread/INFO] [com.sablexaeromaps.SableXaeroMaps/]: sub-level a4c3d4e3 raster: image 8x11 at rel(-4,-6) (chunks=1, plotSamples=27, contraptions=0, contraptionSamples=0) [trigger: interval]
[29авг.2026 23:19:26.929] [Render thread/INFO] [com.sablexaeromaps.SableXaeroMaps/]: sub-level a4c3d4e3 raster: image 7x11 at rel(-4,-6) (chunks=1, plotSamples=29, contraptions=0, contraptionSamples=0) [trigger: interval]
[29авг.2026 23:19:27.847] [Render thread/INFO] [com.sablexaeromaps.SableXaeroMaps/]: sub-level a4c3d4e3 raster: image 7x12 at rel(-4,-7) (chunks=1 (+1 empty), plotSamples=30, contraptions=0, contraptionSamples=0) [trigger: plot bounds changed [20481029,127,20483074..20481035,127,20483084] -> [20481029,127,20483073..20481035,127,20483084]]
[29авг.2026 23:19:29.825] [Render thread/INFO] [com.sablexaeromaps.SableXaeroMaps/]: sub-level a4c3d4e3 raster: image 8x13 at rel(-4,-7) (chunks=1 (+1 empty), plotSamples=32, contraptions=0, contraptionSamples=0) [trigger: interval]
[29авг.2026 23:19:42.377] [Render thread/INFO] [com.sablexaeromaps.SableXaeroMaps/]: sub-level a4c3d4e3 raster: image 7x12 at rel(-3,-6) (chunks=1 (+1 empty), plotSamples=33, contraptions=0, contraptionSamples=0) [trigger: interval]
[29авг.2026 23:19:42.845] [Render thread/INFO] [com.sablexaeromaps.SableXaeroMaps/]: sub-level a4c3d4e3 raster: image 8x12 at rel(-4,-6) (chunks=1 (+1 empty), plotSamples=34, contraptions=0, contraptionSamples=0) [trigger: plot bounds changed [20481029,127,20483073..20481035,127,20483084] -> [20481028,127,20483073..20481035,127,20483084]]
[29авг.2026 23:19:44.825] [Render thread/INFO] [com.sablexaeromaps.SableXaeroMaps/]: sub-level a4c3d4e3 raster: image 8x12 at rel(-4,-7) (chunks=1 (+1 empty), plotSamples=35, contraptions=0, contraptionSamples=0) [trigger: interval]
[29авг.2026 23:19:46.823] [Render thread/INFO] [com.sablexaeromaps.SableXaeroMaps/]: sub-level a4c3d4e3 raster: image 8x12 at rel(-4,-7) (chunks=1 (+1 empty), plotSamples=37, contraptions=0, contraptionSamples=0) [trigger: interval]
[29авг.2026 23:19:48.828] [Render thread/INFO] [com.sablexaeromaps.SableXaeroMaps/]: sub-level a4c3d4e3 raster: image 8x12 at rel(-4,-6) (chunks=1 (+1 empty), plotSamples=44, contraptions=0, contraptionSamples=0) [trigger: interval]
[29авг.2026 23:19:50.828] [Render thread/INFO] [com.sablexaeromaps.SableXaeroMaps/]: sub-level a4c3d4e3 raster: image 8x12 at rel(-4,-6) (chunks=1 (+1 empty), plotSamples=45, contraptions=0, contraptionSamples=0) [trigger: interval]
[29авг.2026 23:19:52.824] [Render thread/INFO] [com.sablexaeromaps.SableXaeroMaps/]: sub-level a4c3d4e3 raster: image 8x12 at rel(-4,-6) (chunks=1 (+1 empty), plotSamples=48, contraptions=0, contraptionSamples=0) [trigger: interval]
[29авг.2026 23:19:54.825] [Render thread/INFO] [com.sablexaeromaps.SableXaeroMaps/]: sub-level a4c3d4e3 raster: image 8x12 at rel(-4,-6) (chunks=1 (+1 empty), plotSamples=49, contraptions=0, contraptionSamples=0) [trigger: interval]
[29авг.2026 23:19:56.824] [Render thread/INFO] [com.sablexaeromaps.SableXaeroMaps/]: sub-level a4c3d4e3 raster: image 8x12 at rel(-4,-6) (chunks=1 (+1 empty), plotSamples=46, contraptions=0, contraptionSamples=0) [trigger: interval]
[29авг.2026 23:19:58.824] [Render thread/INFO] [com.sablexaeromaps.SableXaeroMaps/]: sub-level a4c3d4e3 raster: image 8x12 at rel(-4,-6) (chunks=1 (+1 empty), plotSamples=48, contraptions=0, contraptionSamples=0) [trigger: interval]
[29авг.2026 23:20:02.129] [Server thread/INFO] [dev.ryanhcode.sable.Sable/]: Saving sub-levels for level 'ServerLevel[Новый мир]'/minecraft:overworld
[29авг.2026 23:20:02.144] [Server thread/INFO] [dev.ryanhcode.sable.Sable/]: Saving sub-levels for level 'ServerLevel[Новый мир]'/dimensional_for_respawn:spawnworld
[29авг.2026 23:20:02.144] [Server thread/INFO] [dev.ryanhcode.sable.Sable/]: Saving sub-levels for level 'ServerLevel[Новый мир]'/minecraft:the_end
[29авг.2026 23:20:02.144] [Server thread/INFO] [dev.ryanhcode.sable.Sable/]: Saving sub-levels for level 'ServerLevel[Новый мир]'/minecraft:the_nether
[29авг.2026 23:20:02.153] [Server thread/INFO] [Chunk Activity Tracker/]: Saving data for 87 chunks for dimension 'overworld' took 1 milliseconds
[29авг.2026 23:20:04.825] [Render thread/INFO] [com.sablexaeromaps.SableXaeroMaps/]: sub-level a4c3d4e3 raster: image 8x12 at rel(-4,-6) (chunks=1 (+1 empty), plotSamples=50, contraptions=0, contraptionSamples=0) [trigger: interval]
[29авг.2026 23:20:06.836] [Render thread/INFO] [com.sablexaeromaps.SableXaeroMaps/]: sub-level a4c3d4e3 raster: image 8x12 at rel(-4,-6) (chunks=1 (+1 empty), plotSamples=52, contraptions=0, contraptionSamples=0) [trigger: interval]
[29авг.2026 23:20:07.542] [Render thread/INFO] [com.sablexaeromaps.SableXaeroMaps/]: sub-level a4c3d4e3 raster: image 8x13 at rel(-4,-7) (chunks=1 (+1 empty), plotSamples=53, contraptions=0, contraptionSamples=0) [trigger: plot bounds changed [20481028,127,20483073..20481035,127,20483084] -> [20481028,127,20483072..20481035,127,20483084]]
[29авг.2026 23:20:09.528] [Render thread/INFO] [com.sablexaeromaps.SableXaeroMaps/]: sub-level a4c3d4e3 raster: image 8x13 at rel(-4,-7) (chunks=1 (+1 empty), plotSamples=52, contraptions=0, contraptionSamples=0) [trigger: interval]
[29авг.2026 23:20:11.045] [Render thread/INFO] [com.sablexaeromaps.SableXaeroMaps/]: sub-level a4c3d4e3 raster: image 7x13 at rel(-3,-7) (chunks=1 (+1 empty), plotSamples=46, contraptions=0, contraptionSamples=0) [trigger: plot bounds changed [20481028,127,20483072..20481035,127,20483084] -> [20481029,127,20483072..20481035,127,20483084]]
[29авг.2026 23:20:13.025] [Render thread/INFO] [com.sablexaeromaps.SableXaeroMaps/]: sub-level a4c3d4e3 raster: image 7x13 at rel(-3,-7) (chunks=1 (+1 empty), plotSamples=42, contraptions=0, contraptionSamples=0) [trigger: interval]
[29авг.2026 23:20:13.681] [Server thread/INFO] [aeroclaims/UnregisteredShipsManager/]: New unregistered ship detected: id=a5593aee-5abf-4ff9-af38-d3006d1f3dff name=ship
[29авг.2026 23:20:13.696] [Render thread/INFO] [com.sablexaeromaps.SableXaeroMaps/]: [minimap] sub-level a5593aee: culled: ~1.0px on screen (min 1.5px)
[29авг.2026 23:20:15.023] [Render thread/INFO] [com.sablexaeromaps.SableXaeroMaps/]: sub-level a4c3d4e3 raster: image 7x13 at rel(-3,-7) (chunks=1 (+1 empty), plotSamples=38, contraptions=0, contraptionSamples=0) [trigger: interval]
[29авг.2026 23:20:20.281] [Server thread/INFO] [aeroclaims/UnregisteredShipsManager/]: New unregistered ship detected: id=459b3a19-89c1-4f1a-b0bc-f251dbe691d2 name=ship
[29авг.2026 23:20:20.297] [Render thread/INFO] [com.sablexaeromaps.SableXaeroMaps/]: sub-level a4c3d4e3 raster: image 7x6 at rel(-3,0) (chunks=1 (+1 empty), plotSamples=21, contraptions=0, contraptionSamples=0) [trigger: plot bounds changed [20481029,127,20483072..20481035,127,20483084] -> [20481029,127,20483079..20481035,127,20483084]]
[29авг.2026 23:20:20.297] [Render thread/INFO] [com.sablexaeromaps.SableXaeroMaps/]: sub-level 459b3a19 raster: image 6x6 at rel(-3,-3) (chunks=1, plotSamples=16, contraptions=0, contraptionSamples=0) [trigger: first raster]
[29авг.2026 23:20:20.297] [Render thread/INFO] [com.sablexaeromaps.SableXaeroMaps/]: [minimap] sub-level 459b3a19: drawn
[29авг.2026 23:20:40.103] [Render thread/INFO] [com.sablexaeromaps.SableXaeroMaps/]: sub-level a4c3d4e3 raster: image 7x7 at rel(-3,-3) (chunks=1 (+1 empty), plotSamples=22, contraptions=0, contraptionSamples=0) [trigger: plot bounds changed [20481029,127,20483079..20481035,127,20483084] -> [20481029,127,20483078..20481035,127,20483084]]
[29авг.2026 23:20:40.104] [Render thread/INFO] [com.sablexaeromaps.SableXaeroMaps/]: sub-level 459b3a19 raster: image 6x7 at rel(-3,-3) (chunks=1, plotSamples=17, contraptions=0, contraptionSamples=0) [trigger: plot bounds changed [20481029,128,20489223..20481033,128,20489228] -> [20481029,128,20489223..20481033,128,20489229]]
[29авг.2026 23:20:40.800] [Render thread/INFO] [com.sablexaeromaps.SableXaeroMaps/]: sub-level a4c3d4e3 raster: image 7x12 at rel(-3,-8) (chunks=1 (+1 empty), plotSamples=37, contraptions=0, contraptionSamples=0) [trigger: plot bounds changed [20481029,127,20483078..20481035,127,20483084] -> [20481029,127,20483073..20481035,127,20483084]]
[29авг.2026 23:20:40.800] [Render thread/INFO] [com.sablexaeromaps.SableXaeroMaps/]: sub-level 459b3a19 no longer in the level; dropping its map image
[29авг.2026 23:20:50.369] [Render thread/INFO] [AllTheLeaks/]: Listing events...
[29авг.2026 23:20:50.369] [Render thread/INFO] [AllTheLeaks/]: World join: 1
[29авг.2026 23:20:50.369] [Render thread/INFO] [AllTheLeaks/]:   Singleplayer: 1
[29авг.2026 23:20:50.369] [Render thread/INFO] [AllTheLeaks/]:   Multiplayer: 0
[29авг.2026 23:20:50.369] [Render thread/INFO] [AllTheLeaks/]: Client Level Updates: 2
[29авг.2026 23:20:50.369] [Render thread/INFO] [AllTheLeaks/]: Client Player Logout: 1
[29авг.2026 23:20:50.369] [Render thread/INFO] [AllTheLeaks/]: Listing memory leaks so far...
[29авг.2026 23:20:50.370] [Render thread/INFO] [AllTheLeaks/]: B: 1999MB / C: 2018MB / Diff: +19MB
[29авг.2026 23:20:50.370] [Render thread/INFO] [AllTheLeaks/]: Memory Leaks detected: (/atl force_refresh to update)
[29авг.2026 23:20:50.370] [Render thread/INFO] [AllTheLeaks/]: | ChunkAccess:
[29авг.2026 23:20:50.370] [Render thread/INFO] [AllTheLeaks/]: |- LevelChunk (minecraft): 64
[29авг.2026 23:20:53.476] [Render thread/INFO] [com.sablexaeromaps.SableXaeroMaps/]: sub-level a4c3d4e3 raster: image 7x12 at rel(-3,-6) (chunks=1 (+1 empty), plotSamples=41, contraptions=0, contraptionSamples=0) [trigger: interval]
[29авг.2026 23:20:55.360] [Render thread/INFO] [de.keksuccino.fancymenu.customization.layer.ScreenCustomizationLayerHandler/]: [FANCYMENU] ScreenCustomizationLayer registered: chat_screen
[29авг.2026 23:20:55.485] [Render thread/INFO] [com.sablexaeromaps.SableXaeroMaps/]: sub-level a4c3d4e3 raster: image 7x12 at rel(-3,-6) (chunks=1 (+1 empty), plotSamples=47, contraptions=0, contraptionSamples=0) [trigger: interval]
[29авг.2026 23:20:56.732] [Server thread/INFO] [net.minecraft.server.MinecraftServer/]: [quon7: Установлено время: 1000]
[29авг.2026 23:20:56.741] [Render thread/INFO] [net.minecraft.client.gui.components.ChatComponent/]: [CHAT] Установлено время: 1000
[29авг.2026 23:21:01.082] [Render thread/INFO] [com.sablexaeromaps.SableXaeroMaps/]: sub-level a4c3d4e3 raster: image 7x12 at rel(-3,-7) (chunks=1 (+1 empty), plotSamples=55, contraptions=0, contraptionSamples=0) [trigger: interval]
[29авг.2026 23:21:03.076] [Render thread/INFO] [com.sablexaeromaps.SableXaeroMaps/]: sub-level a4c3d4e3 raster: image 8x12 at rel(-4,-7) (chunks=1 (+1 empty), plotSamples=56, contraptions=0, contraptionSamples=0) [trigger: interval]
[29авг.2026 23:21:05.077] [Render thread/INFO] [com.sablexaeromaps.SableXaeroMaps/]: sub-level a4c3d4e3 raster: image 8x12 at rel(-4,-7) (chunks=1 (+1 empty), plotSamples=54, contraptions=0, contraptionSamples=0) [trigger: interval]
[29авг.2026 23:21:07.074] [Render thread/INFO] [com.sablexaeromaps.SableXaeroMaps/]: sub-level a4c3d4e3 raster: image 8x12 at rel(-4,-7) (chunks=1 (+1 empty), plotSamples=58, contraptions=0, contraptionSamples=0) [trigger: interval]
[29авг.2026 23:21:09.043] [Render thread/INFO] [com.sablexaeromaps.SableXaeroMaps/]: sub-level a4c3d4e3 raster: image 8x13 at rel(-4,-7) (chunks=1 (+1 empty), plotSamples=59, contraptions=0, contraptionSamples=0) [trigger: plot bounds changed [20481029,127,20483073..20481035,127,20483084] -> [20481029,127,20483073..20481035,127,20483085]]
[29авг.2026 23:21:11.025] [Render thread/INFO] [com.sablexaeromaps.SableXaeroMaps/]: sub-level a4c3d4e3 raster: image 8x13 at rel(-4,-7) (chunks=1 (+1 empty), plotSamples=61, contraptions=0, contraptionSamples=0) [trigger: interval]
[29авг.2026 23:21:23.127] [Render thread/INFO] [com.sablexaeromaps.SableXaeroMaps/]: sub-level a4c3d4e3 raster: image 7x13 at rel(-4,-7) (chunks=1 (+1 empty), plotSamples=63, contraptions=0, contraptionSamples=0) [trigger: interval]
[29авг.2026 23:21:26.248] [Render thread/INFO] [com.sablexaeromaps.SableXaeroMaps/]: sub-level a4c3d4e3 raster: image 9x13 at rel(-5,-7) (chunks=1 (+1 empty), plotSamples=65, contraptions=0, contraptionSamples=0) [trigger: plot bounds changed [20481029,127,20483073..20481035,127,20483085] -> [20481028,127,20483073..20481036,127,20483085]]
[29авг.2026 23:21:30.685] [Render thread/INFO] [com.sablexaeromaps.SableXaeroMaps/]: sub-level a4c3d4e3 raster: image 9x13 at rel(-4,-7) (chunks=1 (+1 empty), plotSamples=67, contraptions=0, contraptionSamples=0) [trigger: interval]
[29авг.2026 23:21:52.472] [Render thread/INFO] [com.sablexaeromaps.SableXaeroMaps/]: sub-level a4c3d4e3 raster: image 9x13 at rel(-4,-7) (chunks=1 (+1 empty), plotSamples=69, contraptions=0, contraptionSamples=0) [trigger: interval]
[29авг.2026 23:21:58.225] [Render thread/INFO] [com.sablexaeromaps.SableXaeroMaps/]: sub-level a4c3d4e3 raster: image 9x13 at rel(-4,-7) (chunks=1 (+1 empty), plotSamples=71, contraptions=0, contraptionSamples=0) [trigger: interval]
[29авг.2026 23:22:12.425] [Render thread/INFO] [com.sablexaeromaps.SableXaeroMaps/]: sub-level a4c3d4e3 raster: image 9x13 at rel(-5,-7) (chunks=1 (+1 empty), plotSamples=72, contraptions=0, contraptionSamples=0) [trigger: interval]
[29авг.2026 23:22:17.389] [Render thread/INFO] [com.sablexaeromaps.SableXaeroMaps/]: sub-level a4c3d4e3 raster: image 9x13 at rel(-4,-7) (chunks=1 (+1 empty), plotSamples=73, contraptions=0, contraptionSamples=0) [trigger: interval]
[29авг.2026 23:22:34.744] [Render thread/INFO] [com.sablexaeromaps.SableXaeroMaps/]: sub-level a4c3d4e3 raster: image 10x13 at rel(-5,-7) (chunks=1 (+1 empty), plotSamples=75, contraptions=0, contraptionSamples=0) [trigger: plot bounds changed [20481028,127,20483073..20481036,127,20483085] -> [20481028,127,20483073..20481036,128,20483085]]
[29авг.2026 23:22:35.246] [Render thread/INFO] [com.sablexaeromaps.SableXaeroMaps/]: sub-level a4c3d4e3 raster: image 10x13 at rel(-5,-7) (chunks=1 (+1 empty), plotSamples=73, contraptions=0, contraptionSamples=0) [trigger: plot bounds changed [20481028,127,20483073..20481036,128,20483085] -> [20481028,127,20483073..20481036,127,20483085]]
[29авг.2026 23:22:37.226] [Render thread/INFO] [com.sablexaeromaps.SableXaeroMaps/]: sub-level a4c3d4e3 raster: image 10x13 at rel(-5,-7) (chunks=1 (+1 empty), plotSamples=75, contraptions=0, contraptionSamples=0) [trigger: interval]
[29авг.2026 23:22:54.749] [Render thread/INFO] [com.sablexaeromaps.SableXaeroMaps/]: sub-level a4c3d4e3 raster: image 10x13 at rel(-5,-7) (chunks=1 (+1 empty), plotSamples=76, contraptions=0, contraptionSamples=0) [trigger: plot bounds changed [20481028,127,20483073..20481036,127,20483085] -> [20481028,127,20483073..20481036,128,20483085]]
[29авг.2026 23:22:56.727] [Render thread/INFO] [com.sablexaeromaps.SableXaeroMaps/]: sub-level a4c3d4e3 raster: image 9x13 at rel(-4,-7) (chunks=1 (+1 empty), plotSamples=80, contraptions=0, contraptionSamples=0) [trigger: interval]
[29авг.2026 23:22:58.723] [Render thread/INFO] [com.sablexaeromaps.SableXaeroMaps/]: sub-level a4c3d4e3 raster: image 9x13 at rel(-4,-7) (chunks=1 (+1 empty), plotSamples=81, contraptions=0, contraptionSamples=0) [trigger: interval]
[29авг.2026 23:23:01.815] [Render thread/INFO] [com.sablexaeromaps.SableXaeroMaps/]: sub-level a4c3d4e3 raster: image 10x13 at rel(-5,-7) (chunks=1 (+1 empty), plotSamples=85, contraptions=0, contraptionSamples=0) [trigger: interval]
[29авг.2026 23:23:04.954] [Render thread/INFO] [com.sablexaeromaps.SableXaeroMaps/]: sub-level a4c3d4e3 raster: image 10x13 at rel(-5,-7) (chunks=1 (+1 empty), plotSamples=75, contraptions=0, contraptionSamples=0) [trigger: plot bounds changed [20481028,127,20483073..20481036,128,20483085] -> [20481028,127,20483073..20481036,127,20483085]]
[29авг.2026 23:23:06.847] [Render thread/INFO] [com.sablexaeromaps.SableXaeroMaps/]: sub-level a4c3d4e3 raster: image 10x13 at rel(-5,-7) (chunks=1 (+1 empty), plotSamples=77, contraptions=0, contraptionSamples=0) [trigger: plot bounds changed [20481028,127,20483073..20481036,127,20483085] -> [20481028,127,20483073..20481036,128,20483085]]
[29авг.2026 23:23:08.824] [Render thread/INFO] [com.sablexaeromaps.SableXaeroMaps/]: sub-level a4c3d4e3 raster: image 10x13 at rel(-5,-7) (chunks=1 (+1 empty), plotSamples=81, contraptions=0, contraptionSamples=0) [trigger: interval]
[29авг.2026 23:23:10.823] [Render thread/INFO] [com.sablexaeromaps.SableXaeroMaps/]: sub-level a4c3d4e3 raster: image 10x13 at rel(-5,-7) (chunks=1 (+1 empty), plotSamples=85, contraptions=0, contraptionSamples=0) [trigger: interval]
[29авг.2026 23:23:12.292] [Render thread/INFO] [com.sablexaeromaps.SableXaeroMaps/]: sub-level a4c3d4e3 raster: image 10x13 at rel(-5,-7) (chunks=1 (+1 empty), plotSamples=87, contraptions=0, contraptionSamples=0) [trigger: plot bounds changed [20481028,127,20483073..20481036,128,20483085] -> [20481028,127,20483073..20481036,129,20483085]]
[29авг.2026 23:23:14.273] [Render thread/INFO] [com.sablexaeromaps.SableXaeroMaps/]: sub-level a4c3d4e3 raster: image 10x13 at rel(-5,-7) (chunks=1 (+1 empty), plotSamples=91, contraptions=0, contraptionSamples=0) [trigger: interval]
[29авг.2026 23:23:22.275] [Render thread/INFO] [com.sablexaeromaps.SableXaeroMaps/]: sub-level a4c3d4e3 raster: image 10x13 at rel(-5,-7) (chunks=1 (+1 empty), plotSamples=95, contraptions=0, contraptionSamples=0) [trigger: interval]
[29авг.2026 23:23:24.273] [Render thread/INFO] [com.sablexaeromaps.SableXaeroMaps/]: sub-level a4c3d4e3 raster: image 10x13 at rel(-5,-7) (chunks=1 (+1 empty), plotSamples=97, contraptions=0, contraptionSamples=0) [trigger: interval]
[29авг.2026 23:23:26.478] [Render thread/INFO] [com.sablexaeromaps.SableXaeroMaps/]: sub-level a4c3d4e3 raster: image 10x13 at rel(-5,-7) (chunks=1 (+1 empty), plotSamples=101, contraptions=0, contraptionSamples=0) [trigger: interval]
[29авг.2026 23:23:32.580] [Render thread/INFO] [com.sablexaeromaps.SableXaeroMaps/]: sub-level a4c3d4e3 raster: image 10x13 at rel(-5,-7) (chunks=1 (+1 empty), plotSamples=103, contraptions=0, contraptionSamples=0) [trigger: interval]
[29авг.2026 23:23:38.575] [Render thread/INFO] [com.sablexaeromaps.SableXaeroMaps/]: sub-level a4c3d4e3 raster: image 10x13 at rel(-5,-7) (chunks=1 (+1 empty), plotSamples=109, contraptions=0, contraptionSamples=0) [trigger: interval]
[29авг.2026 23:23:41.492] [Render thread/INFO] [com.sablexaeromaps.SableXaeroMaps/]: sub-level a4c3d4e3 raster: image 10x14 at rel(-5,-8) (chunks=1 (+1 empty), plotSamples=110, contraptions=0, contraptionSamples=0) [trigger: plot bounds changed [20481028,127,20483073..20481036,129,20483085] -> [20481028,127,20483072..20481036,129,20483085]]
[29авг.2026 23:23:43.479] [Render thread/INFO] [com.sablexaeromaps.SableXaeroMaps/]: sub-level a4c3d4e3 raster: image 10x14 at rel(-5,-8) (chunks=1 (+1 empty), plotSamples=111, contraptions=0, contraptionSamples=0) [trigger: interval]
[29авг.2026 23:23:44.845] [Render thread/INFO] [com.sablexaeromaps.SableXaeroMaps/]: sub-level a4c3d4e3 raster: image 10x15 at rel(-5,-9) (chunks=2, plotSamples=113, contraptions=0, contraptionSamples=0) [trigger: plot bounds changed [20481028,127,20483072..20481036,129,20483085] -> [20481028,127,20483071..20481036,129,20483085]]
[29авг.2026 23:23:47.393] [Render thread/INFO] [com.sablexaeromaps.SableXaeroMaps/]: sub-level a4c3d4e3 raster: image 10x14 at rel(-5,-8) (chunks=1 (+1 empty), plotSamples=112, contraptions=0, contraptionSamples=0) [trigger: plot bounds changed [20481028,127,20483071..20481036,129,20483085] -> [20481028,127,20483072..20481036,129,20483085]]
[29авг.2026 23:23:48.094] [Render thread/INFO] [com.sablexaeromaps.SableXaeroMaps/]: sub-level a4c3d4e3 raster: image 10x13 at rel(-5,-7) (chunks=1 (+1 empty), plotSamples=110, contraptions=0, contraptionSamples=0) [trigger: plot bounds changed [20481028,127,20483072..20481036,129,20483085] -> [20481028,127,20483073..20481036,129,20483085]]
[29авг.2026 23:23:48.952] [Render thread/INFO] [com.sablexaeromaps.SableXaeroMaps/]: sub-level a4c3d4e3 raster: image 10x14 at rel(-5,-8) (chunks=1 (+1 empty), plotSamples=111, contraptions=0, contraptionSamples=0) [trigger: plot bounds changed [20481028,127,20483073..20481036,129,20483085] -> [20481028,127,20483072..20481036,129,20483085]]
[29авг.2026 23:23:50.097] [Render thread/INFO] [com.sablexaeromaps.SableXaeroMaps/]: sub-level a4c3d4e3 raster: image 10x15 at rel(-5,-9) (chunks=2, plotSamples=112, contraptions=0, contraptionSamples=0) [trigger: plot bounds changed [20481028,127,20483072..20481036,129,20483085] -> [20481028,127,20483071..20481036,129,20483085]]
[29авг.2026 23:23:52.074] [Render thread/INFO] [com.sablexaeromaps.SableXaeroMaps/]: sub-level a4c3d4e3 raster: image 10x15 at rel(-5,-9) (chunks=2, plotSamples=116, contraptions=0, contraptionSamples=0) [trigger: interval]
[29авг.2026 23:23:54.077] [Render thread/INFO] [com.sablexaeromaps.SableXaeroMaps/]: sub-level a4c3d4e3 raster: image 10x15 at rel(-5,-9) (chunks=2, plotSamples=118, contraptions=0, contraptionSamples=0) [trigger: interval]
[29авг.2026 23:23:56.074] [Render thread/INFO] [com.sablexaeromaps.SableXaeroMaps/]: sub-level a4c3d4e3 raster: image 10x15 at rel(-5,-8) (chunks=2, plotSamples=120, contraptions=0, contraptionSamples=0) [trigger: interval]
[29авг.2026 23:23:58.072] [Render thread/INFO] [com.sablexaeromaps.SableXaeroMaps/]: sub-level a4c3d4e3 raster: image 10x15 at rel(-5,-9) (chunks=2, plotSamples=118, contraptions=0, contraptionSamples=0) [trigger: interval]
[29авг.2026 23:24:01.181] [Server thread/INFO] [aeroclaims/UnregisteredShipsManager/]: New unregistered ship detected: id=49bc213f-a880-4893-801f-53c53f0804b9 name=ship
[29авг.2026 23:24:01.197] [Render thread/INFO] [com.sablexaeromaps.SableXaeroMaps/]: sub-level a4c3d4e3 raster: image 10x13 at rel(-5,-7) (chunks=1 (+1 empty), plotSamples=117, contraptions=0, contraptionSamples=0) [trigger: plot bounds changed [20481028,127,20483071..20481036,129,20483085] -> [20481028,127,20483073..20481036,129,20483085]]
[29авг.2026 23:24:01.197] [Render thread/INFO] [com.sablexaeromaps.SableXaeroMaps/]: [minimap] sub-level 49bc213f: culled: ~1.0px on screen (min 1.5px)
[29авг.2026 23:24:03.175] [Render thread/INFO] [com.sablexaeromaps.SableXaeroMaps/]: sub-level a4c3d4e3 raster: image 10x13 at rel(-5,-7) (chunks=1 (+1 empty), plotSamples=116, contraptions=0, contraptionSamples=0) [trigger: interval]
[29авг.2026 23:24:03.743] [Render thread/INFO] [com.sablexaeromaps.SableXaeroMaps/]: sub-level a4c3d4e3 raster: image 10x14 at rel(-5,-8) (chunks=1 (+1 empty), plotSamples=118, contraptions=0, contraptionSamples=0) [trigger: plot bounds changed [20481028,127,20483073..20481036,129,20483085] -> [20481028,127,20483072..20481036,129,20483085]]
[29авг.2026 23:24:04.649] [Render thread/INFO] [com.sablexaeromaps.SableXaeroMaps/]: sub-level a4c3d4e3 raster: image 10x15 at rel(-5,-9) (chunks=2, plotSamples=119, contraptions=0, contraptionSamples=0) [trigger: plot bounds changed [20481028,127,20483072..20481036,129,20483085] -> [20481028,127,20483071..20481036,129,20483085]]
[29авг.2026 23:24:12.623] [Render thread/INFO] [com.sablexaeromaps.SableXaeroMaps/]: sub-level a4c3d4e3 raster: image 10x15 at rel(-5,-9) (chunks=2, plotSamples=125, contraptions=0, contraptionSamples=0) [trigger: interval]
[29авг.2026 23:24:16.540] [Render thread/INFO] [com.sablexaeromaps.SableXaeroMaps/]: sub-level a4c3d4e3 raster: image 10x15 at rel(-5,-9) (chunks=2, plotSamples=127, contraptions=0, contraptionSamples=0) [trigger: plot bounds changed [20481028,127,20483071..20481036,129,20483085] -> [20481028,127,20483071..20481036,130,20483085]]
[29авг.2026 23:24:18.527] [Render thread/INFO] [com.sablexaeromaps.SableXaeroMaps/]: sub-level a4c3d4e3 raster: image 10x15 at rel(-5,-9) (chunks=2, plotSamples=133, contraptions=0, contraptionSamples=0) [trigger: interval]
[29авг.2026 23:24:20.529] [Render thread/INFO] [com.sablexaeromaps.SableXaeroMaps/]: sub-level a4c3d4e3 raster: image 10x15 at rel(-5,-9) (chunks=2, plotSamples=145, contraptions=0, contraptionSamples=0) [trigger: interval]
[29авг.2026 23:24:22.524] [Render thread/INFO] [com.sablexaeromaps.SableXaeroMaps/]: sub-level a4c3d4e3 raster: image 10x15 at rel(-5,-9) (chunks=2, plotSamples=146, contraptions=0, contraptionSamples=0) [trigger: interval]
[29авг.2026 23:24:30.525] [Render thread/INFO] [com.sablexaeromaps.SableXaeroMaps/]: sub-level a4c3d4e3 raster: image 10x15 at rel(-5,-9) (chunks=2, plotSamples=148, contraptions=0, contraptionSamples=0) [trigger: interval]
[29авг.2026 23:24:32.525] [Render thread/INFO] [com.sablexaeromaps.SableXaeroMaps/]: sub-level a4c3d4e3 raster: image 10x15 at rel(-5,-9) (chunks=2, plotSamples=146, contraptions=0, contraptionSamples=0) [trigger: interval]
[29авг.2026 23:24:34.524] [Render thread/INFO] [com.sablexaeromaps.SableXaeroMaps/]: sub-level a4c3d4e3 raster: image 10x15 at rel(-5,-9) (chunks=2, plotSamples=148, contraptions=0, contraptionSamples=0) [trigger: interval]
[29авг.2026 23:24:36.522] [Render thread/INFO] [com.sablexaeromaps.SableXaeroMaps/]: sub-level a4c3d4e3 raster: image 10x15 at rel(-5,-9) (chunks=2, plotSamples=150, contraptions=0, contraptionSamples=0) [trigger: interval]
[29авг.2026 23:24:40.524] [Render thread/INFO] [com.sablexaeromaps.SableXaeroMaps/]: sub-level a4c3d4e3 raster: image 10x15 at rel(-5,-8) (chunks=2, plotSamples=162, contraptions=0, contraptionSamples=0) [trigger: interval]
[29авг.2026 23:24:42.525] [Render thread/INFO] [com.sablexaeromaps.SableXaeroMaps/]: sub-level a4c3d4e3 raster: image 10x15 at rel(-5,-9) (chunks=2, plotSamples=176, contraptions=0, contraptionSamples=0) [trigger: interval]
[29авг.2026 23:24:44.522] [Render thread/INFO] [com.sablexaeromaps.SableXaeroMaps/]: sub-level a4c3d4e3 raster: image 10x15 at rel(-5,-9) (chunks=2, plotSamples=185, contraptions=0, contraptionSamples=0) [trigger: interval]
[29авг.2026 23:24:48.525] [Render thread/INFO] [com.sablexaeromaps.SableXaeroMaps/]: sub-level a4c3d4e3 raster: image 10x15 at rel(-5,-9) (chunks=2, plotSamples=186, contraptions=0, contraptionSamples=0) [trigger: interval]
[29авг.2026 23:25:02.130] [Server thread/INFO] [dev.ryanhcode.sable.Sable/]: Saving sub-levels for level 'ServerLevel[Новый мир]'/minecraft:overworld
[29авг.2026 23:25:02.145] [Server thread/INFO] [dev.ryanhcode.sable.Sable/]: Saving sub-levels for level 'ServerLevel[Новый мир]'/dimensional_for_respawn:spawnworld
[29авг.2026 23:25:02.145] [Server thread/INFO] [dev.ryanhcode.sable.Sable/]: Saving sub-levels for level 'ServerLevel[Новый мир]'/minecraft:the_end
[29авг.2026 23:25:02.145] [Server thread/INFO] [dev.ryanhcode.sable.Sable/]: Saving sub-levels for level 'ServerLevel[Новый мир]'/minecraft:the_nether
[29авг.2026 23:25:02.153] [Server thread/INFO] [Chunk Activity Tracker/]: Saving data for 87 chunks for dimension 'overworld' took 1 milliseconds
[29авг.2026 23:25:15.526] [Render thread/INFO] [com.sablexaeromaps.SableXaeroMaps/]: sub-level a4c3d4e3 raster: image 10x15 at rel(-5,-9) (chunks=2, plotSamples=188, contraptions=0, contraptionSamples=0) [trigger: interval]
[29авг.2026 23:25:39.147] [Render thread/INFO] [com.sablexaeromaps.SableXaeroMaps/]: sub-level a4c3d4e3 raster: image 9x16 at rel(-4,-9) (chunks=2 (+1 empty), plotSamples=192, contraptions=0, contraptionSamples=0) [trigger: plot bounds changed [20481028,127,20483071..20481036,130,20483085] -> [20481028,127,20483071..20481036,130,20483086]]
[29авг.2026 23:25:41.124] [Render thread/INFO] [com.sablexaeromaps.SableXaeroMaps/]: sub-level a4c3d4e3 raster: image 9x16 at rel(-4,-9) (chunks=2 (+1 empty), plotSamples=193, contraptions=0, contraptionSamples=0) [trigger: interval]
[29авг.2026 23:25:50.735] [Render thread/INFO] [com.sablexaeromaps.SableXaeroMaps/]: sub-level a4c3d4e3 raster: image 9x16 at rel(-4,-9) (chunks=2 (+1 empty), plotSamples=199, contraptions=0, contraptionSamples=0) [trigger: interval]
[29авг.2026 23:25:52.395] [Render thread/INFO] [com.sablexaeromaps.SableXaeroMaps/]: sub-level a4c3d4e3 raster: image 9x15 at rel(-4,-8) (chunks=1 (+2 empty), plotSamples=199, contraptions=0, contraptionSamples=0) [trigger: plot bounds changed [20481028,127,20483071..20481036,130,20483086] -> [20481028,127,20483072..20481036,130,20483086]]
[29авг.2026 23:25:54.376] [Render thread/INFO] [com.sablexaeromaps.SableXaeroMaps/]: sub-level a4c3d4e3 raster: image 9x15 at rel(-4,-8) (chunks=1 (+2 empty), plotSamples=198, contraptions=0, contraptionSamples=0) [trigger: interval]
[29авг.2026 23:25:55.900] [Render thread/INFO] [com.sablexaeromaps.SableXaeroMaps/]: sub-level a4c3d4e3 raster: image 9x16 at rel(-4,-9) (chunks=2 (+1 empty), plotSamples=199, contraptions=0, contraptionSamples=0) [trigger: plot bounds changed [20481028,127,20483072..20481036,130,20483086] -> [20481028,127,20483071..20481036,130,20483086]]
[29авг.2026 23:25:59.946] [Render thread/INFO] [com.sablexaeromaps.SableXaeroMaps/]: sub-level a4c3d4e3 raster: image 9x16 at rel(-4,-9) (chunks=2 (+1 empty), plotSamples=201, contraptions=0, contraptionSamples=0) [trigger: sky brightness changed]
[29авг.2026 23:26:01.930] [Render thread/INFO] [com.sablexaeromaps.SableXaeroMaps/]: sub-level a4c3d4e3 raster: image 9x16 at rel(-4,-9) (chunks=2 (+1 empty), plotSamples=203, contraptions=0, contraptionSamples=0) [trigger: interval]
[29авг.2026 23:26:07.930] [Render thread/INFO] [com.sablexaeromaps.SableXaeroMaps/]: sub-level a4c3d4e3 raster: image 9x16 at rel(-4,-9) (chunks=2 (+1 empty), plotSamples=204, contraptions=0, contraptionSamples=0) [trigger: interval]
[29авг.2026 23:26:10.002] [Render thread/INFO] [com.sablexaeromaps.SableXaeroMaps/]: sub-level a4c3d4e3 raster: image 9x16 at rel(-4,-9) (chunks=2 (+1 empty), plotSamples=206, contraptions=0, contraptionSamples=0) [trigger: plot bounds changed [20481028,127,20483071..20481036,130,20483086] -> [20481028,127,20483071..20481036,131,20483086]]
[29авг.2026 23:26:11.981] [Render thread/INFO] [com.sablexaeromaps.SableXaeroMaps/]: sub-level a4c3d4e3 raster: image 9x16 at rel(-4,-9) (chunks=2 (+1 empty), plotSamples=209, contraptions=0, contraptionSamples=0) [trigger: interval]
[29авг.2026 23:26:13.978] [Render thread/INFO] [com.sablexaeromaps.SableXaeroMaps/]: sub-level a4c3d4e3 raster: image 9x16 at rel(-4,-9) (chunks=2 (+1 empty), plotSamples=211, contraptions=0, contraptionSamples=0) [trigger: interval]
[29авг.2026 23:26:15.980] [Render thread/INFO] [com.sablexaeromaps.SableXaeroMaps/]: sub-level a4c3d4e3 raster: image 9x16 at rel(-4,-9) (chunks=2 (+1 empty), plotSamples=215, contraptions=0, contraptionSamples=0) [trigger: interval]
[29авг.2026 23:26:17.982] [Render thread/INFO] [com.sablexaeromaps.SableXaeroMaps/]: sub-level a4c3d4e3 raster: image 9x16 at rel(-4,-9) (chunks=2 (+1 empty), plotSamples=216, contraptions=0, contraptionSamples=0) [trigger: interval]
[29авг.2026 23:26:17.996] [Render thread/INFO] [com.sablexaeromaps.SableXaeroMaps/]: sub-level a4c3d4e3 raster: image 9x16 at rel(-4,-9) (chunks=2 (+1 empty), plotSamples=217, contraptions=0, contraptionSamples=0) [trigger: plot bounds changed [20481028,127,20483071..20481036,131,20483086] -> [20481028,127,20483071..20481036,132,20483086]]
[29авг.2026 23:26:19.901] [Render thread/INFO] [com.sablexaeromaps.SableXaeroMaps/]: sub-level a4c3d4e3 raster: image 9x16 at rel(-4,-9) (chunks=2 (+1 empty), plotSamples=221, contraptions=0, contraptionSamples=0) [trigger: plot bounds changed [20481028,127,20483071..20481036,132,20483086] -> [20481028,127,20483071..20481036,133,20483086]]
[29авг.2026 23:26:21.885] [Render thread/INFO] [com.sablexaeromaps.SableXaeroMaps/]: sub-level a4c3d4e3 raster: image 9x16 at rel(-4,-9) (chunks=2 (+1 empty), plotSamples=228, contraptions=0, contraptionSamples=0) [trigger: interval]
[29авг.2026 23:26:23.207] [Render thread/INFO] [com.sablexaeromaps.SableXaeroMaps/]: sub-level a4c3d4e3 raster: image 9x16 at rel(-4,-9) (chunks=2 (+1 empty), plotSamples=230, contraptions=0, contraptionSamples=0) [trigger: orientation changed]
[29авг.2026 23:26:25.176] [Render thread/INFO] [com.sablexaeromaps.SableXaeroMaps/]: sub-level a4c3d4e3 raster: image 9x16 at rel(-4,-9) (chunks=2 (+1 empty), plotSamples=234, contraptions=0, contraptionSamples=0) [trigger: interval]
[29авг.2026 23:26:27.178] [Render thread/INFO] [com.sablexaeromaps.SableXaeroMaps/]: sub-level a4c3d4e3 raster: image 9x16 at rel(-4,-9) (chunks=2 (+1 empty), plotSamples=240, contraptions=0, contraptionSamples=0) [trigger: interval]
[29авг.2026 23:26:28.789] [Render thread/INFO] [com.sablexaeromaps.SableXaeroMaps/]: sub-level a4c3d4e3 raster: image 9x16 at rel(-4,-9) (chunks=2 (+1 empty), plotSamples=241, contraptions=0, contraptionSamples=0) [trigger: orientation changed]
[29авг.2026 23:26:29.968] [Render thread/INFO] [com.sablexaeromaps.SableXaeroMaps/]: sub-level a4c3d4e3 raster: image 9x16 at rel(-4,-9) (chunks=2 (+1 empty), plotSamples=240, contraptions=0, contraptionSamples=0) [trigger: orientation changed]
[29авг.2026 23:26:31.003] [Render thread/INFO] [com.sablexaeromaps.SableXaeroMaps/]: sub-level a4c3d4e3 raster: image 9x16 at rel(-4,-9) (chunks=2 (+1 empty), plotSamples=238, contraptions=0, contraptionSamples=0) [trigger: orientation changed]
[29авг.2026 23:26:32.040] [Render thread/INFO] [com.sablexaeromaps.SableXaeroMaps/]: sub-level a4c3d4e3 raster: image 9x16 at rel(-4,-9) (chunks=2 (+1 empty), plotSamples=243, contraptions=0, contraptionSamples=0) [trigger: orientation changed]
[29авг.2026 23:27:07.078] [Render thread/INFO] [com.sablexaeromaps.SableXaeroMaps/]: sub-level a4c3d4e3 raster: image 11x15 at rel(-5,-7) (chunks=2 (+1 empty), plotSamples=244, contraptions=0, contraptionSamples=0) [trigger: interval]
[29авг.2026 23:27:09.076] [Render thread/INFO] [com.sablexaeromaps.SableXaeroMaps/]: sub-level a4c3d4e3 raster: image 11x15 at rel(-5,-7) (chunks=2 (+1 empty), plotSamples=249, contraptions=0, contraptionSamples=0) [trigger: interval]
[29авг.2026 23:27:11.078] [Render thread/INFO] [com.sablexaeromaps.SableXaeroMaps/]: sub-level a4c3d4e3 raster: image 11x15 at rel(-5,-7) (chunks=2 (+1 empty), plotSamples=250, contraptions=0, contraptionSamples=0) [trigger: interval]
[29авг.2026 23:27:19.482] [Render thread/INFO] [com.sablexaeromaps.SableXaeroMaps/]: sub-level a4c3d4e3 raster: image 11x15 at rel(-5,-7) (chunks=2 (+1 empty), plotSamples=248, contraptions=0, contraptionSamples=0) [trigger: interval]
[29авг.2026 23:27:21.478] [Render thread/INFO] [com.sablexaeromaps.SableXaeroMaps/]: sub-level a4c3d4e3 raster: image 11x15 at rel(-5,-7) (chunks=2 (+1 empty), plotSamples=247, contraptions=0, contraptionSamples=0) [trigger: interval]
[29авг.2026 23:27:23.479] [Render thread/INFO] [com.sablexaeromaps.SableXaeroMaps/]: sub-level a4c3d4e3 raster: image 11x15 at rel(-5,-7) (chunks=2 (+1 empty), plotSamples=245, contraptions=0, contraptionSamples=0) [trigger: interval]
[29авг.2026 23:27:25.478] [Render thread/INFO] [com.sablexaeromaps.SableXaeroMaps/]: sub-level a4c3d4e3 raster: image 11x15 at rel(-5,-7) (chunks=2 (+1 empty), plotSamples=246, contraptions=0, contraptionSamples=0) [trigger: interval]
[29авг.2026 23:27:27.480] [Render thread/INFO] [com.sablexaeromaps.SableXaeroMaps/]: sub-level a4c3d4e3 raster: image 11x15 at rel(-5,-7) (chunks=2 (+1 empty), plotSamples=247, contraptions=0, contraptionSamples=0) [trigger: interval]
[29авг.2026 23:27:29.479] [Render thread/INFO] [com.sablexaeromaps.SableXaeroMaps/]: sub-level a4c3d4e3 raster: image 11x15 at rel(-5,-7) (chunks=2 (+1 empty), plotSamples=243, contraptions=0, contraptionSamples=0) [trigger: interval]
[29авг.2026 23:27:31.475] [Render thread/INFO] [com.sablexaeromaps.SableXaeroMaps/]: sub-level a4c3d4e3 raster: image 11x15 at rel(-5,-7) (chunks=2 (+1 empty), plotSamples=245, contraptions=0, contraptionSamples=0) [trigger: interval]
[29авг.2026 23:27:35.480] [Render thread/INFO] [com.sablexaeromaps.SableXaeroMaps/]: sub-level a4c3d4e3 raster: image 11x15 at rel(-5,-7) (chunks=2 (+1 empty), plotSamples=247, contraptions=0, contraptionSamples=0) [trigger: interval]
[29авг.2026 23:27:37.477] [Render thread/INFO] [com.sablexaeromaps.SableXaeroMaps/]: sub-level a4c3d4e3 raster: image 11x15 at rel(-5,-7) (chunks=2 (+1 empty), plotSamples=248, contraptions=0, contraptionSamples=0) [trigger: interval]
[29авг.2026 23:27:39.477] [Render thread/INFO] [com.sablexaeromaps.SableXaeroMaps/]: sub-level a4c3d4e3 raster: image 11x15 at rel(-5,-7) (chunks=2 (+1 empty), plotSamples=250, contraptions=0, contraptionSamples=0) [trigger: interval]
[29авг.2026 23:27:43.480] [Render thread/INFO] [com.sablexaeromaps.SableXaeroMaps/]: sub-level a4c3d4e3 raster: image 11x15 at rel(-5,-7) (chunks=2 (+1 empty), plotSamples=246, contraptions=0, contraptionSamples=0) [trigger: interval]
[29авг.2026 23:27:45.480] [Render thread/INFO] [com.sablexaeromaps.SableXaeroMaps/]: sub-level a4c3d4e3 raster: image 11x15 at rel(-5,-7) (chunks=2 (+1 empty), plotSamples=248, contraptions=0, contraptionSamples=0) [trigger: interval]
[29авг.2026 23:27:47.478] [Render thread/INFO] [com.sablexaeromaps.SableXaeroMaps/]: sub-level a4c3d4e3 raster: image 11x15 at rel(-5,-7) (chunks=2 (+1 empty), plotSamples=250, contraptions=0, contraptionSamples=0) [trigger: interval]
[29авг.2026 23:27:51.481] [Render thread/INFO] [com.sablexaeromaps.SableXaeroMaps/]: sub-level a4c3d4e3 raster: image 11x15 at rel(-5,-7) (chunks=2 (+1 empty), plotSamples=252, contraptions=0, contraptionSamples=0) [trigger: interval]
[29авг.2026 23:27:57.477] [Render thread/INFO] [com.sablexaeromaps.SableXaeroMaps/]: sub-level a4c3d4e3 raster: image 11x14 at rel(-5,-6) (chunks=2 (+1 empty), plotSamples=250, contraptions=0, contraptionSamples=0) [trigger: interval]
[29авг.2026 23:28:01.480] [Render thread/INFO] [com.sablexaeromaps.SableXaeroMaps/]: sub-level a4c3d4e3 raster: image 11x15 at rel(-5,-7) (chunks=2 (+1 empty), plotSamples=253, contraptions=0, contraptionSamples=0) [trigger: interval]
[29авг.2026 23:28:07.476] [Render thread/INFO] [com.sablexaeromaps.SableXaeroMaps/]: sub-level a4c3d4e3 raster: image 11x15 at rel(-5,-7) (chunks=2 (+1 empty), plotSamples=251, contraptions=0, contraptionSamples=0) [trigger: interval]
[29авг.2026 23:28:09.478] [Render thread/INFO] [com.sablexaeromaps.SableXaeroMaps/]: sub-level a4c3d4e3 raster: image 11x15 at rel(-5,-7) (chunks=2 (+1 empty), plotSamples=253, contraptions=0, contraptionSamples=0) [trigger: interval]
[29авг.2026 23:28:13.480] [Render thread/INFO] [com.sablexaeromaps.SableXaeroMaps/]: sub-level a4c3d4e3 raster: image 11x14 at rel(-5,-6) (chunks=2 (+1 empty), plotSamples=251, contraptions=0, contraptionSamples=0) [trigger: interval]
[29авг.2026 23:28:15.482] [Render thread/INFO] [com.sablexaeromaps.SableXaeroMaps/]: sub-level a4c3d4e3 raster: image 11x14 at rel(-5,-6) (chunks=2 (+1 empty), plotSamples=252, contraptions=0, contraptionSamples=0) [trigger: interval]
[29авг.2026 23:28:29.482] [Render thread/INFO] [com.sablexaeromaps.SableXaeroMaps/]: sub-level a4c3d4e3 raster: image 11x15 at rel(-5,-7) (chunks=2 (+1 empty), plotSamples=256, contraptions=0, contraptionSamples=0) [trigger: interval]
[29авг.2026 23:28:31.477] [Render thread/INFO] [com.sablexaeromaps.SableXaeroMaps/]: sub-level a4c3d4e3 raster: image 12x15 at rel(-5,-7) (chunks=2 (+1 empty), plotSamples=260, contraptions=0, contraptionSamples=0) [trigger: interval]
[29авг.2026 23:28:33.476] [Render thread/INFO] [com.sablexaeromaps.SableXaeroMaps/]: sub-level a4c3d4e3 raster: image 12x15 at rel(-5,-7) (chunks=2 (+1 empty), plotSamples=258, contraptions=0, contraptionSamples=0) [trigger: interval]
[29авг.2026 23:28:37.481] [Render thread/INFO] [com.sablexaeromaps.SableXaeroMaps/]: sub-level a4c3d4e3 raster: image 12x15 at rel(-5,-7) (chunks=2 (+1 empty), plotSamples=260, contraptions=0, contraptionSamples=0) [trigger: interval]
[29авг.2026 23:28:37.495] [Render thread/INFO] [com.sablexaeromaps.SableXaeroMaps/]: sub-level a4c3d4e3 raster: image 13x15 at rel(-5,-7) (chunks=2 (+1 empty), plotSamples=262, contraptions=0, contraptionSamples=0) [trigger: plot bounds changed [20481028,127,20483071..20481036,133,20483086] -> [20481027,127,20483071..20481037,133,20483086]]
[29авг.2026 23:28:37.945] [Render thread/INFO] [com.sablexaeromaps.SableXaeroMaps/]: sub-level a4c3d4e3 raster: image 12x15 at rel(-5,-7) (chunks=2 (+1 empty), plotSamples=260, contraptions=0, contraptionSamples=0) [trigger: plot bounds changed [20481027,127,20483071..20481037,133,20483086] -> [20481028,127,20483071..20481036,133,20483086]]
[29авг.2026 23:28:39.928] [Render thread/INFO] [com.sablexaeromaps.SableXaeroMaps/]: sub-level a4c3d4e3 raster: image 12x15 at rel(-5,-7) (chunks=2 (+1 empty), plotSamples=262, contraptions=0, contraptionSamples=0) [trigger: interval]
[29авг.2026 23:28:41.925] [Render thread/INFO] [com.sablexaeromaps.SableXaeroMaps/]: sub-level a4c3d4e3 raster: image 12x15 at rel(-5,-7) (chunks=2 (+1 empty), plotSamples=264, contraptions=0, contraptionSamples=0) [trigger: interval]
[29авг.2026 23:28:45.926] [Render thread/INFO] [com.sablexaeromaps.SableXaeroMaps/]: sub-level a4c3d4e3 raster: image 13x15 at rel(-5,-7) (chunks=2 (+1 empty), plotSamples=268, contraptions=0, contraptionSamples=0) [trigger: interval]
[29авг.2026 23:28:46.349] [Render thread/INFO] [com.sablexaeromaps.SableXaeroMaps/]: sub-level a4c3d4e3 raster: image 13x15 at rel(-5,-7) (chunks=2 (+1 empty), plotSamples=270, contraptions=0, contraptionSamples=0) [trigger: plot bounds changed [20481028,127,20483071..20481036,133,20483086] -> [20481027,127,20483071..20481037,133,20483086]]
[29авг.2026 23:28:48.329] [Render thread/INFO] [com.sablexaeromaps.SableXaeroMaps/]: sub-level a4c3d4e3 raster: image 13x15 at rel(-5,-7) (chunks=2 (+1 empty), plotSamples=272, contraptions=0, contraptionSamples=0) [trigger: interval]
[29авг.2026 23:28:54.326] [Render thread/INFO] [com.sablexaeromaps.SableXaeroMaps/]: sub-level a4c3d4e3 raster: image 13x15 at rel(-5,-7) (chunks=2 (+1 empty), plotSamples=274, contraptions=0, contraptionSamples=0) [trigger: interval]
[29авг.2026 23:29:09.532] [Render thread/INFO] [com.sablexaeromaps.SableXaeroMaps/]: sub-level a4c3d4e3 raster: image 13x15 at rel(-5,-7) (chunks=2 (+1 empty), plotSamples=273, contraptions=0, contraptionSamples=0) [trigger: interval]
[29авг.2026 23:29:11.527] [Render thread/INFO] [com.sablexaeromaps.SableXaeroMaps/]: sub-level a4c3d4e3 raster: image 15x16 at rel(-7,-7) (chunks=2 (+1 empty), plotSamples=282, contraptions=0, contraptionSamples=0) [trigger: interval]
[29авг.2026 23:29:15.529] [Render thread/INFO] [com.sablexaeromaps.SableXaeroMaps/]: sub-level a4c3d4e3 raster: image 15x17 at rel(-7,-8) (chunks=2 (+1 empty), plotSamples=284, contraptions=0, contraptionSamples=0) [trigger: interval]
[29авг.2026 23:29:17.526] [Render thread/INFO] [com.sablexaeromaps.SableXaeroMaps/]: sub-level a4c3d4e3 raster: image 16x18 at rel(-8,-9) (chunks=2 (+1 empty), plotSamples=286, contraptions=0, contraptionSamples=0) [trigger: interval]
[29авг.2026 23:29:18.897] [Render thread/INFO] [com.sablexaeromaps.SableXaeroMaps/]: sub-level a4c3d4e3 raster: image 16x18 at rel(-8,-9) (chunks=2 (+1 empty), plotSamples=290, contraptions=0, contraptionSamples=0) [trigger: plot bounds changed [20481027,127,20483071..20481037,133,20483086] -> [20481027,127,20483071..20481037,133,20483087]]
[29авг.2026 23:29:20.897] [Render thread/INFO] [com.sablexaeromaps.SableXaeroMaps/]: sub-level a4c3d4e3 raster: image 16x18 at rel(-8,-9) (chunks=2 (+1 empty), plotSamples=292, contraptions=0, contraptionSamples=0) [trigger: interval]
[29авг.2026 23:29:22.876] [Render thread/INFO] [com.sablexaeromaps.SableXaeroMaps/]: sub-level a4c3d4e3 raster: image 16x18 at rel(-8,-9) (chunks=2 (+1 empty), plotSamples=296, contraptions=0, contraptionSamples=0) [trigger: interval]
[29авг.2026 23:29:24.878] [Render thread/INFO] [com.sablexaeromaps.SableXaeroMaps/]: sub-level a4c3d4e3 raster: image 16x18 at rel(-8,-9) (chunks=2 (+1 empty), plotSamples=294, contraptions=0, contraptionSamples=0) [trigger: interval]
[29авг.2026 23:29:26.877] [Render thread/INFO] [com.sablexaeromaps.SableXaeroMaps/]: sub-level a4c3d4e3 raster: image 16x18 at rel(-8,-9) (chunks=2 (+1 empty), plotSamples=296, contraptions=0, contraptionSamples=0) [trigger: interval]
[29авг.2026 23:29:30.881] [Render thread/INFO] [com.sablexaeromaps.SableXaeroMaps/]: sub-level a4c3d4e3 raster: image 16x18 at rel(-8,-9) (chunks=2 (+1 empty), plotSamples=298, contraptions=0, contraptionSamples=0) [trigger: interval]
[29авг.2026 23:29:32.877] [Render thread/INFO] [com.sablexaeromaps.SableXaeroMaps/]: sub-level a4c3d4e3 raster: image 16x18 at rel(-8,-9) (chunks=2 (+1 empty), plotSamples=300, contraptions=0, contraptionSamples=0) [trigger: interval]
[29авг.2026 23:29:34.881] [Render thread/INFO] [com.sablexaeromaps.SableXaeroMaps/]: sub-level a4c3d4e3 raster: image 16x18 at rel(-8,-9) (chunks=2 (+1 empty), plotSamples=304, contraptions=0, contraptionSamples=0) [trigger: interval]
[29авг.2026 23:30:01.977] [Render thread/INFO] [com.sablexaeromaps.SableXaeroMaps/]: sub-level a4c3d4e3 raster: image 16x18 at rel(-8,-9) (chunks=2 (+1 empty), plotSamples=302, contraptions=0, contraptionSamples=0) [trigger: interval]
[29авг.2026 23:30:02.131] [Server thread/INFO] [dev.ryanhcode.sable.Sable/]: Saving sub-levels for level 'ServerLevel[Новый мир]'/minecraft:overworld
[29авг.2026 23:30:02.145] [Server thread/INFO] [dev.ryanhcode.sable.Sable/]: Saving sub-levels for level 'ServerLevel[Новый мир]'/dimensional_for_respawn:spawnworld
[29авг.2026 23:30:02.146] [Server thread/INFO] [dev.ryanhcode.sable.Sable/]: Saving sub-levels for level 'ServerLevel[Новый мир]'/minecraft:the_end
[29авг.2026 23:30:02.146] [Server thread/INFO] [dev.ryanhcode.sable.Sable/]: Saving sub-levels for level 'ServerLevel[Новый мир]'/minecraft:the_nether
[29авг.2026 23:30:02.176] [Server thread/INFO] [Chunk Activity Tracker/]: Saving data for 91 chunks for dimension 'overworld' took 0 milliseconds
[29авг.2026 23:30:03.981] [Render thread/INFO] [com.sablexaeromaps.SableXaeroMaps/]: sub-level a4c3d4e3 raster: image 16x18 at rel(-8,-9) (chunks=2 (+1 empty), plotSamples=304, contraptions=0, contraptionSamples=0) [trigger: interval]
[29авг.2026 23:30:15.979] [Render thread/INFO] [com.sablexaeromaps.SableXaeroMaps/]: sub-level a4c3d4e3 raster: image 16x17 at rel(-8,-9) (chunks=2 (+1 empty), plotSamples=300, contraptions=0, contraptionSamples=0) [trigger: interval]
[29авг.2026 23:30:17.980] [Render thread/INFO] [com.sablexaeromaps.SableXaeroMaps/]: sub-level a4c3d4e3 raster: image 16x17 at rel(-8,-9) (chunks=2 (+1 empty), plotSamples=304, contraptions=0, contraptionSamples=0) [trigger: interval]
[29авг.2026 23:30:21.981] [Render thread/INFO] [com.sablexaeromaps.SableXaeroMaps/]: sub-level a4c3d4e3 raster: image 16x18 at rel(-8,-9) (chunks=2 (+1 empty), plotSamples=308, contraptions=0, contraptionSamples=0) [trigger: interval]
[29авг.2026 23:30:35.978] [Render thread/INFO] [com.sablexaeromaps.SableXaeroMaps/]: sub-level a4c3d4e3 raster: image 16x18 at rel(-8,-9) (chunks=2 (+1 empty), plotSamples=303, contraptions=0, contraptionSamples=0) [trigger: interval]
[29авг.2026 23:30:37.977] [Render thread/INFO] [com.sablexaeromaps.SableXaeroMaps/]: sub-level a4c3d4e3 raster: image 16x17 at rel(-8,-9) (chunks=2 (+1 empty), plotSamples=306, contraptions=0, contraptionSamples=0) [trigger: interval]
[29авг.2026 23:30:38.097] [Render thread/INFO] [com.sablexaeromaps.SableXaeroMaps/]: sub-level a4c3d4e3 raster: image 16x17 at rel(-8,-9) (chunks=2 (+1 empty), plotSamples=308, contraptions=0, contraptionSamples=0) [trigger: plot bounds changed [20481027,127,20483071..20481037,133,20483087] -> [20481027,127,20483071..20481037,134,20483087]]
[29авг.2026 23:30:39.595] [Render thread/INFO] [com.sablexaeromaps.SableXaeroMaps/]: sub-level a4c3d4e3 raster: image 16x17 at rel(-8,-9) (chunks=2 (+1 empty), plotSamples=310, contraptions=0, contraptionSamples=0) [trigger: plot bounds changed [20481027,127,20483071..20481037,133,20483087] -> [20481027,127,20483071..20481037,134,20483087]]
[29авг.2026 23:30:40.495] [Render thread/INFO] [com.sablexaeromaps.SableXaeroMaps/]: sub-level a4c3d4e3 raster: image 16x17 at rel(-8,-9) (chunks=2 (+1 empty), plotSamples=304, contraptions=0, contraptionSamples=0) [trigger: plot bounds changed [20481027,127,20483071..20481037,134,20483087] -> [20481027,127,20483071..20481037,133,20483087]]
[29авг.2026 23:30:42.480] [Render thread/INFO] [com.sablexaeromaps.SableXaeroMaps/]: sub-level a4c3d4e3 raster: image 16x17 at rel(-8,-9) (chunks=2 (+1 empty), plotSamples=308, contraptions=0, contraptionSamples=0) [trigger: interval]
[29авг.2026 23:30:49.107] [Render thread/INFO] [com.sablexaeromaps.SableXaeroMaps/]: sub-level a4c3d4e3 raster: image 16x17 at rel(-8,-9) (chunks=2 (+1 empty), plotSamples=309, contraptions=0, contraptionSamples=0) [trigger: plot bounds changed [20481027,127,20483071..20481037,133,20483087] -> [20481027,127,20483071..20481037,134,20483087]]
[29авг.2026 23:30:50.430] [Render thread/INFO] [AllTheLeaks/]: Listing events...
[29авг.2026 23:30:50.430] [Render thread/INFO] [AllTheLeaks/]: World join: 1
[29авг.2026 23:30:50.430] [Render thread/INFO] [AllTheLeaks/]:   Singleplayer: 1
[29авг.2026 23:30:50.430] [Render thread/INFO] [AllTheLeaks/]:   Multiplayer: 0
[29авг.2026 23:30:50.430] [Render thread/INFO] [AllTheLeaks/]: Client Level Updates: 2
[29авг.2026 23:30:50.430] [Render thread/INFO] [AllTheLeaks/]: Client Player Logout: 1
[29авг.2026 23:30:50.430] [Render thread/INFO] [AllTheLeaks/]: Listing memory leaks so far...
[29авг.2026 23:30:50.430] [Render thread/INFO] [AllTheLeaks/]: B: 1997MB / C: 2028MB / Diff: +31MB
[29авг.2026 23:30:50.430] [Render thread/INFO] [AllTheLeaks/]: Memory Leaks detected: (/atl force_refresh to update)
[29авг.2026 23:30:50.430] [Render thread/INFO] [AllTheLeaks/]: | ChunkAccess:
[29авг.2026 23:30:50.430] [Render thread/INFO] [AllTheLeaks/]: |- LevelChunk (minecraft): 37
[29авг.2026 23:30:51.094] [Render thread/INFO] [com.sablexaeromaps.SableXaeroMaps/]: sub-level a4c3d4e3 raster: image 16x17 at rel(-8,-9) (chunks=2 (+1 empty), plotSamples=312, contraptions=0, contraptionSamples=0) [trigger: interval]
[29авг.2026 23:30:53.079] [Render thread/INFO] [com.sablexaeromaps.SableXaeroMaps/]: sub-level a4c3d4e3 raster: image 16x17 at rel(-8,-9) (chunks=2 (+1 empty), plotSamples=314, contraptions=0, contraptionSamples=0) [trigger: interval]
[29авг.2026 23:30:55.077] [Render thread/INFO] [com.sablexaeromaps.SableXaeroMaps/]: sub-level a4c3d4e3 raster: image 16x17 at rel(-8,-9) (chunks=2 (+1 empty), plotSamples=312, contraptions=0, contraptionSamples=0) [trigger: interval]
[29авг.2026 23:30:58.687] [Server thread/INFO] [net.minecraft.server.MinecraftServer/]: [quon7: Установлено время: 1000]
[29авг.2026 23:30:58.697] [Render thread/INFO] [net.minecraft.client.gui.components.ChatComponent/]: [CHAT] Установлено время: 1000
[29авг.2026 23:31:06.981] [Render thread/INFO] [com.sablexaeromaps.SableXaeroMaps/]: sub-level a4c3d4e3 raster: image 16x17 at rel(-8,-9) (chunks=2 (+1 empty), plotSamples=324, contraptions=0, contraptionSamples=0) [trigger: interval]
[29авг.2026 23:31:14.977] [Render thread/INFO] [com.sablexaeromaps.SableXaeroMaps/]: sub-level a4c3d4e3 raster: image 17x17 at rel(-9,-9) (chunks=2 (+1 empty), plotSamples=328, contraptions=0, contraptionSamples=0) [trigger: interval]
[29авг.2026 23:31:16.976] [Render thread/INFO] [com.sablexaeromaps.SableXaeroMaps/]: sub-level a4c3d4e3 raster: image 17x17 at rel(-9,-9) (chunks=2 (+1 empty), plotSamples=332, contraptions=0, contraptionSamples=0) [trigger: interval]
[29авг.2026 23:31:20.981] [Render thread/INFO] [com.sablexaeromaps.SableXaeroMaps/]: sub-level a4c3d4e3 raster: image 17x17 at rel(-9,-9) (chunks=2 (+1 empty), plotSamples=336, contraptions=0, contraptionSamples=0) [trigger: interval]
[29авг.2026 23:31:24.980] [Render thread/INFO] [com.sablexaeromaps.SableXaeroMaps/]: sub-level a4c3d4e3 raster: image 17x17 at rel(-9,-9) (chunks=2 (+1 empty), plotSamples=338, contraptions=0, contraptionSamples=0) [trigger: interval]
[29авг.2026 23:31:32.977] [Render thread/INFO] [com.sablexaeromaps.SableXaeroMaps/]: sub-level a4c3d4e3 raster: image 17x17 at rel(-9,-9) (chunks=2 (+1 empty), plotSamples=339, contraptions=0, contraptionSamples=0) [trigger: interval]
[29авг.2026 23:31:40.976] [Render thread/INFO] [com.sablexaeromaps.SableXaeroMaps/]: sub-level a4c3d4e3 raster: image 17x17 at rel(-9,-9) (chunks=2 (+1 empty), plotSamples=341, contraptions=0, contraptionSamples=0) [trigger: interval]
[29авг.2026 23:31:42.977] [Render thread/INFO] [com.sablexaeromaps.SableXaeroMaps/]: sub-level a4c3d4e3 raster: image 17x17 at rel(-9,-9) (chunks=2 (+1 empty), plotSamples=343, contraptions=0, contraptionSamples=0) [trigger: interval]
[29авг.2026 23:31:44.980] [Render thread/INFO] [com.sablexaeromaps.SableXaeroMaps/]: sub-level a4c3d4e3 raster: image 17x17 at rel(-9,-9) (chunks=2 (+1 empty), plotSamples=345, contraptions=0, contraptionSamples=0) [trigger: interval]
[29авг.2026 23:31:54.979] [Render thread/INFO] [com.sablexaeromaps.SableXaeroMaps/]: sub-level a4c3d4e3 raster: image 17x17 at rel(-9,-9) (chunks=2 (+1 empty), plotSamples=347, contraptions=0, contraptionSamples=0) [trigger: interval]
[29авг.2026 23:31:56.983] [Render thread/INFO] [com.sablexaeromaps.SableXaeroMaps/]: sub-level a4c3d4e3 raster: image 17x17 at rel(-9,-9) (chunks=2 (+1 empty), plotSamples=349, contraptions=0, contraptionSamples=0) [trigger: interval]
[29авг.2026 23:32:04.980] [Render thread/INFO] [com.sablexaeromaps.SableXaeroMaps/]: sub-level a4c3d4e3 raster: image 17x17 at rel(-9,-9) (chunks=2 (+1 empty), plotSamples=351, contraptions=0, contraptionSamples=0) [trigger: interval]
[29авг.2026 23:32:15.000] [Render thread/INFO] [com.sablexaeromaps.SableXaeroMaps/]: sub-level a4c3d4e3 raster: image 17x17 at rel(-9,-9) (chunks=2 (+1 empty), plotSamples=353, contraptions=0, contraptionSamples=0) [trigger: plot bounds changed [20481027,127,20483071..20481037,134,20483087] -> [20481027,126,20483071..20481037,134,20483087]]
[29авг.2026 23:32:17.293] [Render thread/INFO] [com.sablexaeromaps.SableXaeroMaps/]: sub-level a4c3d4e3 raster: image 17x17 at rel(-9,-9) (chunks=2 (+1 empty), plotSamples=355, contraptions=0, contraptionSamples=0) [trigger: plot bounds changed [20481027,126,20483071..20481037,134,20483087] -> [20481027,125,20483071..20481037,134,20483087]]
[29авг.2026 23:32:21.646] [Render thread/INFO] [com.sablexaeromaps.SableXaeroMaps/]: sub-level a4c3d4e3 raster: image 17x17 at rel(-9,-9) (chunks=2 (+1 empty), plotSamples=357, contraptions=0, contraptionSamples=0) [trigger: interval]
[29авг.2026 23:32:25.630] [Render thread/INFO] [com.sablexaeromaps.SableXaeroMaps/]: sub-level a4c3d4e3 raster: image 17x17 at rel(-9,-9) (chunks=2 (+1 empty), plotSamples=355, contraptions=0, contraptionSamples=0) [trigger: interval]
[29авг.2026 23:32:26.631] [Server thread/INFO] [aeroclaims/UnregisteredShipsManager/]: New unregistered ship detected: id=9c237c57-bb60-4de7-82ba-c3531958f567 name=ship
[29авг.2026 23:32:26.633] [Server thread/INFO] [aeroclaims/UnregisteredShipsManager/]: New unregistered ship detected: id=f5915b1f-0669-4317-a668-71ae1eb72eb6 name=ship
[29авг.2026 23:32:26.653] [Render thread/INFO] [com.sablexaeromaps.SableXaeroMaps/]: sub-level a4c3d4e3 raster: image 17x17 at rel(-9,-9) (chunks=2 (+1 empty), plotSamples=353, contraptions=0, contraptionSamples=0) [trigger: plot bounds changed [20481027,125,20483071..20481037,134,20483087] -> [20481027,126,20483071..20481037,134,20483087]]
[29авг.2026 23:32:26.653] [Render thread/INFO] [com.sablexaeromaps.SableXaeroMaps/]: [minimap] sub-level 9c237c57: culled: ~1.0px on screen (min 1.5px)
[29авг.2026 23:32:26.653] [Render thread/INFO] [com.sablexaeromaps.SableXaeroMaps/]: [minimap] sub-level f5915b1f: culled: ~1.0px on screen (min 1.5px)
[29авг.2026 23:32:32.297] [Render thread/INFO] [com.sablexaeromaps.SableXaeroMaps/]: sub-level a4c3d4e3 raster: image 17x17 at rel(-9,-9) (chunks=2 (+1 empty), plotSamples=351, contraptions=0, contraptionSamples=0) [trigger: plot bounds changed [20481027,126,20483071..20481037,134,20483087] -> [20481027,127,20483071..20481037,134,20483087]]
[29авг.2026 23:32:34.276] [Render thread/INFO] [com.sablexaeromaps.SableXaeroMaps/]: sub-level a4c3d4e3 raster: image 17x17 at rel(-9,-9) (chunks=2 (+1 empty), plotSamples=349, contraptions=0, contraptionSamples=0) [trigger: interval]
[29авг.2026 23:32:51.177] [Render thread/INFO] [com.sablexaeromaps.SableXaeroMaps/]: sub-level a4c3d4e3 raster: image 17x17 at rel(-9,-9) (chunks=2 (+1 empty), plotSamples=348, contraptions=0, contraptionSamples=0) [trigger: interval]
[29авг.2026 23:32:55.177] [Render thread/INFO] [com.sablexaeromaps.SableXaeroMaps/]: sub-level a4c3d4e3 raster: image 17x17 at rel(-9,-9) (chunks=2 (+1 empty), plotSamples=349, contraptions=0, contraptionSamples=0) [trigger: interval]
[29авг.2026 23:33:03.176] [Render thread/INFO] [com.sablexaeromaps.SableXaeroMaps/]: sub-level a4c3d4e3 raster: image 17x17 at rel(-9,-9) (chunks=2 (+1 empty), plotSamples=348, contraptions=0, contraptionSamples=0) [trigger: interval]
[29авг.2026 23:33:09.176] [Render thread/INFO] [com.sablexaeromaps.SableXaeroMaps/]: sub-level a4c3d4e3 raster: image 17x17 at rel(-9,-9) (chunks=2 (+1 empty), plotSamples=347, contraptions=0, contraptionSamples=0) [trigger: interval]
[29авг.2026 23:33:11.179] [Render thread/INFO] [com.sablexaeromaps.SableXaeroMaps/]: sub-level a4c3d4e3 raster: image 17x17 at rel(-9,-9) (chunks=2 (+1 empty), plotSamples=348, contraptions=0, contraptionSamples=0) [trigger: interval]
[29авг.2026 23:33:16.148] [Render thread/INFO] [com.sablexaeromaps.SableXaeroMaps/]: sub-level a4c3d4e3 raster: image 17x17 at rel(-9,-9) (chunks=2 (+1 empty), plotSamples=347, contraptions=0, contraptionSamples=0) [trigger: interval]
[29авг.2026 23:33:18.127] [Render thread/INFO] [com.sablexaeromaps.SableXaeroMaps/]: sub-level a4c3d4e3 raster: image 17x17 at rel(-9,-9) (chunks=2 (+1 empty), plotSamples=348, contraptions=0, contraptionSamples=0) [trigger: interval]
[29авг.2026 23:33:27.777] [Render thread/INFO] [com.sablexaeromaps.SableXaeroMaps/]: sub-level a4c3d4e3 raster: image 17x17 at rel(-9,-9) (chunks=2 (+1 empty), plotSamples=350, contraptions=0, contraptionSamples=0) [trigger: interval]
[29авг.2026 23:33:29.780] [Render thread/INFO] [com.sablexaeromaps.SableXaeroMaps/]: sub-level a4c3d4e3 raster: image 17x17 at rel(-9,-9) (chunks=2 (+1 empty), plotSamples=351, contraptions=0, contraptionSamples=0) [trigger: interval]
[29авг.2026 23:33:31.782] [Render thread/INFO] [com.sablexaeromaps.SableXaeroMaps/]: sub-level a4c3d4e3 raster: image 17x17 at rel(-9,-9) (chunks=2 (+1 empty), plotSamples=350, contraptions=0, contraptionSamples=0) [trigger: interval]
[29авг.2026 23:33:33.776] [Render thread/INFO] [com.sablexaeromaps.SableXaeroMaps/]: sub-level a4c3d4e3 raster: image 17x17 at rel(-9,-9) (chunks=2 (+1 empty), plotSamples=347, contraptions=0, contraptionSamples=0) [trigger: interval]
[29авг.2026 23:33:35.776] [Render thread/INFO] [com.sablexaeromaps.SableXaeroMaps/]: sub-level a4c3d4e3 raster: image 17x17 at rel(-9,-9) (chunks=2 (+1 empty), plotSamples=346, contraptions=0, contraptionSamples=0) [trigger: interval]
[29авг.2026 23:33:37.782] [Render thread/INFO] [com.sablexaeromaps.SableXaeroMaps/]: sub-level a4c3d4e3 raster: image 17x17 at rel(-9,-9) (chunks=2 (+1 empty), plotSamples=347, contraptions=0, contraptionSamples=0) [trigger: interval]
[29авг.2026 23:34:07.175] [Render thread/INFO] [com.sablexaeromaps.SableXaeroMaps/]: sub-level a4c3d4e3 raster: image 17x17 at rel(-8,-9) (chunks=2 (+1 empty), plotSamples=348, contraptions=0, contraptionSamples=0) [trigger: interval]
[29авг.2026 23:34:09.179] [Render thread/INFO] [com.sablexaeromaps.SableXaeroMaps/]: sub-level a4c3d4e3 raster: image 17x17 at rel(-8,-9) (chunks=2 (+1 empty), plotSamples=350, contraptions=0, contraptionSamples=0) [trigger: interval]
[29авг.2026 23:34:11.179] [Render thread/INFO] [com.sablexaeromaps.SableXaeroMaps/]: sub-level a4c3d4e3 raster: image 17x17 at rel(-8,-9) (chunks=2 (+1 empty), plotSamples=351, contraptions=0, contraptionSamples=0) [trigger: interval]
[29авг.2026 23:34:13.174] [Render thread/INFO] [com.sablexaeromaps.SableXaeroMaps/]: sub-level a4c3d4e3 raster: image 17x17 at rel(-8,-9) (chunks=2 (+1 empty), plotSamples=350, contraptions=0, contraptionSamples=0) [trigger: interval]
[29авг.2026 23:34:17.785] [Render thread/INFO] [com.sablexaeromaps.SableXaeroMaps/]: sub-level a4c3d4e3 raster: image 17x17 at rel(-8,-9) (chunks=2 (+1 empty), plotSamples=349, contraptions=0, contraptionSamples=0) [trigger: interval]
[29авг.2026 23:34:19.777] [Render thread/INFO] [com.sablexaeromaps.SableXaeroMaps/]: sub-level a4c3d4e3 raster: image 17x17 at rel(-8,-9) (chunks=2 (+1 empty), plotSamples=351, contraptions=0, contraptionSamples=0) [trigger: interval]
[29авг.2026 23:34:24.891] [Render thread/INFO] [com.sablexaeromaps.SableXaeroMaps/]: sub-level a4c3d4e3 raster: image 17x17 at rel(-8,-9) (chunks=2 (+1 empty), plotSamples=352, contraptions=0, contraptionSamples=0) [trigger: plot bounds changed [20481027,126,20483071..20481037,134,20483087] -> [20481027,125,20483071..20481037,134,20483087]]
[29авг.2026 23:34:25.931] [Server thread/INFO] [aeroclaims/UnregisteredShipsManager/]: New unregistered ship detected: id=8caba3ec-bc05-4d87-9ece-f468d6cc51b8 name=ship
[29авг.2026 23:34:25.948] [Render thread/INFO] [com.sablexaeromaps.SableXaeroMaps/]: [minimap] sub-level 8caba3ec: culled: ~1.0px on screen (min 1.5px)
[29авг.2026 23:34:26.232] [Server thread/INFO] [aeroclaims/UnregisteredShipsManager/]: New unregistered ship detected: id=0ed15005-1d7c-4e8b-83de-c538fe6c0244 name=ship
[29авг.2026 23:34:26.249] [Render thread/INFO] [com.sablexaeromaps.SableXaeroMaps/]: sub-level a4c3d4e3 raster: image 17x17 at rel(-8,-9) (chunks=2 (+1 empty), plotSamples=351, contraptions=0, contraptionSamples=0) [trigger: plot bounds changed [20481027,125,20483071..20481037,134,20483087] -> [20481027,127,20483071..20481037,134,20483087]]
[29авг.2026 23:34:26.249] [Render thread/INFO] [com.sablexaeromaps.SableXaeroMaps/]: [minimap] sub-level 0ed15005: culled: ~1.0px on screen (min 1.5px)
[29авг.2026 23:34:37.842] [Render thread/INFO] [com.sablexaeromaps.SableXaeroMaps/]: sub-level a4c3d4e3 raster: image 17x17 at rel(-8,-9) (chunks=2 (+1 empty), plotSamples=352, contraptions=0, contraptionSamples=0) [trigger: plot bounds changed [20481027,126,20483071..20481037,134,20483087] -> [20481027,125,20483071..20481037,134,20483087]]
[29авг.2026 23:34:39.824] [Render thread/INFO] [com.sablexaeromaps.SableXaeroMaps/]: sub-level a4c3d4e3 raster: image 17x17 at rel(-8,-9) (chunks=2 (+1 empty), plotSamples=353, contraptions=0, contraptionSamples=0) [trigger: interval]
[29авг.2026 23:34:47.975] [Render thread/INFO] [com.sablexaeromaps.SableXaeroMaps/]: sub-level a4c3d4e3 raster: image 17x17 at rel(-8,-9) (chunks=2 (+1 empty), plotSamples=355, contraptions=0, contraptionSamples=0) [trigger: interval]
[29авг.2026 23:34:51.845] [Render thread/INFO] [net.minecraft.advancements.AdvancementTree/]: Loaded 7676 advancements
[29авг.2026 23:34:51.978] [Render thread/INFO] [com.sablexaeromaps.SableXaeroMaps/]: sub-level a4c3d4e3 raster: image 17x17 at rel(-8,-9) (chunks=2 (+1 empty), plotSamples=356, contraptions=0, contraptionSamples=0) [trigger: interval]
[29авг.2026 23:34:53.978] [Render thread/INFO] [com.sablexaeromaps.SableXaeroMaps/]: sub-level a4c3d4e3 raster: image 17x17 at rel(-8,-9) (chunks=2 (+1 empty), plotSamples=357, contraptions=0, contraptionSamples=0) [trigger: interval]
[29авг.2026 23:35:02.132] [Server thread/INFO] [dev.ryanhcode.sable.Sable/]: Saving sub-levels for level 'ServerLevel[Новый мир]'/minecraft:overworld
[29авг.2026 23:35:02.146] [Server thread/INFO] [dev.ryanhcode.sable.Sable/]: Saving sub-levels for level 'ServerLevel[Новый мир]'/dimensional_for_respawn:spawnworld
[29авг.2026 23:35:02.147] [Server thread/INFO] [dev.ryanhcode.sable.Sable/]: Saving sub-levels for level 'ServerLevel[Новый мир]'/minecraft:the_end
[29авг.2026 23:35:02.147] [Server thread/INFO] [dev.ryanhcode.sable.Sable/]: Saving sub-levels for level 'ServerLevel[Новый мир]'/minecraft:the_nether
[29авг.2026 23:35:02.155] [Server thread/INFO] [Chunk Activity Tracker/]: Saving data for 91 chunks for dimension 'overworld' took 0 milliseconds
[29авг.2026 23:35:23.234] [Render thread/INFO] [com.sablexaeromaps.SableXaeroMaps/]: sub-level a4c3d4e3 raster: image 17x17 at rel(-8,-9) (chunks=2 (+1 empty), plotSamples=356, contraptions=0, contraptionSamples=0) [trigger: interval]
[29авг.2026 23:36:31.330] [Render thread/INFO] [com.sablexaeromaps.SableXaeroMaps/]: sub-level a4c3d4e3 raster: image 15x18 at rel(-7,-9) (chunks=2 (+1 empty), plotSamples=353, contraptions=0, contraptionSamples=0) [trigger: interval]
[29авг.2026 23:36:32.292] [Render thread/INFO] [com.sablexaeromaps.SableXaeroMaps/]: sub-level a4c3d4e3 raster: image 15x17 at rel(-7,-8) (chunks=2 (+1 empty), plotSamples=350, contraptions=0, contraptionSamples=0) [trigger: plot bounds changed [20481027,125,20483071..20481037,134,20483087] -> [20481027,126,20483071..20481037,134,20483087]]
[29авг.2026 23:36:45.329] [Render thread/INFO] [com.sablexaeromaps.SableXaeroMaps/]: sub-level a4c3d4e3 raster: image 15x18 at rel(-7,-9) (chunks=2 (+1 empty), plotSamples=352, contraptions=0, contraptionSamples=0) [trigger: interval]
[29авг.2026 23:36:47.328] [Render thread/INFO] [com.sablexaeromaps.SableXaeroMaps/]: sub-level a4c3d4e3 raster: image 15x18 at rel(-7,-9) (chunks=2 (+1 empty), plotSamples=353, contraptions=0, contraptionSamples=0) [trigger: interval]
[29авг.2026 23:36:49.329] [Render thread/INFO] [com.sablexaeromaps.SableXaeroMaps/]: sub-level a4c3d4e3 raster: image 15x18 at rel(-7,-9) (chunks=2 (+1 empty), plotSamples=354, contraptions=0, contraptionSamples=0) [trigger: interval]
[29авг.2026 23:36:57.327] [Render thread/INFO] [com.sablexaeromaps.SableXaeroMaps/]: sub-level a4c3d4e3 raster: image 15x18 at rel(-7,-9) (chunks=2 (+1 empty), plotSamples=352, contraptions=0, contraptionSamples=0) [trigger: interval]
[29авг.2026 23:36:59.330] [Render thread/INFO] [com.sablexaeromaps.SableXaeroMaps/]: sub-level a4c3d4e3 raster: image 15x18 at rel(-7,-9) (chunks=2 (+1 empty), plotSamples=354, contraptions=0, contraptionSamples=0) [trigger: interval]
[29авг.2026 23:37:03.330] [Render thread/INFO] [com.sablexaeromaps.SableXaeroMaps/]: sub-level a4c3d4e3 raster: image 15x18 at rel(-7,-9) (chunks=2 (+1 empty), plotSamples=355, contraptions=0, contraptionSamples=0) [trigger: interval]
[29авг.2026 23:37:05.327] [Render thread/INFO] [com.sablexaeromaps.SableXaeroMaps/]: sub-level a4c3d4e3 raster: image 15x18 at rel(-7,-9) (chunks=2 (+1 empty), plotSamples=356, contraptions=0, contraptionSamples=0) [trigger: interval]
[29авг.2026 23:37:06.699] [Render thread/INFO] [com.sablexaeromaps.SableXaeroMaps/]: sub-level a4c3d4e3 raster: image 15x18 at rel(-7,-9) (chunks=2 (+1 empty), plotSamples=357, contraptions=0, contraptionSamples=0) [trigger: plot bounds changed [20481027,126,20483071..20481037,134,20483087] -> [20481027,125,20483071..20481037,134,20483087]]
[29авг.2026 23:37:07.094] [Render thread/INFO] [com.sablexaeromaps.SableXaeroMaps/]: sub-level a4c3d4e3 raster: image 15x18 at rel(-7,-9) (chunks=2 (+1 empty), plotSamples=356, contraptions=0, contraptionSamples=0) [trigger: plot bounds changed [20481027,125,20483071..20481037,134,20483087] -> [20481027,126,20483071..20481037,134,20483087]]
[29авг.2026 23:37:11.080] [Render thread/INFO] [com.sablexaeromaps.SableXaeroMaps/]: sub-level a4c3d4e3 raster: image 15x18 at rel(-7,-9) (chunks=2 (+1 empty), plotSamples=357, contraptions=0, contraptionSamples=0) [trigger: interval]
[29авг.2026 23:37:13.077] [Render thread/INFO] [com.sablexaeromaps.SableXaeroMaps/]: sub-level a4c3d4e3 raster: image 15x18 at rel(-7,-9) (chunks=2 (+1 empty), plotSamples=359, contraptions=0, contraptionSamples=0) [trigger: interval]
[29авг.2026 23:37:15.082] [Render thread/INFO] [com.sablexaeromaps.SableXaeroMaps/]: sub-level a4c3d4e3 raster: image 15x18 at rel(-7,-9) (chunks=2 (+1 empty), plotSamples=360, contraptions=0, contraptionSamples=0) [trigger: interval]
[29авг.2026 23:37:58.231] [Server thread/INFO] [net.minecraft.client.server.IntegratedServer/]: Saving and pausing game...
[29авг.2026 23:37:58.281] [Server thread/INFO] [net.minecraft.server.MinecraftServer/]: Saving chunks for level 'ServerLevel[Новый мир]'/minecraft:overworld
[29авг.2026 23:37:58.281] [Server thread/INFO] [dev.ryanhcode.sable.Sable/]: Saving sub-levels for level 'ServerLevel[Новый мир]'/minecraft:overworld
[29авг.2026 23:37:58.302] [Server thread/INFO] [net.minecraft.server.MinecraftServer/]: Saving chunks for level 'ServerLevel[Новый мир]'/dimensional_for_respawn:spawnworld
[29авг.2026 23:37:58.302] [Server thread/INFO] [dev.ryanhcode.sable.Sable/]: Saving sub-levels for level 'ServerLevel[Новый мир]'/dimensional_for_respawn:spawnworld
[29авг.2026 23:37:58.302] [Server thread/INFO] [net.minecraft.server.MinecraftServer/]: Saving chunks for level 'ServerLevel[Новый мир]'/minecraft:the_end
[29авг.2026 23:37:58.302] [Server thread/INFO] [dev.ryanhcode.sable.Sable/]: Saving sub-levels for level 'ServerLevel[Новый мир]'/minecraft:the_end
[29авг.2026 23:37:58.304] [Server thread/INFO] [net.minecraft.server.MinecraftServer/]: Saving chunks for level 'ServerLevel[Новый мир]'/minecraft:the_nether
[29авг.2026 23:37:58.304] [Server thread/INFO] [dev.ryanhcode.sable.Sable/]: Saving sub-levels for level 'ServerLevel[Новый мир]'/minecraft:the_nether
[29авг.2026 23:37:58.312] [Server thread/INFO] [Chunk Activity Tracker/]: Saving data for 101 chunks for dimension 'overworld' took 1 milliseconds
[29авг.2026 23:38:23.890] [Render thread/INFO] [com.sablexaeromaps.SableXaeroMaps/]: sub-level a4c3d4e3 raster: image 16x18 at rel(-8,-9) (chunks=2 (+1 empty), plotSamples=361, contraptions=0, contraptionSamples=0) [trigger: interval]
[29авг.2026 23:38:25.890] [Render thread/INFO] [com.sablexaeromaps.SableXaeroMaps/]: sub-level a4c3d4e3 raster: image 16x18 at rel(-8,-9) (chunks=2 (+1 empty), plotSamples=360, contraptions=0, contraptionSamples=0) [trigger: interval]
[29авг.2026 23:38:34.787] [Render thread/INFO] [com.sablexaeromaps.SableXaeroMaps/]: sub-level a4c3d4e3 raster: image 16x18 at rel(-8,-9) (chunks=2 (+1 empty), plotSamples=361, contraptions=0, contraptionSamples=0) [trigger: interval]
[29авг.2026 23:38:36.787] [Render thread/INFO] [com.sablexaeromaps.SableXaeroMaps/]: sub-level a4c3d4e3 raster: image 16x18 at rel(-8,-9) (chunks=2 (+1 empty), plotSamples=360, contraptions=0, contraptionSamples=0) [trigger: interval]
[29авг.2026 23:38:38.789] [Render thread/INFO] [com.sablexaeromaps.SableXaeroMaps/]: sub-level a4c3d4e3 raster: image 16x18 at rel(-8,-9) (chunks=2 (+1 empty), plotSamples=363, contraptions=0, contraptionSamples=0) [trigger: interval]
[29авг.2026 23:38:40.785] [Render thread/INFO] [com.sablexaeromaps.SableXaeroMaps/]: sub-level a4c3d4e3 raster: image 16x18 at rel(-8,-9) (chunks=2 (+1 empty), plotSamples=361, contraptions=0, contraptionSamples=0) [trigger: interval]
[29авг.2026 23:38:45.006] [Render thread/INFO] [com.sablexaeromaps.SableXaeroMaps/]: sub-level a4c3d4e3 raster: image 16x18 at rel(-8,-9) (chunks=2 (+1 empty), plotSamples=360, contraptions=0, contraptionSamples=0) [trigger: interval]
[29авг.2026 23:39:09.403] [Render thread/INFO] [com.sablexaeromaps.SableXaeroMaps/]: sub-level a4c3d4e3 raster: image 16x18 at rel(-8,-9) (chunks=2 (+1 empty), plotSamples=361, contraptions=0, contraptionSamples=0) [trigger: interval]
[29авг.2026 23:39:15.837] [Render thread/INFO] [com.sablexaeromaps.SableXaeroMaps/]: sub-level a4c3d4e3 raster: image 16x18 at rel(-8,-9) (chunks=2 (+1 empty), plotSamples=360, contraptions=0, contraptionSamples=0) [trigger: interval]
[29авг.2026 23:39:35.561] [Render thread/INFO] [com.sablexaeromaps.SableXaeroMaps/]: sub-level a4c3d4e3 raster: image 16x18 at rel(-8,-9) (chunks=2 (+1 empty), plotSamples=359, contraptions=0, contraptionSamples=0) [trigger: interval]
[29авг.2026 23:39:43.487] [Render thread/INFO] [com.sablexaeromaps.SableXaeroMaps/]: sub-level a4c3d4e3 raster: image 16x18 at rel(-8,-9) (chunks=2 (+1 empty), plotSamples=360, contraptions=0, contraptionSamples=0) [trigger: interval]
[29авг.2026 23:39:55.489] [Render thread/INFO] [com.sablexaeromaps.SableXaeroMaps/]: sub-level a4c3d4e3 raster: image 16x18 at rel(-8,-9) (chunks=2 (+1 empty), plotSamples=358, contraptions=0, contraptionSamples=0) [trigger: interval]
[29авг.2026 23:39:57.491] [Render thread/INFO] [com.sablexaeromaps.SableXaeroMaps/]: sub-level a4c3d4e3 raster: image 16x18 at rel(-8,-9) (chunks=2 (+1 empty), plotSamples=360, contraptions=0, contraptionSamples=0) [trigger: interval]
[29авг.2026 23:40:02.790] [Render thread/INFO] [com.sablexaeromaps.SableXaeroMaps/]: sub-level a4c3d4e3 raster: image 16x18 at rel(-8,-9) (chunks=2 (+1 empty), plotSamples=361, contraptions=0, contraptionSamples=0) [trigger: interval]
[29авг.2026 23:40:06.384] [Server thread/INFO] [dev.ryanhcode.sable.Sable/]: Saving sub-levels for level 'ServerLevel[Новый мир]'/minecraft:overworld
[29авг.2026 23:40:06.398] [Server thread/INFO] [dev.ryanhcode.sable.Sable/]: Saving sub-levels for level 'ServerLevel[Новый мир]'/dimensional_for_respawn:spawnworld
[29авг.2026 23:40:06.398] [Server thread/INFO] [dev.ryanhcode.sable.Sable/]: Saving sub-levels for level 'ServerLevel[Новый мир]'/minecraft:the_end
[29авг.2026 23:40:06.399] [Server thread/INFO] [dev.ryanhcode.sable.Sable/]: Saving sub-levels for level 'ServerLevel[Новый мир]'/minecraft:the_nether
[29авг.2026 23:40:06.406] [Server thread/INFO] [Chunk Activity Tracker/]: Saving data for 101 chunks for dimension 'overworld' took 1 milliseconds
[29авг.2026 23:40:06.788] [Render thread/INFO] [com.sablexaeromaps.SableXaeroMaps/]: sub-level a4c3d4e3 raster: image 16x18 at rel(-8,-9) (chunks=2 (+1 empty), plotSamples=362, contraptions=0, contraptionSamples=0) [trigger: interval]
[29авг.2026 23:40:15.109] [Render thread/INFO] [com.sablexaeromaps.SableXaeroMaps/]: sub-level a4c3d4e3 raster: image 16x18 at rel(-8,-9) (chunks=2 (+1 empty), plotSamples=361, contraptions=0, contraptionSamples=0) [trigger: sky brightness changed]
[29авг.2026 23:40:17.086] [Render thread/INFO] [com.sablexaeromaps.SableXaeroMaps/]: sub-level a4c3d4e3 raster: image 16x18 at rel(-8,-9) (chunks=2 (+1 empty), plotSamples=362, contraptions=0, contraptionSamples=0) [trigger: interval]
[29авг.2026 23:40:21.096] [Render thread/INFO] [com.sablexaeromaps.SableXaeroMaps/]: sub-level a4c3d4e3 raster: image 16x18 at rel(-8,-9) (chunks=2 (+1 empty), plotSamples=364, contraptions=0, contraptionSamples=0) [trigger: interval]
[29авг.2026 23:40:50.480] [Render thread/INFO] [AllTheLeaks/]: Listing events...
[29авг.2026 23:40:50.480] [Render thread/INFO] [AllTheLeaks/]: World join: 1
[29авг.2026 23:40:50.480] [Render thread/INFO] [AllTheLeaks/]:   Singleplayer: 1
[29авг.2026 23:40:50.480] [Render thread/INFO] [AllTheLeaks/]:   Multiplayer: 0
[29авг.2026 23:40:50.480] [Render thread/INFO] [AllTheLeaks/]: Client Level Updates: 2
[29авг.2026 23:40:50.480] [Render thread/INFO] [AllTheLeaks/]: Client Player Logout: 1
[29авг.2026 23:40:50.480] [Render thread/INFO] [AllTheLeaks/]: Listing memory leaks so far...
[29авг.2026 23:40:50.480] [Render thread/INFO] [AllTheLeaks/]: B: 1997MB / C: 2106MB / Diff: +109MB
[29авг.2026 23:40:50.480] [Render thread/INFO] [AllTheLeaks/]: Memory Leaks detected: (/atl force_refresh to update)
[29авг.2026 23:40:50.480] [Render thread/INFO] [AllTheLeaks/]: | ChunkAccess:
[29авг.2026 23:40:50.480] [Render thread/INFO] [AllTheLeaks/]: |- LevelChunk (minecraft): 108
[29авг.2026 23:41:01.087] [Render thread/INFO] [com.sablexaeromaps.SableXaeroMaps/]: sub-level a4c3d4e3 raster: image 16x18 at rel(-8,-9) (chunks=2 (+1 empty), plotSamples=363, contraptions=0, contraptionSamples=0) [trigger: interval]
[29авг.2026 23:41:03.085] [Render thread/INFO] [com.sablexaeromaps.SableXaeroMaps/]: sub-level a4c3d4e3 raster: image 16x18 at rel(-8,-9) (chunks=2 (+1 empty), plotSamples=361, contraptions=0, contraptionSamples=0) [trigger: interval]
[29авг.2026 23:41:19.981] [Server thread/INFO] [net.minecraft.client.server.IntegratedServer/]: Saving and pausing game...
[29авг.2026 23:41:20.028] [Server thread/INFO] [net.minecraft.server.MinecraftServer/]: Saving chunks for level 'ServerLevel[Новый мир]'/minecraft:overworld
[29авг.2026 23:41:20.028] [Server thread/INFO] [dev.ryanhcode.sable.Sable/]: Saving sub-levels for level 'ServerLevel[Новый мир]'/minecraft:overworld
[29авг.2026 23:41:20.044] [Server thread/INFO] [net.minecraft.server.MinecraftServer/]: Saving chunks for level 'ServerLevel[Новый мир]'/dimensional_for_respawn:spawnworld
[29авг.2026 23:41:20.044] [Server thread/INFO] [dev.ryanhcode.sable.Sable/]: Saving sub-levels for level 'ServerLevel[Новый мир]'/dimensional_for_respawn:spawnworld
[29авг.2026 23:41:20.044] [Server thread/INFO] [net.minecraft.server.MinecraftServer/]: Saving chunks for level 'ServerLevel[Новый мир]'/minecraft:the_end
[29авг.2026 23:41:20.044] [Server thread/INFO] [dev.ryanhcode.sable.Sable/]: Saving sub-levels for level 'ServerLevel[Новый мир]'/minecraft:the_end
[29авг.2026 23:41:20.044] [Server thread/INFO] [net.minecraft.server.MinecraftServer/]: Saving chunks for level 'ServerLevel[Новый мир]'/minecraft:the_nether
[29авг.2026 23:41:20.045] [Server thread/INFO] [dev.ryanhcode.sable.Sable/]: Saving sub-levels for level 'ServerLevel[Новый мир]'/minecraft:the_nether
[29авг.2026 23:41:20.053] [Server thread/INFO] [Chunk Activity Tracker/]: Saving data for 101 chunks for dimension 'overworld' took 0 milliseconds
[29авг.2026 23:41:37.305] [Render thread/INFO] [net.minecraft.advancements.AdvancementTree/]: Loaded 7677 advancements
[29авг.2026 23:41:49.942] [Render thread/INFO] [com.sablexaeromaps.SableXaeroMaps/]: sub-level a4c3d4e3 raster: image 16x18 at rel(-8,-9) (chunks=2 (+1 empty), plotSamples=362, contraptions=0, contraptionSamples=0) [trigger: interval]
[29авг.2026 23:41:57.673] [Render thread/INFO] [com.sablexaeromaps.SableXaeroMaps/]: sub-level a4c3d4e3 raster: image 16x18 at rel(-8,-9) (chunks=2 (+1 empty), plotSamples=359, contraptions=0, contraptionSamples=0) [trigger: interval]
[29авг.2026 23:41:59.642] [Render thread/INFO] [com.sablexaeromaps.SableXaeroMaps/]: sub-level a4c3d4e3 raster: image 16x18 at rel(-8,-9) (chunks=2 (+1 empty), plotSamples=360, contraptions=0, contraptionSamples=0) [trigger: interval]
[29авг.2026 23:43:03.581] [Server thread/INFO] [net.minecraft.client.server.IntegratedServer/]: Saving and pausing game...
[29авг.2026 23:43:03.623] [Server thread/INFO] [net.minecraft.server.MinecraftServer/]: Saving chunks for level 'ServerLevel[Новый мир]'/minecraft:overworld
[29авг.2026 23:43:03.623] [Server thread/INFO] [dev.ryanhcode.sable.Sable/]: Saving sub-levels for level 'ServerLevel[Новый мир]'/minecraft:overworld
[29авг.2026 23:43:03.635] [Server thread/INFO] [net.minecraft.server.MinecraftServer/]: Saving chunks for level 'ServerLevel[Новый мир]'/dimensional_for_respawn:spawnworld
[29авг.2026 23:43:03.636] [Server thread/INFO] [dev.ryanhcode.sable.Sable/]: Saving sub-levels for level 'ServerLevel[Новый мир]'/dimensional_for_respawn:spawnworld
[29авг.2026 23:43:03.636] [Server thread/INFO] [net.minecraft.server.MinecraftServer/]: Saving chunks for level 'ServerLevel[Новый мир]'/minecraft:the_end
[29авг.2026 23:43:03.636] [Server thread/INFO] [dev.ryanhcode.sable.Sable/]: Saving sub-levels for level 'ServerLevel[Новый мир]'/minecraft:the_end
[29авг.2026 23:43:03.636] [Server thread/INFO] [net.minecraft.server.MinecraftServer/]: Saving chunks for level 'ServerLevel[Новый мир]'/minecraft:the_nether
[29авг.2026 23:43:03.636] [Server thread/INFO] [dev.ryanhcode.sable.Sable/]: Saving sub-levels for level 'ServerLevel[Новый мир]'/minecraft:the_nether
[29авг.2026 23:43:03.643] [Server thread/INFO] [Chunk Activity Tracker/]: Saving data for 101 chunks for dimension 'overworld' took 1 milliseconds
[29авг.2026 23:43:20.081] [Server thread/INFO] [net.minecraft.client.server.IntegratedServer/]: Saving and pausing game...
[29авг.2026 23:43:20.124] [Server thread/INFO] [net.minecraft.server.MinecraftServer/]: Saving chunks for level 'ServerLevel[Новый мир]'/minecraft:overworld
[29авг.2026 23:43:20.124] [Server thread/INFO] [dev.ryanhcode.sable.Sable/]: Saving sub-levels for level 'ServerLevel[Новый мир]'/minecraft:overworld
[29авг.2026 23:43:20.138] [Server thread/INFO] [net.minecraft.server.MinecraftServer/]: Saving chunks for level 'ServerLevel[Новый мир]'/dimensional_for_respawn:spawnworld
[29авг.2026 23:43:20.138] [Server thread/INFO] [dev.ryanhcode.sable.Sable/]: Saving sub-levels for level 'ServerLevel[Новый мир]'/dimensional_for_respawn:spawnworld
[29авг.2026 23:43:20.138] [Server thread/INFO] [net.minecraft.server.MinecraftServer/]: Saving chunks for level 'ServerLevel[Новый мир]'/minecraft:the_end
[29авг.2026 23:43:20.138] [Server thread/INFO] [dev.ryanhcode.sable.Sable/]: Saving sub-levels for level 'ServerLevel[Новый мир]'/minecraft:the_end
[29авг.2026 23:43:20.138] [Server thread/INFO] [net.minecraft.server.MinecraftServer/]: Saving chunks for level 'ServerLevel[Новый мир]'/minecraft:the_nether
[29авг.2026 23:43:20.138] [Server thread/INFO] [dev.ryanhcode.sable.Sable/]: Saving sub-levels for level 'ServerLevel[Новый мир]'/minecraft:the_nether
[29авг.2026 23:43:20.146] [Server thread/INFO] [Chunk Activity Tracker/]: Saving data for 101 chunks for dimension 'overworld' took 0 milliseconds
[29авг.2026 23:43:55.286] [Render thread/INFO] [com.sablexaeromaps.SableXaeroMaps/]: sub-level a4c3d4e3 raster: image 16x18 at rel(-8,-9) (chunks=2 (+1 empty), plotSamples=361, contraptions=0, contraptionSamples=0) [trigger: interval]
[29авг.2026 23:45:06.881] [Server thread/INFO] [net.minecraft.client.server.IntegratedServer/]: Saving and pausing game...
[29авг.2026 23:45:06.924] [Server thread/INFO] [net.minecraft.server.MinecraftServer/]: Saving chunks for level 'ServerLevel[Новый мир]'/minecraft:overworld
[29авг.2026 23:45:06.924] [Server thread/INFO] [dev.ryanhcode.sable.Sable/]: Saving sub-levels for level 'ServerLevel[Новый мир]'/minecraft:overworld
[29авг.2026 23:45:06.937] [Server thread/INFO] [net.minecraft.server.MinecraftServer/]: Saving chunks for level 'ServerLevel[Новый мир]'/dimensional_for_respawn:spawnworld
[29авг.2026 23:45:06.937] [Server thread/INFO] [dev.ryanhcode.sable.Sable/]: Saving sub-levels for level 'ServerLevel[Новый мир]'/dimensional_for_respawn:spawnworld
[29авг.2026 23:45:06.937] [Server thread/INFO] [net.minecraft.server.MinecraftServer/]: Saving chunks for level 'ServerLevel[Новый мир]'/minecraft:the_end
[29авг.2026 23:45:06.937] [Server thread/INFO] [dev.ryanhcode.sable.Sable/]: Saving sub-levels for level 'ServerLevel[Новый мир]'/minecraft:the_end
[29авг.2026 23:45:06.938] [Server thread/INFO] [net.minecraft.server.MinecraftServer/]: Saving chunks for level 'ServerLevel[Новый мир]'/minecraft:the_nether
[29авг.2026 23:45:06.938] [Server thread/INFO] [dev.ryanhcode.sable.Sable/]: Saving sub-levels for level 'ServerLevel[Новый мир]'/minecraft:the_nether
[29авг.2026 23:45:06.945] [Server thread/INFO] [Chunk Activity Tracker/]: Saving data for 101 chunks for dimension 'overworld' took 0 milliseconds
[29авг.2026 23:45:22.215] [Render thread/INFO] [com.sablexaeromaps.SableXaeroMaps/]: sub-level a4c3d4e3 raster: image 16x18 at rel(-8,-9) (chunks=2 (+1 empty), plotSamples=359, contraptions=0, contraptionSamples=0) [trigger: interval]
[29авг.2026 23:45:28.515] [Render thread/INFO] [com.sablexaeromaps.SableXaeroMaps/]: sub-level a4c3d4e3 raster: image 16x18 at rel(-8,-9) (chunks=2 (+1 empty), plotSamples=360, contraptions=0, contraptionSamples=0) [trigger: interval]
[29авг.2026 23:45:32.512] [Render thread/INFO] [com.sablexaeromaps.SableXaeroMaps/]: sub-level a4c3d4e3 raster: image 16x18 at rel(-8,-9) (chunks=2 (+1 empty), plotSamples=361, contraptions=0, contraptionSamples=0) [trigger: interval]
[29авг.2026 23:45:37.228] [Server thread/INFO] [dev.ryanhcode.sable.Sable/]: Saving sub-levels for level 'ServerLevel[Новый мир]'/minecraft:overworld
[29авг.2026 23:45:37.242] [Server thread/INFO] [dev.ryanhcode.sable.Sable/]: Saving sub-levels for level 'ServerLevel[Новый мир]'/dimensional_for_respawn:spawnworld
[29авг.2026 23:45:37.242] [Server thread/INFO] [dev.ryanhcode.sable.Sable/]: Saving sub-levels for level 'ServerLevel[Новый мир]'/minecraft:the_end
[29авг.2026 23:45:37.242] [Server thread/INFO] [dev.ryanhcode.sable.Sable/]: Saving sub-levels for level 'ServerLevel[Новый мир]'/minecraft:the_nether
[29авг.2026 23:45:37.251] [Server thread/INFO] [Chunk Activity Tracker/]: Saving data for 101 chunks for dimension 'overworld' took 1 milliseconds
[29авг.2026 23:45:43.768] [Render thread/INFO] [com.sablexaeromaps.SableXaeroMaps/]: sub-level a4c3d4e3 raster: image 16x18 at rel(-8,-9) (chunks=2 (+1 empty), plotSamples=362, contraptions=0, contraptionSamples=0) [trigger: interval]
[29авг.2026 23:45:47.765] [Render thread/INFO] [com.sablexaeromaps.SableXaeroMaps/]: sub-level a4c3d4e3 raster: image 16x18 at rel(-8,-9) (chunks=2 (+1 empty), plotSamples=364, contraptions=0, contraptionSamples=0) [trigger: interval]
[29авг.2026 23:45:53.015] [Render thread/INFO] [com.sablexaeromaps.SableXaeroMaps/]: sub-level a4c3d4e3 raster: image 15x18 at rel(-7,-9) (chunks=2 (+1 empty), plotSamples=365, contraptions=0, contraptionSamples=0) [trigger: interval]
[29авг.2026 23:45:55.013] [Render thread/INFO] [com.sablexaeromaps.SableXaeroMaps/]: sub-level a4c3d4e3 raster: image 15x18 at rel(-7,-9) (chunks=2 (+1 empty), plotSamples=364, contraptions=0, contraptionSamples=0) [trigger: interval]
[29авг.2026 23:46:01.965] [Render thread/INFO] [com.sablexaeromaps.SableXaeroMaps/]: sub-level a4c3d4e3 raster: image 15x18 at rel(-7,-9) (chunks=2 (+1 empty), plotSamples=365, contraptions=0, contraptionSamples=0) [trigger: interval]
[29авг.2026 23:46:05.963] [Render thread/INFO] [com.sablexaeromaps.SableXaeroMaps/]: sub-level a4c3d4e3 raster: image 15x18 at rel(-7,-9) (chunks=2 (+1 empty), plotSamples=364, contraptions=0, contraptionSamples=0) [trigger: interval]
[29авг.2026 23:46:16.402] [Render thread/INFO] [net.minecraft.advancements.AdvancementTree/]: Loaded 7703 advancements
[29авг.2026 23:46:34.313] [Render thread/INFO] [com.sablexaeromaps.SableXaeroMaps/]: sub-level a4c3d4e3 raster: image 15x18 at rel(-7,-9) (chunks=2 (+1 empty), plotSamples=363, contraptions=0, contraptionSamples=0) [trigger: interval]
[29авг.2026 23:46:38.664] [Render thread/INFO] [com.sablexaeromaps.SableXaeroMaps/]: sub-level a4c3d4e3 raster: image 15x18 at rel(-7,-9) (chunks=2 (+1 empty), plotSamples=364, contraptions=0, contraptionSamples=0) [trigger: interval]
[29авг.2026 23:47:06.014] [Render thread/INFO] [com.sablexaeromaps.SableXaeroMaps/]: sub-level a4c3d4e3 raster: image 15x18 at rel(-7,-9) (chunks=2 (+1 empty), plotSamples=365, contraptions=0, contraptionSamples=0) [trigger: interval]
[29авг.2026 23:47:08.015] [Render thread/INFO] [com.sablexaeromaps.SableXaeroMaps/]: sub-level a4c3d4e3 raster: image 15x18 at rel(-7,-9) (chunks=2 (+1 empty), plotSamples=364, contraptions=0, contraptionSamples=0) [trigger: interval]
[29авг.2026 23:47:28.412] [Render thread/INFO] [com.sablexaeromaps.SableXaeroMaps/]: sub-level a4c3d4e3 raster: image 15x18 at rel(-7,-9) (chunks=2 (+1 empty), plotSamples=365, contraptions=0, contraptionSamples=0) [trigger: interval]
[29авг.2026 23:47:40.015] [Render thread/INFO] [com.sablexaeromaps.SableXaeroMaps/]: sub-level a4c3d4e3 raster: image 15x18 at rel(-7,-9) (chunks=2 (+1 empty), plotSamples=366, contraptions=0, contraptionSamples=0) [trigger: interval]
[29авг.2026 23:47:42.017] [Render thread/INFO] [com.sablexaeromaps.SableXaeroMaps/]: sub-level a4c3d4e3 raster: image 15x18 at rel(-7,-9) (chunks=2 (+1 empty), plotSamples=367, contraptions=0, contraptionSamples=0) [trigger: interval]
[29авг.2026 23:47:56.816] [Render thread/INFO] [com.sablexaeromaps.SableXaeroMaps/]: sub-level a4c3d4e3 raster: image 15x18 at rel(-7,-9) (chunks=2 (+1 empty), plotSamples=366, contraptions=0, contraptionSamples=0) [trigger: interval]
[29авг.2026 23:48:56.888] [Render thread/INFO] [com.sablexaeromaps.SableXaeroMaps/]: sub-level a4c3d4e3 raster: image 15x18 at rel(-7,-9) (chunks=2 (+1 empty), plotSamples=364, contraptions=0, contraptionSamples=0) [trigger: interval]
[29авг.2026 23:50:19.241] [Server thread/INFO] [aeroclaims/UnregisteredShipsManager/]: New unregistered ship detected: id=7c339acf-c2fe-4f59-8439-55b6ed7db7ac name=ship
[29авг.2026 23:50:33.707] [Render thread/INFO] [com.sablexaeromaps.SableXaeroMaps/]: sub-level 7c339acf no longer in the level; dropping its map image
[29авг.2026 23:50:33.708] [Render thread/INFO] [com.sablexaeromaps.SableXaeroMaps/]: sub-level 113d4cb0 no longer in the level; dropping its map image
[29авг.2026 23:50:37.234] [Server thread/INFO] [dev.ryanhcode.sable.Sable/]: Saving sub-levels for level 'ServerLevel[Новый мир]'/minecraft:overworld
[29авг.2026 23:50:37.251] [Server thread/INFO] [dev.ryanhcode.sable.Sable/]: Saving sub-levels for level 'ServerLevel[Новый мир]'/dimensional_for_respawn:spawnworld
[29авг.2026 23:50:37.251] [Server thread/INFO] [dev.ryanhcode.sable.Sable/]: Saving sub-levels for level 'ServerLevel[Новый мир]'/minecraft:the_end
[29авг.2026 23:50:37.251] [Server thread/INFO] [dev.ryanhcode.sable.Sable/]: Saving sub-levels for level 'ServerLevel[Новый мир]'/minecraft:the_nether
[29авг.2026 23:50:37.261] [Server thread/INFO] [Chunk Activity Tracker/]: Saving data for 109 chunks for dimension 'overworld' took 1 milliseconds
[29авг.2026 23:50:50.512] [Render thread/INFO] [AllTheLeaks/]: Listing events...
[29авг.2026 23:50:50.512] [Render thread/INFO] [AllTheLeaks/]: World join: 1
[29авг.2026 23:50:50.512] [Render thread/INFO] [AllTheLeaks/]:   Singleplayer: 1
[29авг.2026 23:50:50.512] [Render thread/INFO] [AllTheLeaks/]:   Multiplayer: 0
[29авг.2026 23:50:50.512] [Render thread/INFO] [AllTheLeaks/]: Client Level Updates: 2
[29авг.2026 23:50:50.512] [Render thread/INFO] [AllTheLeaks/]: Client Player Logout: 1
[29авг.2026 23:50:50.512] [Render thread/INFO] [AllTheLeaks/]: Listing memory leaks so far...
[29авг.2026 23:50:50.512] [Render thread/INFO] [AllTheLeaks/]: B: 1997MB / C: 2296MB / Diff: +299MB
[29авг.2026 23:50:50.512] [Render thread/INFO] [AllTheLeaks/]: Memory Leaks detected: (/atl force_refresh to update)
[29авг.2026 23:50:50.512] [Render thread/INFO] [AllTheLeaks/]: | ChunkAccess:
[29авг.2026 23:50:50.512] [Render thread/INFO] [AllTheLeaks/]: |- LevelChunk (minecraft): 674
[29авг.2026 23:50:54.262] [Render thread/INFO] [de.keksuccino.fancymenu.customization.layer.ScreenCustomizationLayerHandler/]: [FANCYMENU] ScreenCustomizationLayer registered: pause_screen
[29авг.2026 23:50:54.332] [Server thread/INFO] [net.minecraft.client.server.IntegratedServer/]: Saving and pausing game...
[29авг.2026 23:50:54.404] [Server thread/INFO] [net.minecraft.server.MinecraftServer/]: Saving chunks for level 'ServerLevel[Новый мир]'/minecraft:overworld
[29авг.2026 23:50:54.404] [Server thread/INFO] [dev.ryanhcode.sable.Sable/]: Saving sub-levels for level 'ServerLevel[Новый мир]'/minecraft:overworld
[29авг.2026 23:50:54.424] [Server thread/INFO] [net.minecraft.server.MinecraftServer/]: Saving chunks for level 'ServerLevel[Новый мир]'/dimensional_for_respawn:spawnworld
[29авг.2026 23:50:54.424] [Server thread/INFO] [dev.ryanhcode.sable.Sable/]: Saving sub-levels for level 'ServerLevel[Новый мир]'/dimensional_for_respawn:spawnworld
[29авг.2026 23:50:54.425] [Server thread/INFO] [net.minecraft.server.MinecraftServer/]: Saving chunks for level 'ServerLevel[Новый мир]'/minecraft:the_end
[29авг.2026 23:50:54.425] [Server thread/INFO] [dev.ryanhcode.sable.Sable/]: Saving sub-levels for level 'ServerLevel[Новый мир]'/minecraft:the_end
[29авг.2026 23:50:54.426] [Server thread/INFO] [net.minecraft.server.MinecraftServer/]: Saving chunks for level 'ServerLevel[Новый мир]'/minecraft:the_nether
[29авг.2026 23:50:54.426] [Server thread/INFO] [dev.ryanhcode.sable.Sable/]: Saving sub-levels for level 'ServerLevel[Новый мир]'/minecraft:the_nether
[29авг.2026 23:50:54.438] [Server thread/INFO] [Chunk Activity Tracker/]: Saving data for 110 chunks for dimension 'overworld' took 1 milliseconds
[29авг.2026 23:57:41.136] [Netty Local Client IO #1/INFO] [dev.ryanhcode.sable.Sable/]: Client UDP channel inactive
[29авг.2026 23:57:41.136] [Netty Local Client IO #1/INFO] [dev.ryanhcode.sable.Sable/]: Closed UDP channel!
[29авг.2026 23:57:41.137] [Render thread/INFO] [xaero.hud.minimap.MinimapLogs/]: Xaero hud session finalized.
[29авг.2026 23:57:41.137] [Render thread/INFO] [xaero.map.WorldMap/]: Finalizing world map session...
[29авг.2026 23:57:41.178] [Thread-24/INFO] [xaero.map.WorldMap/]: World map cleaned normally!
[29авг.2026 23:57:41.240] [Render thread/INFO] [xaero.map.WorldMap/]: World map session finalized.
[29авг.2026 23:57:41.240] [Render thread/INFO] [DistantHorizons-DistantHorizons-com.seibel.distanthorizons.core.api.internal.ClientApi/]: Client on ClientOnly mode disconnecting.
[29авг.2026 23:57:41.243] [level shutdown/INFO] [DistantHorizons-DistantHorizons-com.seibel.distanthorizons.core.level.AbstractDhServerLevel/]: Closed DHLevel for [Wrapped{ServerLevel[Новый мир]@minecraft:the_end}].
[29авг.2026 23:57:41.243] [level shutdown/INFO] [DistantHorizons-DistantHorizons-com.seibel.distanthorizons.core.level.AbstractDhServerLevel/]: Closed DHLevel for [Wrapped{ServerLevel[Новый мир]@minecraft:overworld}].
[29авг.2026 23:57:41.243] [level shutdown/INFO] [DistantHorizons-DistantHorizons-com.seibel.distanthorizons.core.level.AbstractDhServerLevel/]: Closed DHLevel for [Wrapped{ServerLevel[Новый мир]@dimensional_for_respawn:spawnworld}].
[29авг.2026 23:57:41.243] [level shutdown/INFO] [DistantHorizons-DistantHorizons-com.seibel.distanthorizons.core.level.AbstractDhServerLevel/]: Closed DHLevel for [Wrapped{ServerLevel[Новый мир]@minecraft:the_nether}].
[29авг.2026 23:57:41.243] [level shutdown/INFO] [DistantHorizons-DistantHorizons-com.seibel.distanthorizons.core.level.AbstractDhServerLevel/]: Closed DhClientServerLevel for Wrapped{ServerLevel[Новый мир]@dimensional_for_respawn:spawnworld}
[29авг.2026 23:57:41.244] [level shutdown/INFO] [DistantHorizons-DistantHorizons-com.seibel.distanthorizons.core.level.AbstractDhServerLevel/]: Closed DhClientServerLevel for Wrapped{ServerLevel[Новый мир]@minecraft:the_nether}
[29авг.2026 23:57:41.244] [level shutdown/INFO] [DistantHorizons-DistantHorizons-com.seibel.distanthorizons.core.level.AbstractDhServerLevel/]: Closed DhClientServerLevel for Wrapped{ServerLevel[Новый мир]@minecraft:overworld}
[29авг.2026 23:57:41.244] [level shutdown/INFO] [DistantHorizons-DistantHorizons-com.seibel.distanthorizons.core.level.AbstractDhServerLevel/]: Closed DhClientServerLevel for Wrapped{ServerLevel[Новый мир]@minecraft:the_end}
[29авг.2026 23:57:41.244] [Render thread/INFO] [DistantHorizons-DistantHorizons-com.seibel.distanthorizons.core.world.AbstractDhWorld/]: Closed DhWorld of type [CLIENT_SERVER].
[29авг.2026 23:57:41.244] [level shutdown/INFO] [DistantHorizons-DistantHorizons-com.seibel.distanthorizons.core.level.AbstractDhServerLevel/]: Closed DHLevel for [Wrapped{ServerLevel[Новый мир]@dimensional_for_respawn:spawnworld}].
[29авг.2026 23:57:41.245] [level shutdown/INFO] [DistantHorizons-DistantHorizons-com.seibel.distanthorizons.core.level.AbstractDhServerLevel/]: Closed DhClientServerLevel for Wrapped{ServerLevel[Новый мир]@dimensional_for_respawn:spawnworld}
[29авг.2026 23:57:41.245] [level shutdown/INFO] [DistantHorizons-DistantHorizons-com.seibel.distanthorizons.core.level.AbstractDhServerLevel/]: Closed DHLevel for [Wrapped{ServerLevel[Новый мир]@minecraft:the_nether}].
[29авг.2026 23:57:41.245] [level shutdown/INFO] [DistantHorizons-DistantHorizons-com.seibel.distanthorizons.core.level.AbstractDhServerLevel/]: Closed DHLevel for [Wrapped{ServerLevel[Новый мир]@minecraft:overworld}].
[29авг.2026 23:57:41.245] [level shutdown/INFO] [DistantHorizons-DistantHorizons-com.seibel.distanthorizons.core.level.AbstractDhServerLevel/]: Closed DhClientServerLevel for Wrapped{ServerLevel[Новый мир]@minecraft:the_nether}
[29авг.2026 23:57:41.245] [level shutdown/INFO] [DistantHorizons-DistantHorizons-com.seibel.distanthorizons.core.level.AbstractDhServerLevel/]: Closed DHLevel for [Wrapped{ServerLevel[Новый мир]@minecraft:the_end}].
[29авг.2026 23:57:41.245] [level shutdown/INFO] [DistantHorizons-DistantHorizons-com.seibel.distanthorizons.core.level.AbstractDhServerLevel/]: Closed DhClientServerLevel for Wrapped{ServerLevel[Новый мир]@minecraft:overworld}
[29авг.2026 23:57:41.245] [level shutdown/INFO] [DistantHorizons-DistantHorizons-com.seibel.distanthorizons.core.level.AbstractDhServerLevel/]: Closed DhClientServerLevel for Wrapped{ServerLevel[Новый мир]@minecraft:the_end}
[29авг.2026 23:57:41.245] [Render thread/INFO] [DistantHorizons-DistantHorizons-com.seibel.distanthorizons.core.world.AbstractDhWorld/]: Closed DhWorld of type [CLIENT_SERVER].
[29авг.2026 23:57:41.245] [Render thread/INFO] [DistantHorizons-DistantHorizons-com.seibel.distanthorizons.core.util.threading.PriorityTaskPicker/]: Shutting down PriorityTaskPicker thread pool...
[29авг.2026 23:57:44.737] [Render thread/INFO] [DistantHorizons-DistantHorizons-com.seibel.distanthorizons.core.sql.repo.AbstractDhRepo/]: Closing all [4] database connections...
[29авг.2026 23:57:44.737] [Render thread/INFO] [DistantHorizons-DistantHorizons-com.seibel.distanthorizons.core.sql.repo.AbstractDhRepo/]: Closing database connection: [jdbc:dh_sqlite:C:\Users\Mike\AppData\Roaming\.minecraft\versions\create new\saves\Новый мир\DIM1\data\DistantHorizons.sqlite]
[29авг.2026 23:57:44.739] [Render thread/INFO] [DistantHorizons-DistantHorizons-com.seibel.distanthorizons.core.sql.repo.AbstractDhRepo/]: Closing database connection: [jdbc:dh_sqlite:C:\Users\Mike\AppData\Roaming\.minecraft\versions\create new\saves\Новый мир\dimensions\dimensional_for_respawn\spawnworld\data\DistantHorizons.sqlite]
[29авг.2026 23:57:44.739] [Render thread/INFO] [DistantHorizons-DistantHorizons-com.seibel.distanthorizons.core.sql.repo.AbstractDhRepo/]: Closing database connection: [jdbc:dh_sqlite:C:\Users\Mike\AppData\Roaming\.minecraft\versions\create new\saves\Новый мир\DIM-1\data\DistantHorizons.sqlite]
[29авг.2026 23:57:44.740] [Render thread/INFO] [DistantHorizons-DistantHorizons-com.seibel.distanthorizons.core.sql.repo.AbstractDhRepo/]: Closing database connection: [jdbc:dh_sqlite:C:\Users\Mike\AppData\Roaming\.minecraft\versions\create new\saves\Новый мир\data\DistantHorizons.sqlite]
[29авг.2026 23:57:45.692] [Render thread/INFO] [de.mrjulsen.crn.CreateRailwaysNavigator/]: Removed all overlays.
[29авг.2026 23:57:45.692] [Render thread/INFO] [de.mrjulsen.crn.CreateRailwaysNavigator/]: All events have been closed.
[29авг.2026 23:57:45.692] [Render thread/INFO] [DragonLib Networking System/]: Shutting down network threads. Please wait...
[29авг.2026 23:57:45.693] [Render thread/INFO] [DragonLib Networking System/]: Network threads shut down. Took 1ms.
[29авг.2026 23:57:45.695] [Render thread/INFO] [mezz.jei.library.startup.JeiStarter/]: Stopping JEI
[29авг.2026 23:57:45.697] [Render thread/INFO] [mezz.jei.library.load.PluginCaller/]: Sending Runtime Unavailable...
[29авг.2026 23:57:45.697] [Render thread/INFO] [mezz.jei.neoforge.plugins.neoforge.NeoForgeGuiPlugin/]: Stopping JEI GUI
[29авг.2026 23:57:45.704] [Render thread/INFO] [mezz.jei.library.load.PluginCaller/]: Sending Runtime Unavailable took 7.680 milliseconds
[29авг.2026 23:57:45.791] [Server thread/INFO] [net.minecraft.server.network.ServerGamePacketListenerImpl/]: quon7 lost connection: Отключение
[29авг.2026 23:57:45.791] [Server thread/INFO] [net.minecraft.server.MinecraftServer/]: quon7 покинул игру
[29авг.2026 23:57:45.794] [Server thread/INFO] [xaero.pac.OpenPartiesAndClaims/]: Updating all forceload tickets for c75ee2a7-ed4d-11f0-8ede-9c6b00470e68
[29авг.2026 23:57:45.795] [Server thread/INFO] [DistantHorizons-DistantHorizons-com.seibel.distanthorizons.core.api.internal.ServerApi/]: Player [quon7] disconnected.
[29авг.2026 23:57:45.838] [Server thread/INFO] [net.minecraft.server.network.ServerCommonPacketListenerImpl/]: Stopping singleplayer server as player logged out
[29авг.2026 23:57:45.849] [Server thread/INFO] [de.mrjulsen.crn.CreateRailwaysNavigator/]: Stopping train listener...
[29авг.2026 23:57:45.849] [Server thread/INFO] [de.mrjulsen.crn.CreateRailwaysNavigator/]: Stopping Advanced Display Data Manager...
[29авг.2026 23:57:45.850] [Server thread/INFO] [de.mrjulsen.crn.CreateRailwaysNavigator/]: All events have been closed.
[29авг.2026 23:57:45.883] [Server thread/INFO] [STDOUT/]: [com.Pink_Cats.createschematicchecker.database.SingleLog:close:118]: Log writer closed: C:\Users\Mike\AppData\Roaming\.minecraft\versions\create new\config\CSC\Log\CSC_Record.log
[29авг.2026 23:57:45.883] [Server thread/INFO] [STDOUT/]: [com.Pink_Cats.createschematicchecker.database.SingleLog:close:118]: Log writer closed: C:\Users\Mike\AppData\Roaming\.minecraft\versions\create new\config\CSC\CSC_Warn.log
[29авг.2026 23:57:45.890] [Server thread/INFO] [net.minecraft.server.MinecraftServer/]: Stopping server
[29авг.2026 23:57:45.890] [Server thread/INFO] [net.minecraft.server.MinecraftServer/]: Saving players
[29авг.2026 23:57:45.890] [Server thread/INFO] [net.minecraft.server.MinecraftServer/]: Saving worlds
[29авг.2026 23:57:46.101] [Server thread/INFO] [net.minecraft.server.MinecraftServer/]: Saving chunks for level 'ServerLevel[Новый мир]'/minecraft:overworld
[29авг.2026 23:57:46.101] [Server thread/INFO] [dev.ryanhcode.sable.Sable/]: Saving sub-levels for level 'ServerLevel[Новый мир]'/minecraft:overworld
[29авг.2026 23:57:46.599] [Server thread/INFO] [net.minecraft.server.MinecraftServer/]: Saving chunks for level 'ServerLevel[Новый мир]'/dimensional_for_respawn:spawnworld
[29авг.2026 23:57:46.600] [Server thread/INFO] [dev.ryanhcode.sable.Sable/]: Saving sub-levels for level 'ServerLevel[Новый мир]'/dimensional_for_respawn:spawnworld
[29авг.2026 23:57:46.614] [Server thread/INFO] [net.minecraft.server.MinecraftServer/]: Saving chunks for level 'ServerLevel[Новый мир]'/minecraft:the_end
[29авг.2026 23:57:46.614] [Server thread/INFO] [dev.ryanhcode.sable.Sable/]: Saving sub-levels for level 'ServerLevel[Новый мир]'/minecraft:the_end
[29авг.2026 23:57:46.628] [Server thread/INFO] [net.minecraft.server.MinecraftServer/]: Saving chunks for level 'ServerLevel[Новый мир]'/minecraft:the_nether
[29авг.2026 23:57:46.628] [Server thread/INFO] [dev.ryanhcode.sable.Sable/]: Saving sub-levels for level 'ServerLevel[Новый мир]'/minecraft:the_nether
[29авг.2026 23:57:46.647] [Server thread/INFO] [net.minecraft.server.MinecraftServer/]: ThreadedAnvilChunkStorage (Новый мир): All chunks are saved
[29авг.2026 23:57:46.648] [Server thread/INFO] [net.minecraft.server.MinecraftServer/]: ThreadedAnvilChunkStorage (spawnworld): All chunks are saved
[29авг.2026 23:57:46.648] [Server thread/INFO] [net.minecraft.server.MinecraftServer/]: ThreadedAnvilChunkStorage (DIM1): All chunks are saved
[29авг.2026 23:57:46.648] [Server thread/INFO] [net.minecraft.server.MinecraftServer/]: ThreadedAnvilChunkStorage (DIM-1): All chunks are saved
[29авг.2026 23:57:46.648] [Server thread/INFO] [net.minecraft.server.MinecraftServer/]: ThreadedAnvilChunkStorage: All dimensions are saved
[29авг.2026 23:57:47.338] [Advanced Display Data Manager/INFO] [de.mrjulsen.crn.CreateRailwaysNavigator/]: Advanced Display Data Manager has been stopped.
[29авг.2026 23:57:47.338] [CRN Train Listener/INFO] [de.mrjulsen.crn.CreateRailwaysNavigator/]: Train listener has been stopped.
[29авг.2026 23:57:47.961] [Server thread/INFO] [Chunk Activity Tracker/]: Server stopping, clearing chunk activity tracking map.
[29авг.2026 23:57:47.963] [Server thread/INFO] [Framework/]: Unloading server configs...
[29авг.2026 23:57:47.965] [Server thread/INFO] [Framework/]: Sending config unload event for backpacked.backpack.toml
[29авг.2026 23:57:47.966] [Server thread/INFO] [Framework/]: Sending config unload event for backpacked.wandering_trader.toml
[29авг.2026 23:57:47.966] [Server thread/INFO] [Framework/]: Sending config unload event for backpacked.pickpocketing.toml
[29авг.2026 23:57:47.966] [Server thread/INFO] [Framework/]: Sending config unload event for backpacked.augments.toml
[29авг.2026 23:57:47.966] [Server thread/INFO] [Framework/]: Finished unloading server configs
[29авг.2026 23:57:47.968] [Server thread/INFO] [xaero.pac.OpenPartiesAndClaims/]: Stopping IO worker...
[29авг.2026 23:57:47.971] [Server thread/INFO] [xaero.pac.OpenPartiesAndClaims/]: Stopped IO worker!
[29авг.2026 23:57:47.978] [Server thread/INFO] [Puzzles Lib/]: Dispatching unloading event for config leavesbegone-server.toml
[29авг.2026 23:57:47.978] [Server thread/INFO] [Puzzles Lib/]: Dispatching unloading event for config easyanvils-server.toml
[29авг.2026 23:57:47.979] [Server thread/INFO] [Puzzles Lib/]: Dispatching unloading event for config pickupnotifier\pickupnotifier-server.toml
[29авг.2026 23:57:48.025] [Server thread/INFO] [Puzzles Lib/]: Dispatching unloading event for config tradingpost-server.toml
[29авг.2026 23:57:48.027] [Server thread/INFO] [Puzzles Lib/]: Dispatching unloading event for config easymagic-server.toml
[29авг.2026 23:57:48.042] [Render thread/INFO] [ChunkBuilder/]: Stopping worker threads
[29авг.2026 23:57:48.227] [Render thread/INFO] [Entity Texture Features/]: [ETF]: emissive suffixes loaded: [_e]
[29авг.2026 23:57:48.230] [Render thread/INFO] [Entity Texture Features/]: [ETF]: emissive suffixes loaded: [_e]
[29авг.2026 23:57:49.186] [Render thread/INFO] [net.minecraft.client.Minecraft/]: Stopping!
[29авг.2026 23:57:49.192] [Render thread/INFO] [de.mrjulsen.crn.CreateRailwaysNavigator/]: Removed all overlays.
[29авг.2026 23:57:49.192] [Render thread/INFO] [de.mrjulsen.crn.CreateRailwaysNavigator/]: All events have been closed.
[29авг.2026 23:57:49.230] [Render thread/INFO] [Entity Texture Features/]: [ETF]: emissive suffixes loaded: [_e]
[29авг.2026 23:57:49.234] [Render thread/INFO] [Entity Texture Features/]: [ETF]: emissive suffixes loaded: [_e]
[29авг.2026 23:57:49.752] [Render thread/INFO] [de.keksuccino.fancymenu.util.rendering.ui.cursor.CursorHandler/]: [FANCYMENU] Releasing FancyMenu-owned GLFW cursors during client shutdown..
[29авг.2026 23:57:49.877] [Thread-12/INFO] [com.finchy.pipeorgans.PipeOrgans/]: Closing selected MIDI device...
